ISO-10303-21;
HEADER;
FILE_DESCRIPTION (( 'STEP AP214' ),
    '1' );
FILE_NAME ('PCB separator 2.STEP',
    '2026-09-25T06:45:55',
    ( '' ),
    ( '' ),
    'SwSTEP 2.0',
    'SolidWorks 2026',
    '' );
FILE_SCHEMA (( 'AUTOMOTIVE_DESIGN' ));
ENDSEC;

DATA;
#1 = ORIENTED_EDGE ( 'NONE', *, *, #5637, .F. ) ;
#2 = LINE ( 'NONE', #4379, #4995 ) ;
#3 = DIRECTION ( 'NONE',  ( 1.214306433183764966E-16, -1.000000000000000000, -0.000000000000000000 ) ) ;
#4 = DIRECTION ( 'NONE',  ( -1.000000000000000000, 0.000000000000000000, -6.240319029684725998E-16 ) ) ;
#5 = DIRECTION ( 'NONE',  ( 0.000000000000000000, 0.000000000000000000, 1.000000000000000000 ) ) ;
#6 = CIRCLE ( 'NONE', #3787, 4.000000000000003553 ) ;
#7 = ORIENTED_EDGE ( 'NONE', *, *, #2722, .T. ) ;
#8 = CARTESIAN_POINT ( 'NONE',  ( 17.91891372578181674, 2.000000000000000000, 93.50188770989296927 ) ) ;
#9 = ORIENTED_EDGE ( 'NONE', *, *, #2672, .F. ) ;
#10 = CIRCLE ( 'NONE', #1858, 4.000000000000003553 ) ;
#11 = DIRECTION ( 'NONE',  ( -1.214306433183764966E-16, 1.000000000000000000, 0.000000000000000000 ) ) ;
#12 = FACE_OUTER_BOUND ( 'NONE', #2239, .T. ) ;
#13 = CARTESIAN_POINT ( 'NONE',  ( 41.28116970213874026, 2.000000000000000000, 102.4981376785882219 ) ) ;
#14 = VERTEX_POINT ( 'NONE', #4509 ) ;
#15 = AXIS2_PLACEMENT_3D ( 'NONE', #6165, #2879, #3906 ) ;
#16 = VERTEX_POINT ( 'NONE', #1790 ) ;
#17 = CARTESIAN_POINT ( 'NONE',  ( 21.91891372578183450, 2.000000000000000000, 93.50188770989298348 ) ) ;
#18 = EDGE_LOOP ( 'NONE', ( #1662, #6997, #5449, #2820 ) ) ;
#19 = DIRECTION ( 'NONE',  ( -1.214306433183764966E-16, 1.000000000000000000, 0.000000000000000000 ) ) ;
#20 = VECTOR ( 'NONE', #1182, 1000.000000000000000 ) ;
#21 = CARTESIAN_POINT ( 'NONE',  ( 154.2011697012675597, 9.500000000000000000, 40.02827608974848772 ) ) ;
#22 = CARTESIAN_POINT ( 'NONE',  ( 153.2011697012675597, 9.500000000000000000, 106.4981376785883072 ) ) ;
#23 = CIRCLE ( 'NONE', #5839, 4.000000000000003553 ) ;
#24 = CARTESIAN_POINT ( 'NONE',  ( 46.28116970213874026, 2.000000000000000000, 58.26711895504224969 ) ) ;
#25 = CARTESIAN_POINT ( 'NONE',  ( 46.28116970213874026, 2.000000000000001776, 97.50188770989196030 ) ) ;
#26 = EDGE_LOOP ( 'NONE', ( #3355, #5768, #5131, #4985, #1719, #3321, #2673, #1707 ) ) ;
#27 = CARTESIAN_POINT ( 'NONE',  ( 149.2011697012675597, 9.500000000000000000, 159.9717239102517681 ) ) ;
#28 = EDGE_CURVE ( 'NONE', #6230, #6843, #4542, .T. ) ;
#29 = AXIS2_PLACEMENT_3D ( 'NONE', #550, #2331, #1750 ) ;
#30 = EDGE_LOOP ( 'NONE', ( #2867, #2404, #5458, #1773 ) ) ;
#31 = ORIENTED_EDGE ( 'NONE', *, *, #6373, .T. ) ;
#32 = EDGE_LOOP ( 'NONE', ( #763, #4673, #6615, #4873 ) ) ;
#33 = ADVANCED_FACE ( 'NONE', ( #363 ), #1830, .F. ) ;
#34 = DIRECTION ( 'NONE',  ( 0.000000000000000000, 0.000000000000000000, -1.000000000000000000 ) ) ;
#35 = VECTOR ( 'NONE', #2935, 1000.000000000000000 ) ;
#36 = DIRECTION ( 'NONE',  ( 1.214306433183764966E-16, -1.000000000000000000, 0.000000000000000000 ) ) ;
#37 = DIRECTION ( 'NONE',  ( 1.214306433183764966E-16, -1.000000000000000000, 4.330091167351559933E-32 ) ) ;
#38 = VERTEX_POINT ( 'NONE', #5651 ) ;
#39 = EDGE_CURVE ( 'NONE', #6618, #2541, #744, .T. ) ;
#40 = VECTOR ( 'NONE', #881, 1000.000000000000000 ) ;
#41 = DIRECTION ( 'NONE',  ( 1.000000000000000000, 0.000000000000000000, 0.000000000000000000 ) ) ;
#42 = DIRECTION ( 'NONE',  ( 1.214306433183764966E-16, -1.000000000000000000, -0.000000000000000000 ) ) ;
#43 = CARTESIAN_POINT ( 'NONE',  ( 153.2011697012675597, 9.500000000000000000, 124.7369805438819697 ) ) ;
#44 = DIRECTION ( 'NONE',  ( 0.000000000000000000, 0.000000000000000000, 1.000000000000000000 ) ) ;
#45 = PLANE ( 'NONE',  #651 ) ;
#46 = EDGE_CURVE ( 'NONE', #3981, #1111, #3813, .T. ) ;
#47 = ORIENTED_EDGE ( 'NONE', *, *, #6195, .F. ) ;
#48 = CARTESIAN_POINT ( 'NONE',  ( 21.91893948763057409, 9.500000000000000000, 128.7369805438819981 ) ) ;
#49 = APPLICATION_PROTOCOL_DEFINITION ( 'draft international standard', 'automotive_design', 1998, #4369 ) ;
#50 = CARTESIAN_POINT ( 'NONE',  ( 131.2211697014853087, 0.000000000000000000, 102.4981376785882787 ) ) ;
#51 = LINE ( 'NONE', #3243, #2105 ) ;
#52 = EDGE_CURVE ( 'NONE', #3512, #4440, #3272, .T. ) ;
#53 = CARTESIAN_POINT ( 'NONE',  ( 46.28116970213873316, 9.500000000000000000, 40.02827608974841667 ) ) ;
#54 = ORIENTED_EDGE ( 'NONE', *, *, #5424, .T. ) ;
#55 = VECTOR ( 'NONE', #4402, 1000.000000000000000 ) ;
#56 = VERTEX_POINT ( 'NONE', #1592 ) ;
#57 = VERTEX_POINT ( 'NONE', #2079 ) ;
#58 = DIRECTION ( 'NONE',  ( -1.000000000000000000, 0.000000000000000000, -3.859229090095263004E-16 ) ) ;
#59 = AXIS2_PLACEMENT_3D ( 'NONE', #6464, #4317, #3718 ) ;
#60 = LINE ( 'NONE', #161, #2112 ) ;
#61 = FACE_OUTER_BOUND ( 'NONE', #618, .T. ) ;
#62 = DIRECTION ( 'NONE',  ( -1.214306433183764966E-16, 1.000000000000000000, 0.000000000000000000 ) ) ;
#63 = CARTESIAN_POINT ( 'NONE',  ( 6.941169701703141293, 0.000000000000000000, 163.3000063471202736 ) ) ;
#64 = VERTEX_POINT ( 'NONE', #5851 ) ;
#65 = EDGE_CURVE ( 'NONE', #2756, #5721, #1058, .T. ) ;
#66 = AXIS2_PLACEMENT_3D ( 'NONE', #3920, #2746, #2323 ) ;
#67 = VERTEX_POINT ( 'NONE', #6423 ) ;
#68 = ORIENTED_EDGE ( 'NONE', *, *, #1355, .T. ) ;
#69 = VERTEX_POINT ( 'NONE', #4924 ) ;
#70 = DIRECTION ( 'NONE',  ( -2.192383539939093226E-16, 0.000000000000000000, -1.000000000000000000 ) ) ;
#71 = AXIS2_PLACEMENT_3D ( 'NONE', #1532, #6973, #4828 ) ;
#72 = CARTESIAN_POINT ( 'NONE',  ( 158.2011697012675882, 2.000000000000001776, 75.26304484459959099 ) ) ;
#73 = VERTEX_POINT ( 'NONE', #2638 ) ;
#74 = FACE_OUTER_BOUND ( 'NONE', #268, .T. ) ;
#75 = CARTESIAN_POINT ( 'NONE',  ( 182.5411697017030974, 0.000000000000000000, 36.70000634712027932 ) ) ;
#76 = EDGE_CURVE ( 'NONE', #1003, #2918, #3671, .T. ) ;
#77 = DIRECTION ( 'NONE',  ( 1.214306433183764966E-16, -1.000000000000000000, 8.660182334703126435E-32 ) ) ;
#78 = FACE_OUTER_BOUND ( 'NONE', #5130, .T. ) ;
#79 = FACE_OUTER_BOUND ( 'NONE', #5447, .T. ) ;
#80 = ORIENTED_EDGE ( 'NONE', *, *, #4994, .T. ) ;
#81 = PLANE ( 'NONE',  #6826 ) ;
#82 = APPLICATION_PROTOCOL_DEFINITION ( 'draft international standard', 'automotive_design', 1998, #3406 ) ;
#83 = EDGE_CURVE ( 'NONE', #2731, #1214, #1087, .T. ) ;
#84 = DIRECTION ( 'NONE',  ( -0.000000000000000000, 1.000000000000000000, -0.000000000000000000 ) ) ;
#85 = DIRECTION ( 'NONE',  ( -1.214306433183764966E-16, 1.000000000000000000, 0.000000000000000000 ) ) ;
#86 = AXIS2_PLACEMENT_3D ( 'NONE', #2545, #3012, #6295 ) ;
#87 = EDGE_CURVE ( 'NONE', #3459, #3655, #3207, .T. ) ;
#88 = FACE_OUTER_BOUND ( 'NONE', #2925, .T. ) ;
#89 = ORIENTED_EDGE ( 'NONE', *, *, #5955, .T. ) ;
#90 = VECTOR ( 'NONE', #3810, 1000.000000000000000 ) ;
#91 = ORIENTED_EDGE ( 'NONE', *, *, #5418, .T. ) ;
#92 = EDGE_LOOP ( 'NONE', ( #6531, #6972, #103, #5369, #4205, #4319, #476, #1686 ) ) ;
#93 = LINE ( 'NONE', #6147, #3738 ) ;
#94 = FACE_OUTER_BOUND ( 'NONE', #629, .T. ) ;
#95 = DIRECTION ( 'NONE',  ( 0.000000000000000000, 0.000000000000000000, 1.000000000000000000 ) ) ;
#96 = DIRECTION ( 'NONE',  ( 0.000000000000000000, 0.000000000000000000, -1.000000000000000000 ) ) ;
#97 = CARTESIAN_POINT ( 'NONE',  ( 100.2411697017031003, 9.500000000000000000, 106.4981376785882645 ) ) ;
#98 = ORIENTED_EDGE ( 'NONE', *, *, #637, .T. ) ;
#99 = VECTOR ( 'NONE', #5128, 1000.000000000000000 ) ;
#100 = VERTEX_POINT ( 'NONE', #4851 ) ;
#101 = EDGE_LOOP ( 'NONE', ( #6601, #4996, #3356, #1747 ) ) ;
#102 = AXIS2_PLACEMENT_3D ( 'NONE', #1798, #3441, #710 ) ;
#103 = ORIENTED_EDGE ( 'NONE', *, *, #1265, .F. ) ;
#104 = CARTESIAN_POINT ( 'NONE',  ( 153.2011697012675597, 9.500000000000000000, 58.26711895504224259 ) ) ;
#105 = CARTESIAN_POINT ( 'NONE',  ( 95.24116970170310026, 9.500000000000000000, 36.02827608974845219 ) ) ;
#106 = AXIS2_PLACEMENT_3D ( 'NONE', #1221, #6166, #1768 ) ;
#107 = VERTEX_POINT ( 'NONE', #5995 ) ;
#108 = EDGE_CURVE ( 'NONE', #2043, #3459, #2383, .T. ) ;
#109 = EDGE_CURVE ( 'NONE', #3628, #2639, #6995, .T. ) ;
#110 = CARTESIAN_POINT ( 'NONE',  ( 153.2011697012675597, 9.500000000000000000, 93.50188770989299769 ) ) ;
#111 = AXIS2_PLACEMENT_3D ( 'NONE', #5763, #3089, #6911 ) ;
#112 = FACE_OUTER_BOUND ( 'NONE', #3248, .T. ) ;
#113 = LINE ( 'NONE', #5481, #3366 ) ;
#114 = PLANE ( 'NONE',  #5730 ) ;
#115 = CARTESIAN_POINT ( 'NONE',  ( 99.24116970170310026, 2.000000000000001776, 163.9717239102513986 ) ) ;
#116 = EDGE_CURVE ( 'NONE', #2115, #2392, #4548, .T. ) ;
#117 = EDGE_LOOP ( 'NONE', ( #5630, #4518, #2685, #3766, #1002, #5268, #3999, #592 ) ) ;
#118 = LINE ( 'NONE', #1775, #4316 ) ;
#119 = CARTESIAN_POINT ( 'NONE',  ( 50.28116970213873316, 5.000000000000003553, 62.26711895504224969 ) ) ;
#120 = CARTESIAN_POINT ( 'NONE',  ( 95.24116970170312868, 9.500000000000000000, 71.26304484459957678 ) ) ;
#121 = DIRECTION ( 'NONE',  ( 0.000000000000000000, 0.000000000000000000, 1.000000000000000000 ) ) ;
#122 = CARTESIAN_POINT ( 'NONE',  ( 104.2411697017031003, 2.000000000000001776, 71.26304484459957678 ) ) ;
#123 = AXIS2_PLACEMENT_3D ( 'NONE', #2563, #953, #323 ) ;
#124 = EDGE_CURVE ( 'NONE', #6650, #3559, #6491, .T. ) ;
#125 = EDGE_CURVE ( 'NONE', #1908, #6667, #499, .T. ) ;
#126 = ORIENTED_EDGE ( 'NONE', *, *, #4464, .T. ) ;
#127 = CARTESIAN_POINT ( 'NONE',  ( 50.28116970213872605, 9.500000000000000000, 102.4981376785882219 ) ) ;
#128 = VERTEX_POINT ( 'NONE', #4241 ) ;
#129 = DIRECTION ( 'NONE',  ( -1.000000000000000000, 0.000000000000000000, 1.308519863344574538E-16 ) ) ;
#130 = DIRECTION ( 'NONE',  ( 0.000000000000000000, 1.000000000000000000, 0.000000000000000000 ) ) ;
#131 = CARTESIAN_POINT ( 'NONE',  ( 192.5411697017030974, 9.500000000000000000, 36.70000634712027932 ) ) ;
#132 = DIRECTION ( 'NONE',  ( 1.214306433183764966E-16, -1.000000000000000000, 7.577659542865232346E-32 ) ) ;
#133 = AXIS2_PLACEMENT_3D ( 'NONE', #5066, #1822, #3499 ) ;
#134 = VERTEX_POINT ( 'NONE', #2185 ) ;
#135 = VECTOR ( 'NONE', #6805, 1000.000000000000000 ) ;
#136 = AXIS2_PLACEMENT_3D ( 'NONE', #2606, #3212, #1560 ) ;
#137 = ORIENTED_EDGE ( 'NONE', *, *, #2852, .T. ) ;
#138 = CARTESIAN_POINT ( 'NONE',  ( 77.26116970192093447, 9.500000000000000000, 58.26711895504224969 ) ) ;
#139 = FACE_OUTER_BOUND ( 'NONE', #2440, .T. ) ;
#140 = AXIS2_PLACEMENT_3D ( 'NONE', #3081, #3582, #3549 ) ;
#141 = EDGE_LOOP ( 'NONE', ( #5191, #1110, #1042, #1133, #1685, #5660, #3885, #1096 ) ) ;
#142 = CARTESIAN_POINT ( 'NONE',  ( 126.2211697014853087, 2.000000000000000000, 75.26304484459959099 ) ) ;
#143 = ORIENTED_EDGE ( 'NONE', *, *, #5336, .T. ) ;
#144 = CARTESIAN_POINT ( 'NONE',  ( 46.28116970213874026, -26.25789166916415951, 102.4981376785893161 ) ) ;
#145 = DIRECTION ( 'NONE',  ( 1.000000000000000000, 1.214306433183764966E-16, 0.000000000000000000 ) ) ;
#146 = DIRECTION ( 'NONE',  ( 1.000000000000000000, 1.214306433183764966E-16, 0.000000000000000000 ) ) ;
#147 = DIRECTION ( 'NONE',  ( 1.000000000000000000, 0.000000000000000000, 0.000000000000000000 ) ) ;
#148 = LINE ( 'NONE', #2350, #5240 ) ;
#149 = EDGE_CURVE ( 'NONE', #4789, #1907, #1572, .T. ) ;
#150 = AXIS2_PLACEMENT_3D ( 'NONE', #5247, #5214, #4576 ) ;
#151 = ORIENTED_EDGE ( 'NONE', *, *, #2488, .F. ) ;
#152 = LINE ( 'NONE', #3916, #1116 ) ;
#153 = AXIS2_PLACEMENT_3D ( 'NONE', #6418, #2144, #6344 ) ;
#154 = PLANE ( 'NONE',  #2119 ) ;
#155 = CYLINDRICAL_SURFACE ( 'NONE', #5505, 4.000000000000003553 ) ;
#156 = AXIS2_PLACEMENT_3D ( 'NONE', #679, #1296, #377 ) ;
#157 = VERTEX_POINT ( 'NONE', #8 ) ;
#158 = DIRECTION ( 'NONE',  ( 1.214306433183764966E-16, -1.000000000000000000, 7.577659542865232346E-32 ) ) ;
#159 = ORIENTED_EDGE ( 'NONE', *, *, #3684, .T. ) ;
#160 = DIRECTION ( 'NONE',  ( 0.000000000000000000, 1.000000000000000000, 0.000000000000000000 ) ) ;
#161 = CARTESIAN_POINT ( 'NONE',  ( 158.2011697012675882, 0.000000000000000000, 137.7328810449583330 ) ) ;
#162 = DIRECTION ( 'NONE',  ( -0.000000000000000000, 1.000000000000000000, -0.000000000000000000 ) ) ;
#163 = CARTESIAN_POINT ( 'NONE',  ( 154.2011697012675597, 9.500000000000000000, 106.4981376785883072 ) ) ;
#164 = CARTESIAN_POINT ( 'NONE',  ( 21.91893948763057409, 2.000000000000000000, 62.26711895504224969 ) ) ;
#165 = ORIENTED_EDGE ( 'NONE', *, *, #4478, .T. ) ;
#166 = AXIS2_PLACEMENT_3D ( 'NONE', #3072, #1443, #2604 ) ;
#167 = AXIS2_PLACEMENT_3D ( 'NONE', #1456, #2955, #6773 ) ;
#168 = ORIENTED_EDGE ( 'NONE', *, *, #391, .T. ) ;
#169 = ORIENTED_EDGE ( 'NONE', *, *, #1602, .T. ) ;
#170 = DIRECTION ( 'NONE',  ( 1.000000000000000000, 0.000000000000000000, -1.782948589251572672E-16 ) ) ;
#171 = ORIENTED_EDGE ( 'NONE', *, *, #5817, .T. ) ;
#172 = ADVANCED_FACE ( 'NONE', ( #2741 ), #3140, .F. ) ;
#173 = EDGE_CURVE ( 'NONE', #4525, #4723, #4778, .T. ) ;
#174 = LINE ( 'NONE', #5794, #4453 ) ;
#175 = AXIS2_PLACEMENT_3D ( 'NONE', #4858, #964, #5351 ) ;
#176 = VERTEX_POINT ( 'NONE', #991 ) ;
#177 = DIRECTION ( 'NONE',  ( 0.000000000000000000, 0.000000000000000000, 1.000000000000000000 ) ) ;
#178 = ORIENTED_EDGE ( 'NONE', *, *, #563, .T. ) ;
#179 = AXIS2_PLACEMENT_3D ( 'NONE', #714, #1252, #41 ) ;
#180 = DIRECTION ( 'NONE',  ( 1.000000000000000000, 0.000000000000000000, 3.565896588391270872E-16 ) ) ;
#181 = LINE ( 'NONE', #5020, #4342 ) ;
#182 = FACE_OUTER_BOUND ( 'NONE', #5795, .T. ) ;
#183 = CARTESIAN_POINT ( 'NONE',  ( 73.26116970192092026, 9.500000000000000000, 75.26304484459959099 ) ) ;
#184 = CARTESIAN_POINT ( 'NONE',  ( 16.94116970170314218, 0.000000000000000000, 173.3000063471202736 ) ) ;
#185 = VERTEX_POINT ( 'NONE', #3173 ) ;
#186 = ORIENTED_EDGE ( 'NONE', *, *, #7005, .T. ) ;
#187 = LINE ( 'NONE', #1194, #3404 ) ;
#188 = DIRECTION ( 'NONE',  ( 1.214306433183764966E-16, -1.000000000000000000, -2.165045941964102761E-32 ) ) ;
#189 = CARTESIAN_POINT ( 'NONE',  ( 72.26116970192092026, 1.999999999999998224, 163.9717239102512281 ) ) ;
#190 = ORIENTED_EDGE ( 'NONE', *, *, #698, .F. ) ;
#191 = AXIS2_PLACEMENT_3D ( 'NONE', #5430, #5463, #6538 ) ;
#192 = CARTESIAN_POINT ( 'NONE',  ( 149.2011697012675597, -26.25789166916414530, 124.7369805438819697 ) ) ;
#193 = VERTEX_POINT ( 'NONE', #5343 ) ;
#194 = LINE ( 'NONE', #1412, #2480 ) ;
#195 = DIRECTION ( 'NONE',  ( 1.214306433183764966E-16, -1.000000000000000000, 0.000000000000000000 ) ) ;
#196 = CARTESIAN_POINT ( 'NONE',  ( 77.26116970192093447, 0.000000000000000000, 71.26304484459957678 ) ) ;
#197 = DIRECTION ( 'NONE',  ( 1.214306433183764966E-16, -1.000000000000000000, 0.000000000000000000 ) ) ;
#198 = DIRECTION ( 'NONE',  ( 7.131793176782546675E-16, 0.000000000000000000, -1.000000000000000000 ) ) ;
#199 = AXIS2_PLACEMENT_3D ( 'NONE', #6187, #1278, #2365 ) ;
#200 = ADVANCED_FACE ( 'NONE', ( #2114 ), #4277, .F. ) ;
#201 = DIRECTION ( 'NONE',  ( -1.214306433183764966E-16, 1.000000000000000000, -4.330091167351559933E-32 ) ) ;
#202 = ORIENTED_EDGE ( 'NONE', *, *, #5917, .T. ) ;
#203 = ORIENTED_EDGE ( 'NONE', *, *, #1356, .F. ) ;
#204 = FACE_OUTER_BOUND ( 'NONE', #6793, .T. ) ;
#205 = LINE ( 'NONE', #1875, #1398 ) ;
#206 = CIRCLE ( 'NONE', #2620, 10.00000000000000178 ) ;
#207 = ORIENTED_EDGE ( 'NONE', *, *, #3728, .T. ) ;
#208 = DIRECTION ( 'NONE',  ( 0.000000000000000000, 1.000000000000000000, 0.000000000000000000 ) ) ;
#209 = EDGE_LOOP ( 'NONE', ( #1781, #1478, #54, #5657 ) ) ;
#210 = AXIS2_PLACEMENT_3D ( 'NONE', #2569, #5779, #4174 ) ;
#211 = EDGE_CURVE ( 'NONE', #6259, #2043, #1700, .T. ) ;
#212 = EDGE_LOOP ( 'NONE', ( #407, #6285, #981, #6201 ) ) ;
#213 = DIRECTION ( 'NONE',  ( -0.000000000000000000, 1.000000000000000000, -0.000000000000000000 ) ) ;
#214 = CARTESIAN_POINT ( 'NONE',  ( 73.26116970192092026, 9.500000000000000000, 106.4981376785882503 ) ) ;
#215 = FACE_OUTER_BOUND ( 'NONE', #6414, .T. ) ;
#216 = DIRECTION ( 'NONE',  ( 1.214306433183764966E-16, -1.000000000000000000, 7.577659542865232346E-32 ) ) ;
#217 = AXIS2_PLACEMENT_3D ( 'NONE', #2920, #5664, #4594 ) ;
#218 = DIRECTION ( 'NONE',  ( 0.000000000000000000, 1.000000000000000000, 0.000000000000000000 ) ) ;
#219 = ORIENTED_EDGE ( 'NONE', *, *, #678, .F. ) ;
#220 = VERTEX_POINT ( 'NONE', #4424 ) ;
#221 = CIRCLE ( 'NONE', #3206, 10.00000000000000888 ) ;
#222 = CARTESIAN_POINT ( 'NONE',  ( 50.28116970213873316, -26.25789166916415951, 40.02827608974841667 ) ) ;
#223 = CARTESIAN_POINT ( 'NONE',  ( 99.24116970170310026, 9.500000000000000000, 159.9717239102517681 ) ) ;
#224 = ORIENTED_EDGE ( 'NONE', *, *, #795, .F. ) ;
#225 = CARTESIAN_POINT ( 'NONE',  ( 158.2011697012675882, 5.000000000000000888, 128.7369805438819697 ) ) ;
#226 = VERTEX_POINT ( 'NONE', #2926 ) ;
#227 = DIRECTION ( 'NONE',  ( -1.214306433183764966E-16, 1.000000000000000000, -4.330091167351559933E-32 ) ) ;
#228 = DIRECTION ( 'NONE',  ( 0.000000000000000000, 0.000000000000000000, -1.000000000000000000 ) ) ;
#229 = DIRECTION ( 'NONE',  ( 0.000000000000000000, 0.000000000000000000, -1.000000000000000000 ) ) ;
#230 = CYLINDRICAL_SURFACE ( 'NONE', #4757, 4.000000000000003553 ) ;
#231 = VERTEX_POINT ( 'NONE', #2814 ) ;
#232 = VECTOR ( 'NONE', #2066, 1000.000000000000000 ) ;
#233 = EDGE_LOOP ( 'NONE', ( #4256, #2167, #4180, #2582 ) ) ;
#234 = VERTEX_POINT ( 'NONE', #6028 ) ;
#235 = ORIENTED_EDGE ( 'NONE', *, *, #1481, .T. ) ;
#236 = CARTESIAN_POINT ( 'NONE',  ( 100.2411697017031003, -7.723691345436736938E-31, 93.50188770989298348 ) ) ;
#237 = AXIS2_PLACEMENT_3D ( 'NONE', #2425, #4036, #6216 ) ;
#238 = LINE ( 'NONE', #6229, #3695 ) ;
#239 = ADVANCED_FACE ( 'NONE', ( #3453 ), #81, .F. ) ;
#240 = ORIENTED_EDGE ( 'NONE', *, *, #4731, .F. ) ;
#241 = DIRECTION ( 'NONE',  ( -1.214306433183764966E-16, 1.000000000000000000, -0.000000000000000000 ) ) ;
#242 = EDGE_CURVE ( 'NONE', #5688, #5476, #187, .T. ) ;
#243 = CIRCLE ( 'NONE', #1507, 4.000000000000003553 ) ;
#244 = CIRCLE ( 'NONE', #1059, 4.000000000000003553 ) ;
#245 = ORIENTED_EDGE ( 'NONE', *, *, #1966, .F. ) ;
#246 = ORIENTED_EDGE ( 'NONE', *, *, #4955, .T. ) ;
#247 = DIRECTION ( 'NONE',  ( 1.000000000000000000, 0.000000000000000000, 0.000000000000000000 ) ) ;
#248 = DIRECTION ( 'NONE',  ( -0.000000000000000000, 1.000000000000000000, -0.000000000000000000 ) ) ;
#249 = CARTESIAN_POINT ( 'NONE',  ( 77.26116970192093447, 9.500000000000000000, 124.7369805438819839 ) ) ;
#250 = CARTESIAN_POINT ( 'NONE',  ( 158.2011697012675882, 9.500000000000000000, 128.7369805438819697 ) ) ;
#251 = CARTESIAN_POINT ( 'NONE',  ( 21.91893948763057409, 0.000000000000000000, 62.26711895504224969 ) ) ;
#252 = VERTEX_POINT ( 'NONE', #5632 ) ;
#253 = ORIENTED_EDGE ( 'NONE', *, *, #6675, .F. ) ;
#254 = DIRECTION ( 'NONE',  ( -0.000000000000000000, 1.000000000000000000, -0.000000000000000000 ) ) ;
#255 = DIRECTION ( 'NONE',  ( -0.000000000000000000, 1.000000000000000000, -0.000000000000000000 ) ) ;
#256 = AXIS2_PLACEMENT_3D ( 'NONE', #3918, #3274, #4426 ) ;
#257 = EDGE_CURVE ( 'NONE', #374, #1876, #2835, .T. ) ;
#258 = ORIENTED_EDGE ( 'NONE', *, *, #6957, .F. ) ;
#259 = AXIS2_PLACEMENT_3D ( 'NONE', #1019, #2632, #5888 ) ;
#260 = CARTESIAN_POINT ( 'NONE',  ( 122.2211697014853087, 1.999999999999998224, 128.7369805438819697 ) ) ;
#261 = ORIENTED_EDGE ( 'NONE', *, *, #4951, .T. ) ;
#262 = DIRECTION ( 'NONE',  ( 0.000000000000000000, 0.000000000000000000, 1.000000000000000000 ) ) ;
#263 = PLANE ( 'NONE',  #5867 ) ;
#264 = DIRECTION ( 'NONE',  ( 0.000000000000000000, 0.000000000000000000, 1.000000000000000000 ) ) ;
#265 = DIRECTION ( 'NONE',  ( -1.214306433183764966E-16, 1.000000000000000000, 0.000000000000000000 ) ) ;
#266 = ORIENTED_EDGE ( 'NONE', *, *, #4740, .F. ) ;
#267 = ORIENTED_EDGE ( 'NONE', *, *, #1263, .F. ) ;
#268 = EDGE_LOOP ( 'NONE', ( #782, #5537, #3518, #6713 ) ) ;
#269 = DIRECTION ( 'NONE',  ( 1.000000000000000000, 0.000000000000000000, 3.565896588391270872E-16 ) ) ;
#270 = CARTESIAN_POINT ( 'NONE',  ( 50.28116970213873316, 9.500000000000000000, 97.50188770989296927 ) ) ;
#271 = VERTEX_POINT ( 'NONE', #1229 ) ;
#272 = VECTOR ( 'NONE', #4535, 1000.000000000000000 ) ;
#273 = ORIENTED_EDGE ( 'NONE', *, *, #768, .F. ) ;
#274 = ORIENTED_EDGE ( 'NONE', *, *, #2063, .F. ) ;
#275 = CARTESIAN_POINT ( 'NONE',  ( 77.26116970192093447, 2.000000000000000000, 62.26711895504224969 ) ) ;
#276 = CARTESIAN_POINT ( 'NONE',  ( 154.2011697012675597, 9.500000000000000000, 40.02827608974848772 ) ) ;
#277 = CIRCLE ( 'NONE', #3612, 4.000000000000003553 ) ;
#278 = CARTESIAN_POINT ( 'NONE',  ( 72.26116970192092026, 5.000000000000008882, 93.50188770989296927 ) ) ;
#279 = LINE ( 'NONE', #4061, #5120 ) ;
#280 = ORIENTED_EDGE ( 'NONE', *, *, #2796, .F. ) ;
#281 = ORIENTED_EDGE ( 'NONE', *, *, #2084, .F. ) ;
#282 = CIRCLE ( 'NONE', #2147, 3.999999999999989786 ) ;
#283 = ORIENTED_EDGE ( 'NONE', *, *, #2528, .T. ) ;
#284 = EDGE_CURVE ( 'NONE', #3222, #220, #1262, .T. ) ;
#285 = DIRECTION ( 'NONE',  ( 1.000000000000000000, 0.000000000000000000, 0.000000000000000000 ) ) ;
#286 = LINE ( 'NONE', #4677, #849 ) ;
#287 = LINE ( 'NONE', #4200, #1976 ) ;
#288 = EDGE_CURVE ( 'NONE', #3459, #4545, #152, .T. ) ;
#289 = CIRCLE ( 'NONE', #1558, 4.000000000000017764 ) ;
#290 = EDGE_CURVE ( 'NONE', #1873, #1178, #2889, .T. ) ;
#291 = ORIENTED_EDGE ( 'NONE', *, *, #743, .F. ) ;
#292 = ADVANCED_FACE ( 'NONE', ( #6098 ), #5555, .F. ) ;
#293 = EDGE_CURVE ( 'NONE', #2552, #4323, #5229, .T. ) ;
#294 = CYLINDRICAL_SURFACE ( 'NONE', #939, 4.000000000000003553 ) ;
#295 = DIRECTION ( 'NONE',  ( 1.000000000000000000, 0.000000000000000000, 0.000000000000000000 ) ) ;
#296 = DIRECTION ( 'NONE',  ( -0.000000000000000000, 1.000000000000000000, -0.000000000000000000 ) ) ;
#297 = CARTESIAN_POINT ( 'NONE',  ( 100.2411697017031003, 2.000000000000001776, 141.7328810449583614 ) ) ;
#298 = FACE_OUTER_BOUND ( 'NONE', #6164, .T. ) ;
#299 = LINE ( 'NONE', #4042, #5318 ) ;
#300 = VERTEX_POINT ( 'NONE', #48 ) ;
#301 = AXIS2_PLACEMENT_3D ( 'NONE', #2385, #5060, #1813 ) ;
#302 = ORIENTED_EDGE ( 'NONE', *, *, #6172, .F. ) ;
#303 = ADVANCED_FACE ( 'NONE', ( #2847 ), #685, .F. ) ;
#304 = ORIENTED_EDGE ( 'NONE', *, *, #1860, .F. ) ;
#305 = DIRECTION ( 'NONE',  ( 0.000000000000000000, 1.000000000000000000, 0.000000000000000000 ) ) ;
#306 = CARTESIAN_POINT ( 'NONE',  ( 73.26116970192092026, 5.000000000000007105, 106.4981376785882503 ) ) ;
#307 = EDGE_LOOP ( 'NONE', ( #6029, #1368, #519, #280 ) ) ;
#308 = CIRCLE ( 'NONE', #6836, 4.000000000000003553 ) ;
#309 = EDGE_LOOP ( 'NONE', ( #3905, #169, #6160, #4976 ) ) ;
#310 = AXIS2_PLACEMENT_3D ( 'NONE', #2372, #208, #6693 ) ;
#311 = ORIENTED_EDGE ( 'NONE', *, *, #4338, .F. ) ;
#312 = DIRECTION ( 'NONE',  ( 0.000000000000000000, 0.000000000000000000, -1.000000000000000000 ) ) ;
#313 = DIRECTION ( 'NONE',  ( 4.494882484332465634E-15, 0.000000000000000000, -1.000000000000000000 ) ) ;
#314 = CARTESIAN_POINT ( 'NONE',  ( 126.2211697014853087, 2.000000000000000000, 106.4981376785882787 ) ) ;
#315 = CARTESIAN_POINT ( 'NONE',  ( 100.2411697017031003, 2.000000000000000000, 58.26711895504224969 ) ) ;
#316 = VECTOR ( 'NONE', #4715, 1000.000000000000000 ) ;
#317 = ORIENTED_EDGE ( 'NONE', *, *, #6114, .F. ) ;
#318 = ORIENTED_EDGE ( 'NONE', *, *, #1857, .T. ) ;
#319 = ORIENTED_EDGE ( 'NONE', *, *, #4978, .T. ) ;
#320 = CIRCLE ( 'NONE', #3881, 4.000000000000003553 ) ;
#321 = CARTESIAN_POINT ( 'NONE',  ( 131.2211697014853087, 5.000000000000000888, 97.50188770989299769 ) ) ;
#322 = DIRECTION ( 'NONE',  ( 0.000000000000000000, 0.000000000000000000, -1.000000000000000000 ) ) ;
#323 = DIRECTION ( 'NONE',  ( 1.000000000000000000, 0.000000000000000000, 0.000000000000000000 ) ) ;
#324 = LINE ( 'NONE', #918, #4894 ) ;
#325 = EDGE_CURVE ( 'NONE', #16, #4970, #726, .T. ) ;
#326 = VECTOR ( 'NONE', #2101, 1000.000000000000000 ) ;
#327 = ORIENTED_EDGE ( 'NONE', *, *, #6758, .F. ) ;
#328 = LINE ( 'NONE', #2530, #5845 ) ;
#329 = CARTESIAN_POINT ( 'NONE',  ( 68.26116970192092026, 0.000000000000000000, 163.9717239102517681 ) ) ;
#330 = FACE_OUTER_BOUND ( 'NONE', #5454, .T. ) ;
#331 = LINE ( 'NONE', #2534, #35 ) ;
#332 = CARTESIAN_POINT ( 'NONE',  ( 104.2411697017031003, 9.500000000000000000, 62.26711895504224969 ) ) ;
#333 = LINE ( 'NONE', #2537, #5208 ) ;
#334 = EDGE_CURVE ( 'NONE', #1907, #1651, #118, .T. ) ;
#335 = EDGE_LOOP ( 'NONE', ( #589, #1251, #3756, #3174 ) ) ;
#336 = EDGE_CURVE ( 'NONE', #6814, #1301, #2353, .T. ) ;
#337 = EDGE_CURVE ( 'NONE', #444, #5150, #2492, .T. ) ;
#338 = VERTEX_POINT ( 'NONE', #6595 ) ;
#339 = ORIENTED_EDGE ( 'NONE', *, *, #472, .T. ) ;
#340 = LINE ( 'NONE', #2542, #5781 ) ;
#341 = DIRECTION ( 'NONE',  ( -1.000000000000000000, 0.000000000000000000, -6.240319029684725998E-16 ) ) ;
#342 = AXIS2_PLACEMENT_3D ( 'NONE', #1992, #2028, #943 ) ;
#343 = ORIENTED_EDGE ( 'NONE', *, *, #1142, .F. ) ;
#344 = ADVANCED_FACE ( 'NONE', ( #3550 ), #4117, .F. ) ;
#345 = ORIENTED_EDGE ( 'NONE', *, *, #6699, .F. ) ;
#346 = AXIS2_PLACEMENT_3D ( 'NONE', #1796, #6638, #5564 ) ;
#347 = AXIS2_PLACEMENT_3D ( 'NONE', #6253, #4004, #6185 ) ;
#348 = ORIENTED_EDGE ( 'NONE', *, *, #526, .F. ) ;
#349 = PRESENTATION_STYLE_ASSIGNMENT (( #1988 ) ) ;
#350 = CARTESIAN_POINT ( 'NONE',  ( 16.94116970170314218, 9.500000000000000000, 173.3000063471202736 ) ) ;
#351 = CARTESIAN_POINT ( 'NONE',  ( 68.26116970192092026, 1.999999999999998224, 124.7369805438819981 ) ) ;
#352 = DIRECTION ( 'NONE',  ( 1.000000000000000000, 0.000000000000000000, 0.000000000000000000 ) ) ;
#353 = AXIS2_PLACEMENT_3D ( 'NONE', #490, #7057, #6514 ) ;
#354 = ORIENTED_EDGE ( 'NONE', *, *, #6517, .F. ) ;
#355 = VERTEX_POINT ( 'NONE', #6831 ) ;
#356 = EDGE_LOOP ( 'NONE', ( #6443, #6513, #1286, #6942 ) ) ;
#357 = VECTOR ( 'NONE', #5773, 1000.000000000000000 ) ;
#358 = FACE_OUTER_BOUND ( 'NONE', #2328, .T. ) ;
#359 = DIRECTION ( 'NONE',  ( 0.000000000000000000, 0.000000000000000000, 1.000000000000000000 ) ) ;
#360 = CARTESIAN_POINT ( 'NONE',  ( 181.5912666817638126, 0.000000000000000000, 58.26711895504225680 ) ) ;
#361 = DIRECTION ( 'NONE',  ( 1.214306433183764966E-16, -1.000000000000000000, -0.000000000000000000 ) ) ;
#362 = VECTOR ( 'NONE', #2230, 1000.000000000000000 ) ;
#363 = FACE_OUTER_BOUND ( 'NONE', #3438, .T. ) ;
#364 = EDGE_LOOP ( 'NONE', ( #2278, #1060, #5715, #5873 ) ) ;
#365 = CARTESIAN_POINT ( 'NONE',  ( 21.91893948763057409, 2.000000000000000000, 62.26711895504224969 ) ) ;
#366 = CARTESIAN_POINT ( 'NONE',  ( 127.2211697014853087, 1.999999999999998224, 75.26304484459959099 ) ) ;
#367 = CARTESIAN_POINT ( 'NONE',  ( 46.28116970213873316, 9.500000000000000000, 75.26304484459959099 ) ) ;
#368 = CARTESIAN_POINT ( 'NONE',  ( 16.94116970170314218, 9.500000000000000000, 163.3000063471202736 ) ) ;
#369 = CARTESIAN_POINT ( 'NONE',  ( 21.91893948763057409, 0.000000000000000000, 128.7369805438819981 ) ) ;
#370 = LINE ( 'NONE', #3608, #4527 ) ;
#371 = VERTEX_POINT ( 'NONE', #6362 ) ;
#372 = VECTOR ( 'NONE', #3708, 1000.000000000000000 ) ;
#373 = EDGE_LOOP ( 'NONE', ( #3016, #5922, #6012, #1440 ) ) ;
#374 = VERTEX_POINT ( 'NONE', #4627 ) ;
#375 = DIRECTION ( 'NONE',  ( 0.000000000000000000, 0.000000000000000000, 1.000000000000000000 ) ) ;
#376 = FACE_OUTER_BOUND ( 'NONE', #101, .T. ) ;
#377 = DIRECTION ( 'NONE',  ( 0.000000000000000000, 0.000000000000000000, 1.000000000000000000 ) ) ;
#378 = AXIS2_PLACEMENT_3D ( 'NONE', #1371, #1893, #5205 ) ;
#379 = ORIENTED_EDGE ( 'NONE', *, *, #6390, .T. ) ;
#380 = EDGE_CURVE ( 'NONE', #2592, #3942, #4151, .T. ) ;
#381 = VERTEX_POINT ( 'NONE', #6403 ) ;
#382 = ORIENTED_EDGE ( 'NONE', *, *, #4119, .T. ) ;
#383 = EDGE_CURVE ( 'NONE', #3185, #5833, #1421, .T. ) ;
#384 = ADVANCED_FACE ( 'NONE', ( #3691 ), #5872, .F. ) ;
#385 = DIRECTION ( 'NONE',  ( 0.000000000000000000, -0.000000000000000000, -1.000000000000000000 ) ) ;
#386 = LINE ( 'NONE', #3557, #6412 ) ;
#387 = CARTESIAN_POINT ( 'NONE',  ( 16.94116970170312442, 0.000000000000000000, 36.70000634712030063 ) ) ;
#388 = EDGE_LOOP ( 'NONE', ( #2812, #3282, #1736, #4153 ) ) ;
#389 = ORIENTED_EDGE ( 'NONE', *, *, #7053, .F. ) ;
#390 = VECTOR ( 'NONE', #132, 1000.000000000000000 ) ;
#391 = EDGE_CURVE ( 'NONE', #3125, #5456, #936, .T. ) ;
#392 = LINE ( 'NONE', #5844, #6385 ) ;
#393 = LINE ( 'NONE', #2597, #6904 ) ;
#394 = LINE ( 'NONE', #5810, #2326 ) ;
#395 = LINE ( 'NONE', #1550, #4443 ) ;
#396 = VECTOR ( 'NONE', #6290, 1000.000000000000000 ) ;
#397 = DIRECTION ( 'NONE',  ( 1.000000000000000000, 0.000000000000000000, 0.000000000000000000 ) ) ;
#398 = EDGE_CURVE ( 'NONE', #3833, #1986, #3617, .T. ) ;
#399 = ORIENTED_EDGE ( 'NONE', *, *, #5417, .F. ) ;
#400 = DIRECTION ( 'NONE',  ( 1.214306433183764966E-16, -1.000000000000000000, 0.000000000000000000 ) ) ;
#401 = DIRECTION ( 'NONE',  ( 1.214306433183764966E-16, -1.000000000000000000, 0.000000000000000000 ) ) ;
#402 = DIRECTION ( 'NONE',  ( 0.000000000000000000, 0.000000000000000000, 1.000000000000000000 ) ) ;
#403 = DIRECTION ( 'NONE',  ( 7.131793176782546675E-16, 0.000000000000000000, -1.000000000000000000 ) ) ;
#404 = DIRECTION ( 'NONE',  ( -1.000000000000000000, 0.000000000000000000, -6.240319029684725998E-16 ) ) ;
#405 = ADVANCED_FACE ( 'NONE', ( #2511 ), #4698, .F. ) ;
#406 = CARTESIAN_POINT ( 'NONE',  ( 122.2211697014853087, 9.500000000000000000, 36.02827608974846640 ) ) ;
#407 = ORIENTED_EDGE ( 'NONE', *, *, #7052, .F. ) ;
#408 = EDGE_CURVE ( 'NONE', #5738, #3866, #6714, .T. ) ;
#409 = ORIENTED_EDGE ( 'NONE', *, *, #6668, .F. ) ;
#410 = EDGE_CURVE ( 'NONE', #4397, #3866, #5396, .T. ) ;
#411 = ORIENTED_EDGE ( 'NONE', *, *, #2418, .T. ) ;
#412 = CARTESIAN_POINT ( 'NONE',  ( 100.2411697017031003, 9.500000000000000000, 40.02827608974845219 ) ) ;
#413 = DIRECTION ( 'NONE',  ( 0.000000000000000000, 0.000000000000000000, 1.000000000000000000 ) ) ;
#414 = CARTESIAN_POINT ( 'NONE',  ( 68.26116970192092026, 2.000000000000000000, 106.4981376785882361 ) ) ;
#415 = CARTESIAN_POINT ( 'NONE',  ( 126.2211697014853087, 9.500000000000000000, 75.26304484459959099 ) ) ;
#416 = ORIENTED_EDGE ( 'NONE', *, *, #4877, .T. ) ;
#417 = DIRECTION ( 'NONE',  ( -0.000000000000000000, 1.000000000000000000, -0.000000000000000000 ) ) ;
#418 = ORIENTED_EDGE ( 'NONE', *, *, #3854, .T. ) ;
#419 = ORIENTED_EDGE ( 'NONE', *, *, #3311, .T. ) ;
#420 = EDGE_CURVE ( 'NONE', #4923, #841, #2051, .T. ) ;
#421 = DIRECTION ( 'NONE',  ( -1.000000000000000000, -1.214306433183764966E-16, 0.000000000000000000 ) ) ;
#422 = CARTESIAN_POINT ( 'NONE',  ( 99.24116970170310026, 2.000000000000000000, 106.4981376785882645 ) ) ;
#423 = CARTESIAN_POINT ( 'NONE',  ( 72.26116970192092026, 9.500000000000000000, 106.4981376785882361 ) ) ;
#424 = CYLINDRICAL_SURFACE ( 'NONE', #4102, 4.000000000000003553 ) ;
#425 = VERTEX_POINT ( 'NONE', #415 ) ;
#426 = ORIENTED_EDGE ( 'NONE', *, *, #6783, .T. ) ;
#427 = EDGE_CURVE ( 'NONE', #5981, #1168, #6033, .T. ) ;
#428 =( GEOMETRIC_REPRESENTATION_CONTEXT ( 3 ) GLOBAL_UNCERTAINTY_ASSIGNED_CONTEXT ( ( #5387 ) ) GLOBAL_UNIT_ASSIGNED_CONTEXT ( ( #6525, #1061, #611 ) ) REPRESENTATION_CONTEXT ( 'NONE', 'WORKASPACE' ) );
#429 = ADVANCED_FACE ( 'NONE', ( #3761 ), #1607, .F. ) ;
#430 = CARTESIAN_POINT ( 'NONE',  ( 177.5912666817638126, 0.000000000000000000, 93.50188770989298348 ) ) ;
#431 = CARTESIAN_POINT ( 'NONE',  ( 21.91893948763057409, 2.000000000000000000, 62.26711895504224969 ) ) ;
#432 = PLANE ( 'NONE',  #1888 ) ;
#433 = DIRECTION ( 'NONE',  ( 1.214306433183764966E-16, -1.000000000000000000, 4.330091167351559933E-32 ) ) ;
#434 = VECTOR ( 'NONE', #1148, 1000.000000000000000 ) ;
#435 = DIRECTION ( 'NONE',  ( 0.000000000000000000, 1.000000000000000000, 0.000000000000000000 ) ) ;
#436 = DIRECTION ( 'NONE',  ( -0.000000000000000000, 1.000000000000000000, -0.000000000000000000 ) ) ;
#437 = ORIENTED_EDGE ( 'NONE', *, *, #6922, .T. ) ;
#438 = CARTESIAN_POINT ( 'NONE',  ( 122.2211697014853087, 2.000000000000000000, 137.7328810449583330 ) ) ;
#439 = CARTESIAN_POINT ( 'NONE',  ( 153.2011697012675597, 9.500000000000000000, 159.9717239102517681 ) ) ;
#440 = DIRECTION ( 'NONE',  ( -1.214306433183764966E-16, 1.000000000000000000, -0.000000000000000000 ) ) ;
#441 = LINE ( 'NONE', #1524, #485 ) ;
#442 = CARTESIAN_POINT ( 'NONE',  ( 127.2211697014853087, 2.000000000000000000, 124.7369805438819839 ) ) ;
#443 = CARTESIAN_POINT ( 'NONE',  ( 149.2011697012675597, -3.446185315557854182E-15, 75.26304484459959099 ) ) ;
#444 = VERTEX_POINT ( 'NONE', #3221 ) ;
#445 = ORIENTED_EDGE ( 'NONE', *, *, #5132, .F. ) ;
#446 = AXIS2_PLACEMENT_3D ( 'NONE', #5161, #1362, #5298 ) ;
#447 = ORIENTED_EDGE ( 'NONE', *, *, #4425, .F. ) ;
#448 = CARTESIAN_POINT ( 'NONE',  ( 17.91893948763051370, 9.500000000000000000, 40.01392011099375168 ) ) ;
#449 = CARTESIAN_POINT ( 'NONE',  ( 73.26116970192092026, 1.999999999999998224, 102.4981376785891172 ) ) ;
#450 = DIRECTION ( 'NONE',  ( 0.000000000000000000, 0.000000000000000000, 1.000000000000000000 ) ) ;
#451 = ORIENTED_EDGE ( 'NONE', *, *, #6592, .F. ) ;
#452 = DIRECTION ( 'NONE',  ( -3.565896588391270872E-16, 0.000000000000000000, 1.000000000000000000 ) ) ;
#453 = ORIENTED_EDGE ( 'NONE', *, *, #334, .F. ) ;
#454 = VERTEX_POINT ( 'NONE', #3288 ) ;
#455 = EDGE_CURVE ( 'NONE', #3293, #231, #2689, .T. ) ;
#456 = CARTESIAN_POINT ( 'NONE',  ( 17.90873331823641834, 9.500000000000000000, 75.26304484459959099 ) ) ;
#457 = DIRECTION ( 'NONE',  ( 1.000000000000000000, 0.000000000000000000, 0.000000000000000000 ) ) ;
#458 = EDGE_CURVE ( 'NONE', #5529, #6778, #1934, .T. ) ;
#459 = CIRCLE ( 'NONE', #3220, 4.000000000000003553 ) ;
#460 = ORIENTED_EDGE ( 'NONE', *, *, #5468, .F. ) ;
#461 = CARTESIAN_POINT ( 'NONE',  ( 45.28116970213874026, 7.443006966612743653E-31, 75.26304484459959099 ) ) ;
#462 = CIRCLE ( 'NONE', #2206, 4.000000000000003553 ) ;
#463 = DIRECTION ( 'NONE',  ( 0.000000000000000000, -1.000000000000000000, 0.000000000000000000 ) ) ;
#464 = CYLINDRICAL_SURFACE ( 'NONE', #935, 4.000000000000003553 ) ;
#465 = FACE_BOUND ( 'NONE', #6291, .T. ) ;
#466 = CIRCLE ( 'NONE', #1621, 4.000000000000003553 ) ;
#467 = CARTESIAN_POINT ( 'NONE',  ( 21.91893948763057409, 0.000000000000000000, 62.26711895504224969 ) ) ;
#468 = AXIS2_PLACEMENT_3D ( 'NONE', #6429, #3606, #1029 ) ;
#469 = ORIENTED_EDGE ( 'NONE', *, *, #3114, .T. ) ;
#470 = CARTESIAN_POINT ( 'NONE',  ( 158.2011697012675882, 2.000000000000000000, 58.26711895504224969 ) ) ;
#471 = CYLINDRICAL_SURFACE ( 'NONE', #781, 4.000000000000003553 ) ;
#472 = EDGE_CURVE ( 'NONE', #724, #2909, #4327, .T. ) ;
#473 = DIRECTION ( 'NONE',  ( 0.000000000000000000, 1.000000000000000000, 0.000000000000000000 ) ) ;
#474 = DIRECTION ( 'NONE',  ( 1.214306433183764966E-16, -1.000000000000000000, 0.000000000000000000 ) ) ;
#475 = DIRECTION ( 'NONE',  ( 0.000000000000000000, 0.000000000000000000, -1.000000000000000000 ) ) ;
#476 = ORIENTED_EDGE ( 'NONE', *, *, #242, .F. ) ;
#477 = EDGE_LOOP ( 'NONE', ( #927, #2502, #318, #4583 ) ) ;
#478 = AXIS2_PLACEMENT_3D ( 'NONE', #3966, #1785, #6148 ) ;
#479 = VERTEX_POINT ( 'NONE', #5325 ) ;
#480 = PLANE ( 'NONE',  #4300 ) ;
#481 = LINE ( 'NONE', #2650, #2670 ) ;
#482 = DIRECTION ( 'NONE',  ( 0.000000000000000000, 0.000000000000000000, -1.000000000000000000 ) ) ;
#483 = VERTEX_POINT ( 'NONE', #4940 ) ;
#484 = DIRECTION ( 'NONE',  ( 1.214306433183764966E-16, -1.000000000000000000, 0.000000000000000000 ) ) ;
#485 = VECTOR ( 'NONE', #2187, 1000.000000000000000 ) ;
#486 = ORIENTED_EDGE ( 'NONE', *, *, #6078, .F. ) ;
#487 = ORIENTED_EDGE ( 'NONE', *, *, #3039, .T. ) ;
#488 = EDGE_CURVE ( 'NONE', #6348, #5422, #3794, .T. ) ;
#489 = CIRCLE ( 'NONE', #153, 4.000000000000003553 ) ;
#490 = CARTESIAN_POINT ( 'NONE',  ( 122.2211697014853087, -26.25789166916414885, 159.9717239102517681 ) ) ;
#491 = DIRECTION ( 'NONE',  ( 1.214306433183764966E-16, -1.000000000000000000, 7.577659542865232346E-32 ) ) ;
#492 = EDGE_LOOP ( 'NONE', ( #266, #1947, #6212, #2345 ) ) ;
#493 = DIRECTION ( 'NONE',  ( 1.214306433183764966E-16, -1.000000000000000000, 0.000000000000000000 ) ) ;
#494 = CARTESIAN_POINT ( 'NONE',  ( 95.24116970170310026, 9.500000000000000000, 141.7328810449583614 ) ) ;
#495 = CARTESIAN_POINT ( 'NONE',  ( 158.2011697012675882, 9.500000000000000000, 75.26304484459959099 ) ) ;
#496 = DIRECTION ( 'NONE',  ( 0.000000000000000000, 0.000000000000000000, -1.000000000000000000 ) ) ;
#497 = EDGE_CURVE ( 'NONE', #6674, #937, #2233, .T. ) ;
#498 = AXIS2_PLACEMENT_3D ( 'NONE', #6854, #1971, #4751 ) ;
#499 = LINE ( 'NONE', #6456, #769 ) ;
#500 = ORIENTED_EDGE ( 'NONE', *, *, #4986, .F. ) ;
#501 = FACE_OUTER_BOUND ( 'NONE', #5796, .T. ) ;
#502 = CARTESIAN_POINT ( 'NONE',  ( 181.5810351238889666, 2.000000000000000000, 160.2576649824971753 ) ) ;
#503 = LINE ( 'NONE', #2188, #4722 ) ;
#504 = CARTESIAN_POINT ( 'NONE',  ( 122.2211697014853087, 9.500000000000000000, 62.26711895504224969 ) ) ;
#505 = CIRCLE ( 'NONE', #1205, 4.000000000000003553 ) ;
#506 = ORIENTED_EDGE ( 'NONE', *, *, #6096, .T. ) ;
#507 = ADVANCED_FACE ( 'NONE', ( #2096 ), #6440, .F. ) ;
#508 = EDGE_CURVE ( 'NONE', #3444, #2951, #2305, .T. ) ;
#509 = CIRCLE ( 'NONE', #2477, 3.999999999999989786 ) ;
#510 = ORIENTED_EDGE ( 'NONE', *, *, #1411, .F. ) ;
#511 = ORIENTED_EDGE ( 'NONE', *, *, #2730, .T. ) ;
#512 = DIRECTION ( 'NONE',  ( 0.0005581709247432527611, 0.000000000000000000, 0.9999998442225971340 ) ) ;
#513 = CARTESIAN_POINT ( 'NONE',  ( 68.26116970192092026, 2.000000000000000000, 40.02827608974843088 ) ) ;
#514 = DIRECTION ( 'NONE',  ( -1.214306433183764966E-16, 1.000000000000000000, -4.330091167351559933E-32 ) ) ;
#515 = CARTESIAN_POINT ( 'NONE',  ( 127.2211697014853087, 5.000000000000014211, 106.4981376785882929 ) ) ;
#516 = ORIENTED_EDGE ( 'NONE', *, *, #1358, .T. ) ;
#517 = CARTESIAN_POINT ( 'NONE',  ( 95.24116970170310026, 9.500000000000000000, 106.4981376785882645 ) ) ;
#518 = VECTOR ( 'NONE', #583, 1000.000000000000000 ) ;
#519 = ORIENTED_EDGE ( 'NONE', *, *, #149, .T. ) ;
#520 = VERTEX_POINT ( 'NONE', #63 ) ;
#521 = VERTEX_POINT ( 'NONE', #2904 ) ;
#522 = CARTESIAN_POINT ( 'NONE',  ( 50.28116970213873316, 2.000000000000000000, 159.9717239102517681 ) ) ;
#523 = CARTESIAN_POINT ( 'NONE',  ( 122.2211697014853087, -26.25789166916414885, 93.50188770989299769 ) ) ;
#524 = ORIENTED_EDGE ( 'NONE', *, *, #857, .T. ) ;
#525 = VECTOR ( 'NONE', #1569, 1000.000000000000000 ) ;
#526 = EDGE_CURVE ( 'NONE', #2295, #3440, #701, .T. ) ;
#527 = DIRECTION ( 'NONE',  ( 1.000000000000000000, 1.214306433183764966E-16, 0.000000000000000000 ) ) ;
#528 = DIRECTION ( 'NONE',  ( 1.000000000000000000, 0.000000000000000000, 3.043567601368434558E-15 ) ) ;
#529 = DIRECTION ( 'NONE',  ( 0.000000000000000000, 0.000000000000000000, 1.000000000000000000 ) ) ;
#530 = CYLINDRICAL_SURFACE ( 'NONE', #1968, 4.000000000000003553 ) ;
#531 = DIRECTION ( 'NONE',  ( 0.000000000000000000, 0.000000000000000000, -1.000000000000000000 ) ) ;
#532 = VECTOR ( 'NONE', #4201, 1000.000000000000000 ) ;
#533 = VECTOR ( 'NONE', #1027, 1000.000000000000000 ) ;
#534 = EDGE_CURVE ( 'NONE', #6257, #3934, #3326, .T. ) ;
#535 = VERTEX_POINT ( 'NONE', #5535 ) ;
#536 = CARTESIAN_POINT ( 'NONE',  ( 177.5810351238888813, 2.000000000000000000, 71.26304484459957678 ) ) ;
#537 = EDGE_LOOP ( 'NONE', ( #5984, #1862, #6265, #6939, #5156, #940, #3400, #2611 ) ) ;
#538 = VECTOR ( 'NONE', #457, 1000.000000000000000 ) ;
#539 = DIRECTION ( 'NONE',  ( -1.000000000000000000, -1.214306433183764966E-16, 0.000000000000000000 ) ) ;
#540 = LINE ( 'NONE', #2221, #5075 ) ;
#541 = DIRECTION ( 'NONE',  ( 1.000000000000000000, 1.214306433183764966E-16, 0.000000000000000000 ) ) ;
#542 = CARTESIAN_POINT ( 'NONE',  ( 182.5411697017031258, 2.000000000000000000, 163.3000063471202452 ) ) ;
#543 = VERTEX_POINT ( 'NONE', #625 ) ;
#544 = EDGE_CURVE ( 'NONE', #2731, #185, #4043, .T. ) ;
#545 = VECTOR ( 'NONE', #1963, 1000.000000000000000 ) ;
#546 = ORIENTED_EDGE ( 'NONE', *, *, #634, .F. ) ;
#547 = VERTEX_POINT ( 'NONE', #97 ) ;
#548 = CARTESIAN_POINT ( 'NONE',  ( 149.2011697012675597, 4.999999999999999112, 71.26304484459957678 ) ) ;
#549 = EDGE_CURVE ( 'NONE', #134, #2823, #1242, .T. ) ;
#550 = CARTESIAN_POINT ( 'NONE',  ( 72.26116970192092026, -26.25789166916415596, 163.9717239102512281 ) ) ;
#551 = PLANE ( 'NONE',  #4345 ) ;
#552 = AXIS2_PLACEMENT_3D ( 'NONE', #4272, #4956, #1587 ) ;
#553 = CARTESIAN_POINT ( 'NONE',  ( 122.2211697014853087, 2.000000000000000000, 102.4981376785882787 ) ) ;
#554 = CARTESIAN_POINT ( 'NONE',  ( 95.24116970170310026, 2.000000000000000000, 75.26304484459959099 ) ) ;
#555 = ORIENTED_EDGE ( 'NONE', *, *, #6125, .T. ) ;
#556 = ADVANCED_FACE ( 'NONE', ( #1828 ), #4006, .F. ) ;
#557 = CARTESIAN_POINT ( 'NONE',  ( 41.28116970213879711, 9.500000000000000000, 71.26304484459957678 ) ) ;
#558 = EDGE_LOOP ( 'NONE', ( #1674, #4466, #5267, #2053 ) ) ;
#559 = VECTOR ( 'NONE', #2863, 1000.000000000000000 ) ;
#560 = ORIENTED_EDGE ( 'NONE', *, *, #4964, .F. ) ;
#561 = ORIENTED_EDGE ( 'NONE', *, *, #718, .T. ) ;
#562 = CYLINDRICAL_SURFACE ( 'NONE', #5977, 4.000000000000003553 ) ;
#563 = EDGE_CURVE ( 'NONE', #4758, #2831, #4539, .T. ) ;
#564 = CARTESIAN_POINT ( 'NONE',  ( 95.24116970170310026, -9.999825253619465701E-15, 40.02827608974845219 ) ) ;
#565 = ORIENTED_EDGE ( 'NONE', *, *, #4296, .F. ) ;
#566 = EDGE_CURVE ( 'NONE', #5697, #1509, #2286, .T. ) ;
#567 = CARTESIAN_POINT ( 'NONE',  ( 131.2211697014853087, 9.500000000000000000, 124.7369805438819839 ) ) ;
#568 = CARTESIAN_POINT ( 'NONE',  ( 158.2011697012675882, 2.000000000000000000, 163.9717239102517681 ) ) ;
#569 = DIRECTION ( 'NONE',  ( -0.000000000000000000, -1.000000000000000000, -0.000000000000000000 ) ) ;
#570 = LINE ( 'NONE', #6554, #90 ) ;
#571 = VECTOR ( 'NONE', #5626, 1000.000000000000000 ) ;
#572 = VERTEX_POINT ( 'NONE', #5648 ) ;
#573 = CARTESIAN_POINT ( 'NONE',  ( 95.24116970170310026, 4.999999999999999112, 36.02827608974845219 ) ) ;
#574 = VECTOR ( 'NONE', #5176, 1000.000000000000000 ) ;
#575 = DIRECTION ( 'NONE',  ( -1.214306433183764966E-16, 1.000000000000000000, 0.000000000000000000 ) ) ;
#576 = CARTESIAN_POINT ( 'NONE',  ( 68.26116970192092026, 2.000000000000000000, 36.02827608974843088 ) ) ;
#577 = DIRECTION ( 'NONE',  ( 0.000000000000000000, 0.000000000000000000, -1.000000000000000000 ) ) ;
#578 = ORIENTED_EDGE ( 'NONE', *, *, #1009, .T. ) ;
#579 = VECTOR ( 'NONE', #247, 1000.000000000000000 ) ;
#580 = AXIS2_PLACEMENT_3D ( 'NONE', #3679, #474, #1487 ) ;
#581 = ORIENTED_EDGE ( 'NONE', *, *, #3694, .T. ) ;
#582 = ORIENTED_EDGE ( 'NONE', *, *, #6993, .F. ) ;
#583 = DIRECTION ( 'NONE',  ( 1.000000000000000000, 0.000000000000000000, 0.000000000000000000 ) ) ;
#584 = AXIS2_PLACEMENT_3D ( 'NONE', #2241, #5081, #3333 ) ;
#585 = FACE_OUTER_BOUND ( 'NONE', #5985, .T. ) ;
#586 = DIRECTION ( 'NONE',  ( 0.000000000000000000, 1.000000000000000000, 0.000000000000000000 ) ) ;
#587 = DIRECTION ( 'NONE',  ( -0.000000000000000000, 1.000000000000000000, -0.000000000000000000 ) ) ;
#588 = CARTESIAN_POINT ( 'NONE',  ( 177.5810351238890235, 2.000000000000000000, 137.7328810449583330 ) ) ;
#589 = ORIENTED_EDGE ( 'NONE', *, *, #3019, .F. ) ;
#590 = VECTOR ( 'NONE', #3857, 1000.000000000000000 ) ;
#591 = ORIENTED_EDGE ( 'NONE', *, *, #4308, .T. ) ;
#592 = ORIENTED_EDGE ( 'NONE', *, *, #3477, .F. ) ;
#593 = EDGE_LOOP ( 'NONE', ( #2869, #4690, #411, #2123 ) ) ;
#594 = DIRECTION ( 'NONE',  ( 0.000000000000000000, 0.000000000000000000, -1.000000000000000000 ) ) ;
#595 = AXIS2_PLACEMENT_3D ( 'NONE', #368, #473, #962 ) ;
#596 = DIRECTION ( 'NONE',  ( -1.000000000000000000, 0.000000000000000000, -6.240319029684725998E-16 ) ) ;
#597 = ORIENTED_EDGE ( 'NONE', *, *, #4349, .T. ) ;
#598 = AXIS2_PLACEMENT_3D ( 'NONE', #5021, #2250, #4347 ) ;
#599 = EDGE_CURVE ( 'NONE', #5793, #4196, #740, .T. ) ;
#600 = ADVANCED_FACE ( 'NONE', ( #3364 ), #2938, .F. ) ;
#601 = DIRECTION ( 'NONE',  ( -0.000000000000000000, 1.000000000000000000, -0.000000000000000000 ) ) ;
#602 = CARTESIAN_POINT ( 'NONE',  ( 50.28116970213873316, 2.000000000000000000, 93.50188770989296927 ) ) ;
#603 = CARTESIAN_POINT ( 'NONE',  ( 95.24116970170310026, 9.500000000000000000, 75.26304484459959099 ) ) ;
#604 = DIRECTION ( 'NONE',  ( -1.000000000000000000, 0.000000000000000000, 0.000000000000000000 ) ) ;
#605 = FACE_OUTER_BOUND ( 'NONE', #2040, .T. ) ;
#606 = CARTESIAN_POINT ( 'NONE',  ( 149.2011697012675597, 2.000000000000000000, 106.4981376785883072 ) ) ;
#607 = VECTOR ( 'NONE', #4762, 1000.000000000000000 ) ;
#608 = ORIENTED_EDGE ( 'NONE', *, *, #1302, .T. ) ;
#609 = ADVANCED_FACE ( 'NONE', ( #5110 ), #3931, .F. ) ;
#610 = DIRECTION ( 'NONE',  ( 1.214306433183764966E-16, -1.000000000000000000, 8.660182334703126435E-32 ) ) ;
#611 =( NAMED_UNIT ( * ) SI_UNIT ( $, .STERADIAN. ) SOLID_ANGLE_UNIT ( ) );
#612 = DIRECTION ( 'NONE',  ( -1.000000000000000000, 0.000000000000000000, 0.000000000000000000 ) ) ;
#613 = CARTESIAN_POINT ( 'NONE',  ( 177.5810351238890235, 0.000000000000000000, 137.7328810449583330 ) ) ;
#614 = CARTESIAN_POINT ( 'NONE',  ( 77.26116970192093447, 9.500000000000000000, 137.7328810449583330 ) ) ;
#615 = ORIENTED_EDGE ( 'NONE', *, *, #4031, .F. ) ;
#616 = VECTOR ( 'NONE', #265, 1000.000000000000000 ) ;
#617 = ADVANCED_FACE ( 'NONE', ( #4580 ), #2866, .F. ) ;
#618 = EDGE_LOOP ( 'NONE', ( #3121, #3753, #837, #2019, #895, #2726, #4759, #4907 ) ) ;
#619 = VERTEX_POINT ( 'NONE', #5009 ) ;
#620 = CARTESIAN_POINT ( 'NONE',  ( 72.26116970192092026, 9.500000000000000000, 93.50188770989296927 ) ) ;
#621 = VECTOR ( 'NONE', #4393, 1000.000000000000000 ) ;
#622 = LINE ( 'NONE', #2301, #1638 ) ;
#623 = CARTESIAN_POINT ( 'NONE',  ( 192.5411697017030974, 0.000000000000000000, 26.70000634712027221 ) ) ;
#624 = DIRECTION ( 'NONE',  ( -1.214306433183764966E-16, 1.000000000000000000, -7.577659542865232346E-32 ) ) ;
#625 = CARTESIAN_POINT ( 'NONE',  ( 41.28116970213874026, 9.500000000000000000, 128.7369805438819981 ) ) ;
#626 = ORIENTED_EDGE ( 'NONE', *, *, #5849, .T. ) ;
#627 = VECTOR ( 'NONE', #5790, 1000.000000000000000 ) ;
#628 = EDGE_CURVE ( 'NONE', #5612, #2639, #5570, .T. ) ;
#629 = EDGE_LOOP ( 'NONE', ( #6190, #2584, #6560, #6191 ) ) ;
#630 = ORIENTED_EDGE ( 'NONE', *, *, #3896, .T. ) ;
#631 = ORIENTED_EDGE ( 'NONE', *, *, #6434, .T. ) ;
#632 = FACE_OUTER_BOUND ( 'NONE', #3498, .T. ) ;
#633 = CIRCLE ( 'NONE', #6476, 4.000000000000003553 ) ;
#634 = EDGE_CURVE ( 'NONE', #107, #1951, #1122, .T. ) ;
#635 = CARTESIAN_POINT ( 'NONE',  ( 21.91893948763057409, 9.500000000000000000, 62.26711895504224969 ) ) ;
#636 = EDGE_LOOP ( 'NONE', ( #245, #4944, #3789, #1431 ) ) ;
#637 = EDGE_CURVE ( 'NONE', #128, #5422, #5813, .T. ) ;
#638 = CARTESIAN_POINT ( 'NONE',  ( 77.26116970192093447, 2.000000000000000000, 58.26711895504224969 ) ) ;
#639 = LINE ( 'NONE', #6771, #3202 ) ;
#640 = EDGE_CURVE ( 'NONE', #2794, #2656, #6420, .T. ) ;
#641 = CARTESIAN_POINT ( 'NONE',  ( 181.5912666817638126, 9.500000000000000000, 58.26711895504225680 ) ) ;
#642 = DIRECTION ( 'NONE',  ( -1.214306433183764966E-16, 1.000000000000000000, -7.577659542865232346E-32 ) ) ;
#643 = CARTESIAN_POINT ( 'NONE',  ( 45.28116970213873316, 5.000000000000005329, 159.9717239102517681 ) ) ;
#644 = ADVANCED_FACE ( 'NONE', ( #4169 ), #2634, .F. ) ;
#645 = ADVANCED_FACE ( 'NONE', ( #3506 ), #1437, .F. ) ;
#646 = ORIENTED_EDGE ( 'NONE', *, *, #928, .F. ) ;
#647 = AXIS2_PLACEMENT_3D ( 'NONE', #5026, #2319, #6669 ) ;
#648 = DIRECTION ( 'NONE',  ( 0.000000000000000000, 0.000000000000000000, 1.000000000000000000 ) ) ;
#649 = CARTESIAN_POINT ( 'NONE',  ( 153.2011697012675597, 9.500000000000000000, 159.9717239102517681 ) ) ;
#650 = LINE ( 'NONE', #2708, #4376 ) ;
#651 = AXIS2_PLACEMENT_3D ( 'NONE', #4420, #2252, #6628 ) ;
#652 = CYLINDRICAL_SURFACE ( 'NONE', #5544, 4.000000000000031086 ) ;
#653 = AXIS2_PLACEMENT_3D ( 'NONE', #1468, #2484, #3663 ) ;
#654 = VERTEX_POINT ( 'NONE', #988 ) ;
#655 = ADVANCED_FACE ( 'NONE', ( #5684 ), #777, .F. ) ;
#656 = EDGE_LOOP ( 'NONE', ( #1689, #3832, #2437, #1960, #3050, #5511, #4910, #1471 ) ) ;
#657 = CYLINDRICAL_SURFACE ( 'NONE', #1917, 4.000000000000003553 ) ;
#658 = FACE_OUTER_BOUND ( 'NONE', #1383, .T. ) ;
#659 = CARTESIAN_POINT ( 'NONE',  ( 73.26116970192092026, 9.500000000000000000, 141.7328810449583614 ) ) ;
#660 = LINE ( 'NONE', #1138, #3152 ) ;
#661 = CARTESIAN_POINT ( 'NONE',  ( 50.28116970213873316, 0.000000000000000000, 71.26304484459957678 ) ) ;
#662 = VERTEX_POINT ( 'NONE', #5341 ) ;
#663 = VECTOR ( 'NONE', #2591, 1000.000000000000000 ) ;
#664 = EDGE_CURVE ( 'NONE', #6814, #5621, #5015, .T. ) ;
#665 = ORIENTED_EDGE ( 'NONE', *, *, #5467, .T. ) ;
#666 = VERTEX_POINT ( 'NONE', #5241 ) ;
#667 = AXIS2_PLACEMENT_3D ( 'NONE', #1683, #484, #1008 ) ;
#668 = EDGE_LOOP ( 'NONE', ( #6468, #3032, #3962, #3819 ) ) ;
#669 = DIRECTION ( 'NONE',  ( 1.782948589251572672E-16, 0.000000000000000000, 1.000000000000000000 ) ) ;
#670 = EDGE_CURVE ( 'NONE', #5266, #4564, #324, .T. ) ;
#671 = LINE ( 'NONE', #6161, #5944 ) ;
#672 = AXIS2_PLACEMENT_3D ( 'NONE', #3135, #3598, #1369 ) ;
#673 = ORIENTED_EDGE ( 'NONE', *, *, #6302, .T. ) ;
#674 = DIRECTION ( 'NONE',  ( 0.000000000000000000, 0.000000000000000000, 1.000000000000000000 ) ) ;
#675 = ORIENTED_EDGE ( 'NONE', *, *, #2854, .F. ) ;
#676 = CYLINDRICAL_SURFACE ( 'NONE', #2325, 4.000000000000003553 ) ;
#677 = DIRECTION ( 'NONE',  ( 0.000000000000000000, -1.000000000000000000, 0.000000000000000000 ) ) ;
#678 = EDGE_CURVE ( 'NONE', #5868, #4196, #395, .T. ) ;
#679 = CARTESIAN_POINT ( 'NONE',  ( 21.90873331823642189, 9.500000000000000000, 75.26304484459959099 ) ) ;
#680 = CARTESIAN_POINT ( 'NONE',  ( 127.2211697014853087, 5.000000000000014211, 141.7328810449583614 ) ) ;
#681 = ADVANCED_FACE ( 'NONE', ( #4712, #2599, #6886, #6383, #2003, #5374, #6921, #954, #2039, #4811, #1476, #3743, #5927, #3670, #465, #4777, #5848, #7029, #3138, #6956, #2078, #4848, #2146, #4307, #6061 ), #45, .T. ) ;
#682 = CARTESIAN_POINT ( 'NONE',  ( 100.2411697017031003, 9.500000000000000000, 141.7328810449583614 ) ) ;
#683 = VERTEX_POINT ( 'NONE', #1121 ) ;
#684 = ORIENTED_EDGE ( 'NONE', *, *, #3720, .F. ) ;
#685 = CYLINDRICAL_SURFACE ( 'NONE', #301, 4.000000000000003553 ) ;
#686 = VECTOR ( 'NONE', #2349, 1000.000000000000000 ) ;
#687 = DIRECTION ( 'NONE',  ( -0.000000000000000000, 1.000000000000000000, -0.000000000000000000 ) ) ;
#688 = DIRECTION ( 'NONE',  ( -0.000000000000000000, 1.000000000000000000, -0.000000000000000000 ) ) ;
#689 = CIRCLE ( 'NONE', #5165, 4.000000000000017764 ) ;
#690 = EDGE_LOOP ( 'NONE', ( #5200, #2797, #6465, #675 ) ) ;
#691 = EDGE_CURVE ( 'NONE', #6338, #6162, #6095, .T. ) ;
#692 = EDGE_CURVE ( 'NONE', #4215, #6441, #1054, .T. ) ;
#693 = DIRECTION ( 'NONE',  ( 0.000000000000000000, 0.000000000000000000, -1.000000000000000000 ) ) ;
#694 = EDGE_LOOP ( 'NONE', ( #6107, #6666, #2748, #5294 ) ) ;
#695 = CARTESIAN_POINT ( 'NONE',  ( 99.24116970170310026, -26.25789166916415240, 102.4981376785889466 ) ) ;
#696 = DIRECTION ( 'NONE',  ( 0.000000000000000000, 0.000000000000000000, -1.000000000000000000 ) ) ;
#697 = DIRECTION ( 'NONE',  ( -1.214306433183764966E-16, 1.000000000000000000, 0.000000000000000000 ) ) ;
#698 = EDGE_CURVE ( 'NONE', #6723, #3481, #6593, .T. ) ;
#699 = CARTESIAN_POINT ( 'NONE',  ( 131.2211697014853087, 9.500000000000000000, 36.02827608974847351 ) ) ;
#700 = VECTOR ( 'NONE', #1153, 1000.000000000000000 ) ;
#701 = LINE ( 'NONE', #5500, #3409 ) ;
#702 = ORIENTED_EDGE ( 'NONE', *, *, #2370, .F. ) ;
#703 = ORIENTED_EDGE ( 'NONE', *, *, #5288, .F. ) ;
#704 = VECTOR ( 'NONE', #5507, 1000.000000000000000 ) ;
#705 = EDGE_CURVE ( 'NONE', #1067, #6618, #4674, .T. ) ;
#706 = CIRCLE ( 'NONE', #1391, 4.000000000000003553 ) ;
#707 = ORIENTED_EDGE ( 'NONE', *, *, #544, .F. ) ;
#708 = CARTESIAN_POINT ( 'NONE',  ( 21.91893948763057409, 0.000000000000000000, 128.7369805438819981 ) ) ;
#709 = ORIENTED_EDGE ( 'NONE', *, *, #5669, .F. ) ;
#710 = DIRECTION ( 'NONE',  ( 0.000000000000000000, -0.000000000000000000, -1.000000000000000000 ) ) ;
#711 = AXIS2_PLACEMENT_3D ( 'NONE', #5428, #4866, #4290 ) ;
#712 = ORIENTED_EDGE ( 'NONE', *, *, #928, .T. ) ;
#713 = EDGE_CURVE ( 'NONE', #4409, #64, #1578, .T. ) ;
#714 = CARTESIAN_POINT ( 'NONE',  ( 131.2211697014853087, -26.25789166916414885, 141.7328810449583614 ) ) ;
#715 = EDGE_LOOP ( 'NONE', ( #6040, #750, #6339, #2832 ) ) ;
#716 = LINE ( 'NONE', #3411, #6877 ) ;
#717 = CARTESIAN_POINT ( 'NONE',  ( 95.24116970170310026, 2.000000000000000000, 36.02827608974845219 ) ) ;
#718 = EDGE_CURVE ( 'NONE', #3440, #6230, #4993, .T. ) ;
#719 = CARTESIAN_POINT ( 'NONE',  ( 158.2011697012675882, 2.000000000000001776, 137.7328810449583330 ) ) ;
#720 = DIRECTION ( 'NONE',  ( -0.000000000000000000, 1.000000000000000000, -0.000000000000000000 ) ) ;
#721 = CARTESIAN_POINT ( 'NONE',  ( 149.2011697012675597, 2.000000000000000000, 141.7328810449583614 ) ) ;
#722 = VECTOR ( 'NONE', #612, 1000.000000000000000 ) ;
#723 = ORIENTED_EDGE ( 'NONE', *, *, #455, .F. ) ;
#724 = VERTEX_POINT ( 'NONE', #1191 ) ;
#725 = EDGE_CURVE ( 'NONE', #1986, #2177, #3912, .T. ) ;
#726 = LINE ( 'NONE', #4565, #3183 ) ;
#727 = VECTOR ( 'NONE', #3235, 1000.000000000000000 ) ;
#728 = DIRECTION ( 'NONE',  ( 1.000000000000000000, 1.214306433183764966E-16, 0.000000000000000000 ) ) ;
#729 = DIRECTION ( 'NONE',  ( -0.000000000000000000, 1.000000000000000000, -0.000000000000000000 ) ) ;
#730 = EDGE_CURVE ( 'NONE', #1889, #5097, #4320, .T. ) ;
#731 = VECTOR ( 'NONE', #2348, 1000.000000000000000 ) ;
#732 = ORIENTED_EDGE ( 'NONE', *, *, #4893, .T. ) ;
#733 = LINE ( 'NONE', #1969, #1500 ) ;
#734 = ORIENTED_EDGE ( 'NONE', *, *, #5633, .F. ) ;
#735 = CARTESIAN_POINT ( 'NONE',  ( 131.2211697014853087, 2.000000000000000000, 124.7369805438819839 ) ) ;
#736 = FACE_OUTER_BOUND ( 'NONE', #6250, .T. ) ;
#737 = DIRECTION ( 'NONE',  ( -0.000000000000000000, 1.000000000000000000, -0.000000000000000000 ) ) ;
#738 = CARTESIAN_POINT ( 'NONE',  ( 131.2211697014853087, 1.999999999999998224, 71.26304484459957678 ) ) ;
#739 = EDGE_CURVE ( 'NONE', #5573, #1339, #570, .T. ) ;
#740 = LINE ( 'NONE', #6076, #5804 ) ;
#741 = EDGE_CURVE ( 'NONE', #2540, #5097, #3382, .T. ) ;
#742 = ADVANCED_FACE ( 'NONE', ( #79 ), #2844, .F. ) ;
#743 = EDGE_CURVE ( 'NONE', #2918, #4668, #5698, .T. ) ;
#744 = LINE ( 'NONE', #2941, #3527 ) ;
#745 = CIRCLE ( 'NONE', #863, 4.000000000000003553 ) ;
#746 = ORIENTED_EDGE ( 'NONE', *, *, #6171, .F. ) ;
#747 = ORIENTED_EDGE ( 'NONE', *, *, #1846, .T. ) ;
#748 = CARTESIAN_POINT ( 'NONE',  ( 95.24116970170310026, 9.500000000000000000, 40.02827608974845219 ) ) ;
#749 = CARTESIAN_POINT ( 'NONE',  ( 17.91893948763057764, 0.000000000000000000, 124.7369805438819981 ) ) ;
#750 = ORIENTED_EDGE ( 'NONE', *, *, #2168, .T. ) ;
#751 = PLANE ( 'NONE',  #4329 ) ;
#752 = VECTOR ( 'NONE', #2645, 1000.000000000000000 ) ;
#753 = ORIENTED_EDGE ( 'NONE', *, *, #5584, .T. ) ;
#754 = DIRECTION ( 'NONE',  ( 1.214306433183764966E-16, -1.000000000000000000, -2.165045941964102761E-32 ) ) ;
#755 = VERTEX_POINT ( 'NONE', #4959 ) ;
#756 = AXIS2_PLACEMENT_3D ( 'NONE', #1604, #5907, #512 ) ;
#757 = DIRECTION ( 'NONE',  ( 0.000000000000000000, 1.000000000000000000, 0.000000000000000000 ) ) ;
#758 = CYLINDRICAL_SURFACE ( 'NONE', #1032, 4.000000000000003553 ) ;
#759 = DIRECTION ( 'NONE',  ( -1.214306433183764966E-16, 1.000000000000000000, 0.000000000000000000 ) ) ;
#760 = CARTESIAN_POINT ( 'NONE',  ( 21.91893948763057409, 0.000000000000000000, 62.26711895504224969 ) ) ;
#761 = CARTESIAN_POINT ( 'NONE',  ( 126.2211697014853087, 1.999999999999998224, 36.02830147822969309 ) ) ;
#762 = ORIENTED_EDGE ( 'NONE', *, *, #4164, .F. ) ;
#763 = ORIENTED_EDGE ( 'NONE', *, *, #6869, .F. ) ;
#764 = ORIENTED_EDGE ( 'NONE', *, *, #2548, .F. ) ;
#765 = DIRECTION ( 'NONE',  ( 1.214306433183764966E-16, -1.000000000000000000, 7.577659542865232346E-32 ) ) ;
#766 = DIRECTION ( 'NONE',  ( 1.000000000000000000, 1.214306433183764966E-16, -0.000000000000000000 ) ) ;
#767 = VERTEX_POINT ( 'NONE', #4454 ) ;
#768 = EDGE_CURVE ( 'NONE', #176, #5767, #1661, .T. ) ;
#769 = VECTOR ( 'NONE', #4885, 1000.000000000000000 ) ;
#770 = CARTESIAN_POINT ( 'NONE',  ( 95.24116970170310026, 9.500000000000000000, 128.7369805438819981 ) ) ;
#771 = ORIENTED_EDGE ( 'NONE', *, *, #2852, .F. ) ;
#772 = DIRECTION ( 'NONE',  ( 0.000000000000000000, 0.000000000000000000, -1.000000000000000000 ) ) ;
#773 = CYLINDRICAL_SURFACE ( 'NONE', #840, 4.000000000000003553 ) ;
#774 = CARTESIAN_POINT ( 'NONE',  ( 149.2011697012675597, 2.000000000000000000, 40.02827608974848062 ) ) ;
#775 = DIRECTION ( 'NONE',  ( -1.214306433183764966E-16, 1.000000000000000000, 0.000000000000000000 ) ) ;
#776 = EDGE_CURVE ( 'NONE', #3419, #6259, #2316, .T. ) ;
#777 = PLANE ( 'NONE',  #2059 ) ;
#778 = ORIENTED_EDGE ( 'NONE', *, *, #6145, .T. ) ;
#779 = EDGE_CURVE ( 'NONE', #5259, #5591, #3237, .T. ) ;
#780 = AXIS2_PLACEMENT_3D ( 'NONE', #2775, #3305, #5024 ) ;
#781 = AXIS2_PLACEMENT_3D ( 'NONE', #995, #6963, #5246 ) ;
#782 = ORIENTED_EDGE ( 'NONE', *, *, #6396, .F. ) ;
#783 = ORIENTED_EDGE ( 'NONE', *, *, #5901, .F. ) ;
#784 = EDGE_CURVE ( 'NONE', #5259, #6896, #5482, .T. ) ;
#785 = VERTEX_POINT ( 'NONE', #4350 ) ;
#786 = DIRECTION ( 'NONE',  ( 1.000000000000000000, 0.000000000000000000, 7.718458180190526009E-16 ) ) ;
#787 = DIRECTION ( 'NONE',  ( 0.000000000000000000, 0.000000000000000000, -1.000000000000000000 ) ) ;
#788 = VECTOR ( 'NONE', #4771, 1000.000000000000000 ) ;
#789 = EDGE_CURVE ( 'NONE', #6248, #2541, #2388, .T. ) ;
#790 = ORIENTED_EDGE ( 'NONE', *, *, #664, .T. ) ;
#791 = DIRECTION ( 'NONE',  ( 0.000000000000000000, 0.000000000000000000, -1.000000000000000000 ) ) ;
#792 = ORIENTED_EDGE ( 'NONE', *, *, #3633, .T. ) ;
#793 = VECTOR ( 'NONE', #417, 1000.000000000000000 ) ;
#794 = ORIENTED_EDGE ( 'NONE', *, *, #640, .F. ) ;
#795 = EDGE_CURVE ( 'NONE', #1214, #6413, #2214, .T. ) ;
#796 = DIRECTION ( 'NONE',  ( 0.000000000000000000, 0.000000000000000000, 1.000000000000000000 ) ) ;
#797 = DIRECTION ( 'NONE',  ( -1.214306433183764966E-16, 1.000000000000000000, 0.000000000000000000 ) ) ;
#798 = LINE ( 'NONE', #183, #2317 ) ;
#799 = VECTOR ( 'NONE', #6343, 1000.000000000000000 ) ;
#800 = CARTESIAN_POINT ( 'NONE',  ( 21.91893948763057409, 0.000000000000000000, 62.26711895504224969 ) ) ;
#801 = VERTEX_POINT ( 'NONE', #2957 ) ;
#802 = ORIENTED_EDGE ( 'NONE', *, *, #5812, .T. ) ;
#803 = ADVANCED_FACE ( 'NONE', ( #1849 ), #4489, .F. ) ;
#804 = ORIENTED_EDGE ( 'NONE', *, *, #5863, .T. ) ;
#805 = AXIS2_PLACEMENT_3D ( 'NONE', #1345, #162, #1826 ) ;
#806 = EDGE_CURVE ( 'NONE', #6759, #5003, #279, .T. ) ;
#807 = FACE_OUTER_BOUND ( 'NONE', #233, .T. ) ;
#808 = FACE_OUTER_BOUND ( 'NONE', #2785, .T. ) ;
#809 = ORIENTED_EDGE ( 'NONE', *, *, #4413, .F. ) ;
#810 = DIRECTION ( 'NONE',  ( -1.000000000000000000, 0.000000000000000000, 0.000000000000000000 ) ) ;
#811 = VERTEX_POINT ( 'NONE', #3490 ) ;
#812 = CARTESIAN_POINT ( 'NONE',  ( 45.28116970213873316, 5.000000000000005329, 93.50188770989295506 ) ) ;
#813 = CARTESIAN_POINT ( 'NONE',  ( 126.2211697014853087, -26.25789166916414885, 102.4981376785887619 ) ) ;
#814 = DIRECTION ( 'NONE',  ( 0.000000000000000000, -0.000000000000000000, -1.000000000000000000 ) ) ;
#815 = EDGE_CURVE ( 'NONE', #425, #4699, #308, .T. ) ;
#816 = LINE ( 'NONE', #4110, #396 ) ;
#817 = VERTEX_POINT ( 'NONE', #1771 ) ;
#818 = VECTOR ( 'NONE', #6453, 1000.000000000000000 ) ;
#819 = ORIENTED_EDGE ( 'NONE', *, *, #4642, .T. ) ;
#820 = ORIENTED_EDGE ( 'NONE', *, *, #6780, .T. ) ;
#821 = DIRECTION ( 'NONE',  ( 0.000000000000000000, 0.000000000000000000, 1.000000000000000000 ) ) ;
#822 = AXIS2_PLACEMENT_3D ( 'NONE', #4683, #2998, #1861 ) ;
#823 = DIRECTION ( 'NONE',  ( -0.000000000000000000, 0.000000000000000000, -1.000000000000000000 ) ) ;
#824 = DIRECTION ( 'NONE',  ( -1.000000000000000000, 0.000000000000000000, -1.075116543089850859E-15 ) ) ;
#825 = ORIENTED_EDGE ( 'NONE', *, *, #39, .F. ) ;
#826 = EDGE_CURVE ( 'NONE', #1720, #3444, #1233, .T. ) ;
#827 = AXIS2_PLACEMENT_3D ( 'NONE', #6659, #2346, #2377 ) ;
#828 = VECTOR ( 'NONE', #4068, 1000.000000000000000 ) ;
#829 = ORIENTED_EDGE ( 'NONE', *, *, #1052, .F. ) ;
#830 = ORIENTED_EDGE ( 'NONE', *, *, #3991, .F. ) ;
#831 = CARTESIAN_POINT ( 'NONE',  ( 182.5411697017031258, 2.000000000000000000, 163.3000063471202452 ) ) ;
#832 = AXIS2_PLACEMENT_3D ( 'NONE', #6619, #4512, #1687 ) ;
#833 = LINE ( 'NONE', #4194, #232 ) ;
#834 = DIRECTION ( 'NONE',  ( 1.214306433183764966E-16, -1.000000000000000000, 0.000000000000000000 ) ) ;
#835 = EDGE_CURVE ( 'NONE', #4534, #4838, #6810, .T. ) ;
#836 = EDGE_CURVE ( 'NONE', #5621, #3647, #1887, .T. ) ;
#837 = ORIENTED_EDGE ( 'NONE', *, *, #2072, .T. ) ;
#838 = ORIENTED_EDGE ( 'NONE', *, *, #3103, .T. ) ;
#839 = ADVANCED_FACE ( 'NONE', ( #5735 ), #3415, .F. ) ;
#840 = AXIS2_PLACEMENT_3D ( 'NONE', #5750, #195, #3539 ) ;
#841 = VERTEX_POINT ( 'NONE', #682 ) ;
#842 = DIRECTION ( 'NONE',  ( -0.000000000000000000, 1.000000000000000000, -0.000000000000000000 ) ) ;
#843 = DIRECTION ( 'NONE',  ( -0.000000000000000000, 0.000000000000000000, -1.000000000000000000 ) ) ;
#844 = CARTESIAN_POINT ( 'NONE',  ( 154.2011697012675597, 9.500000000000000000, 159.9717239102517681 ) ) ;
#845 = CIRCLE ( 'NONE', #1648, 4.000000000000003553 ) ;
#846 = EDGE_CURVE ( 'NONE', #4923, #2951, #2414, .T. ) ;
#847 = ADVANCED_FACE ( 'NONE', ( #2923 ), #5164, .F. ) ;
#848 = ORIENTED_EDGE ( 'NONE', *, *, #1056, .T. ) ;
#849 = VECTOR ( 'NONE', #6848, 1000.000000000000000 ) ;
#850 = CYLINDRICAL_SURFACE ( 'NONE', #5614, 4.000000000000003553 ) ;
#851 = DIRECTION ( 'NONE',  ( 0.000000000000000000, 0.000000000000000000, 1.000000000000000000 ) ) ;
#852 = DIRECTION ( 'NONE',  ( 0.000000000000000000, 0.000000000000000000, -1.000000000000000000 ) ) ;
#853 = CARTESIAN_POINT ( 'NONE',  ( 104.2411697017031003, 2.000000000000000000, 62.26711895504224969 ) ) ;
#854 = DIRECTION ( 'NONE',  ( 1.214306433183764966E-16, -1.000000000000000000, -2.165045941964102761E-32 ) ) ;
#855 = CARTESIAN_POINT ( 'NONE',  ( 50.28116970213873316, 9.500000000000000000, 128.7369805438819981 ) ) ;
#856 = ORIENTED_EDGE ( 'NONE', *, *, #6664, .F. ) ;
#857 = EDGE_CURVE ( 'NONE', #1757, #5390, #3021, .T. ) ;
#858 = ORIENTED_EDGE ( 'NONE', *, *, #6801, .T. ) ;
#859 = ORIENTED_EDGE ( 'NONE', *, *, #3684, .F. ) ;
#860 = LINE ( 'NONE', #3010, #1914 ) ;
#861 = LINE ( 'NONE', #1420, #3457 ) ;
#862 = ORIENTED_EDGE ( 'NONE', *, *, #2895, .F. ) ;
#863 = AXIS2_PLACEMENT_3D ( 'NONE', #2651, #5429, #1534 ) ;
#864 = ORIENTED_EDGE ( 'NONE', *, *, #1254, .F. ) ;
#865 = ORIENTED_EDGE ( 'NONE', *, *, #5269, .F. ) ;
#866 = ADVANCED_FACE ( 'NONE', ( #5628 ), #5590, .F. ) ;
#867 = DIRECTION ( 'NONE',  ( 0.000000000000000000, 0.000000000000000000, 1.000000000000000000 ) ) ;
#868 = DIRECTION ( 'NONE',  ( -0.000000000000000000, 1.000000000000000000, -0.000000000000000000 ) ) ;
#869 = CIRCLE ( 'NONE', #5672, 4.000000000000003553 ) ;
#870 = CARTESIAN_POINT ( 'NONE',  ( 45.28116970213873316, 9.500000000000000000, 93.50188770989295506 ) ) ;
#871 = LINE ( 'NONE', #3627, #4447 ) ;
#872 = EDGE_CURVE ( 'NONE', #654, #2552, #148, .T. ) ;
#873 = EDGE_CURVE ( 'NONE', #4571, #73, #4524, .T. ) ;
#874 = VERTEX_POINT ( 'NONE', #184 ) ;
#875 = ORIENTED_EDGE ( 'NONE', *, *, #4774, .F. ) ;
#876 = VECTOR ( 'NONE', #674, 1000.000000000000000 ) ;
#877 = VERTEX_POINT ( 'NONE', #3986 ) ;
#878 = EDGE_CURVE ( 'NONE', #4943, #6759, #3193, .T. ) ;
#879 = DIRECTION ( 'NONE',  ( 1.214306433183764966E-16, -1.000000000000000000, 0.000000000000000000 ) ) ;
#880 = EDGE_CURVE ( 'NONE', #3479, #2713, #4561, .T. ) ;
#881 = DIRECTION ( 'NONE',  ( 3.043567601368416019E-15, 0.000000000000000000, -1.000000000000000000 ) ) ;
#882 = LINE ( 'NONE', #3742, #357 ) ;
#883 = EDGE_CURVE ( 'NONE', #3712, #6683, #5668, .T. ) ;
#884 = AXIS2_PLACEMENT_3D ( 'NONE', #6936, #1454, #3652 ) ;
#885 = EDGE_CURVE ( 'NONE', #6978, #5225, #1021, .T. ) ;
#886 = EDGE_LOOP ( 'NONE', ( #5087, #2992, #3665, #2416, #486, #1570, #4555, #3727 ) ) ;
#887 = PLANE ( 'NONE',  #133 ) ;
#888 = DIRECTION ( 'NONE',  ( -0.000000000000000000, 1.000000000000000000, -0.000000000000000000 ) ) ;
#889 = CARTESIAN_POINT ( 'NONE',  ( 50.28116970213873316, 3.445777566297561606E-15, 159.9717239102517681 ) ) ;
#890 = FACE_OUTER_BOUND ( 'NONE', #668, .T. ) ;
#891 = FACE_OUTER_BOUND ( 'NONE', #2186, .T. ) ;
#892 = FACE_OUTER_BOUND ( 'NONE', #3491, .T. ) ;
#893 = ORIENTED_EDGE ( 'NONE', *, *, #5085, .F. ) ;
#894 = VECTOR ( 'NONE', #436, 1000.000000000000000 ) ;
#895 = ORIENTED_EDGE ( 'NONE', *, *, #3066, .T. ) ;
#896 = VERTEX_POINT ( 'NONE', #3592 ) ;
#897 = DIRECTION ( 'NONE',  ( 1.000000000000000000, 0.000000000000000000, 0.000000000000000000 ) ) ;
#898 = CARTESIAN_POINT ( 'NONE',  ( 104.2411697017031003, 9.500000000000000000, 159.9717239102517681 ) ) ;
#899 = CARTESIAN_POINT ( 'NONE',  ( 21.90466215730799249, 2.000000000000000000, 163.9717239102517681 ) ) ;
#900 = ORIENTED_EDGE ( 'NONE', *, *, #725, .F. ) ;
#901 = VECTOR ( 'NONE', #6045, 1000.000000000000000 ) ;
#902 = EDGE_LOOP ( 'NONE', ( #3102, #4475, #3076, #5826, #4510, #3973, #1933, #6879 ) ) ;
#903 = VECTOR ( 'NONE', #5882, 1000.000000000000000 ) ;
#904 = ORIENTED_EDGE ( 'NONE', *, *, #2442, .T. ) ;
#905 = EDGE_CURVE ( 'NONE', #4947, #1954, #4195, .T. ) ;
#906 = CARTESIAN_POINT ( 'NONE',  ( 77.26116970192093447, 1.999999999999998224, 102.4981376785882503 ) ) ;
#907 = DIRECTION ( 'NONE',  ( 0.000000000000000000, 1.000000000000000000, 0.000000000000000000 ) ) ;
#908 = DIRECTION ( 'NONE',  ( 0.000000000000000000, 0.000000000000000000, 1.000000000000000000 ) ) ;
#909 = DIRECTION ( 'NONE',  ( -1.000000000000000000, 0.000000000000000000, -7.131793176782546675E-16 ) ) ;
#910 = AXIS2_PLACEMENT_3D ( 'NONE', #1630, #1195, #3493 ) ;
#911 = VERTEX_POINT ( 'NONE', #4805 ) ;
#912 = EDGE_LOOP ( 'NONE', ( #1000, #4311, #6397, #3399 ) ) ;
#913 = ORIENTED_EDGE ( 'NONE', *, *, #2488, .T. ) ;
#914 = AXIS2_PLACEMENT_3D ( 'NONE', #5586, #677, #5053 ) ;
#915 = CARTESIAN_POINT ( 'NONE',  ( 182.5411697017031258, 0.000000000000000000, 173.3000063471202452 ) ) ;
#916 = CARTESIAN_POINT ( 'NONE',  ( 154.2011697012675597, 2.000000000000000000, 58.26711895504224969 ) ) ;
#917 = CARTESIAN_POINT ( 'NONE',  ( 77.26116970192093447, 9.500000000000000000, 97.50188770989296927 ) ) ;
#918 = CARTESIAN_POINT ( 'NONE',  ( 181.5912666817638126, 9.500000000000000000, 58.26711895504225680 ) ) ;
#919 = ORIENTED_EDGE ( 'NONE', *, *, #4819, .T. ) ;
#920 = EDGE_LOOP ( 'NONE', ( #858, #4064, #3383, #4352, #1519, #4114, #4700, #6707 ) ) ;
#921 = DIRECTION ( 'NONE',  ( 1.000000000000000000, 1.214306433183761268E-16, 0.000000000000000000 ) ) ;
#922 = DIRECTION ( 'NONE',  ( 0.000000000000000000, 0.000000000000000000, 1.000000000000000000 ) ) ;
#923 = CARTESIAN_POINT ( 'NONE',  ( 177.5912666817638126, 9.500000000000000000, 36.02827608974849483 ) ) ;
#924 = CARTESIAN_POINT ( 'NONE',  ( 95.24116970170310026, 9.500000000000000000, 124.7369805438819839 ) ) ;
#925 = FACE_OUTER_BOUND ( 'NONE', #4551, .T. ) ;
#926 = DIRECTION ( 'NONE',  ( 0.000000000000000000, 1.000000000000000000, 0.000000000000000000 ) ) ;
#927 = ORIENTED_EDGE ( 'NONE', *, *, #883, .F. ) ;
#928 = EDGE_CURVE ( 'NONE', #4323, #5855, #1506, .T. ) ;
#929 = EDGE_CURVE ( 'NONE', #1980, #1373, #6372, .T. ) ;
#930 = ORIENTED_EDGE ( 'NONE', *, *, #6037, .T. ) ;
#931 = VERTEX_POINT ( 'NONE', #3092 ) ;
#932 = CARTESIAN_POINT ( 'NONE',  ( 100.2411697017031003, 9.500000000000000000, 159.9717239102517681 ) ) ;
#933 = CARTESIAN_POINT ( 'NONE',  ( 177.5810351238890235, 0.000000000000000000, 137.7328810449583330 ) ) ;
#934 = LINE ( 'NONE', #5830, #731 ) ;
#935 = AXIS2_PLACEMENT_3D ( 'NONE', #5961, #2668, #4847 ) ;
#936 = LINE ( 'NONE', #1388, #1013 ) ;
#937 = VERTEX_POINT ( 'NONE', #315 ) ;
#938 = ORIENTED_EDGE ( 'NONE', *, *, #3496, .T. ) ;
#939 = AXIS2_PLACEMENT_3D ( 'NONE', #5714, #3536, #6787 ) ;
#940 = ORIENTED_EDGE ( 'NONE', *, *, #3952, .F. ) ;
#941 = DIRECTION ( 'NONE',  ( 0.000000000000000000, 0.000000000000000000, 1.000000000000000000 ) ) ;
#942 = FACE_OUTER_BOUND ( 'NONE', #920, .T. ) ;
#943 = DIRECTION ( 'NONE',  ( 0.000000000000000000, 0.000000000000000000, 1.000000000000000000 ) ) ;
#944 = FACE_OUTER_BOUND ( 'NONE', #5506, .T. ) ;
#945 = AXIS2_PLACEMENT_3D ( 'NONE', #2587, #1330, #6268 ) ;
#946 = CIRCLE ( 'NONE', #5979, 4.000000000000003553 ) ;
#947 = ORIENTED_EDGE ( 'NONE', *, *, #3841, .T. ) ;
#948 = ORIENTED_EDGE ( 'NONE', *, *, #1945, .F. ) ;
#949 = VECTOR ( 'NONE', #5757, 1000.000000000000000 ) ;
#950 = AXIS2_PLACEMENT_3D ( 'NONE', #613, #4460, #5451 ) ;
#951 = CARTESIAN_POINT ( 'NONE',  ( 131.2211697014853087, 9.500000000000000000, 106.4981376785882929 ) ) ;
#952 = LINE ( 'NONE', #3136, #4390 ) ;
#953 = DIRECTION ( 'NONE',  ( 1.214306433183764966E-16, -1.000000000000000000, 0.000000000000000000 ) ) ;
#954 = FACE_BOUND ( 'NONE', #5986, .T. ) ;
#955 = CARTESIAN_POINT ( 'NONE',  ( 77.26116970192093447, 9.500000000000000000, 62.26711895504224969 ) ) ;
#956 = ORIENTED_EDGE ( 'NONE', *, *, #6684, .T. ) ;
#957 = CARTESIAN_POINT ( 'NONE',  ( 177.5810351238888813, 0.000000000000000000, 71.26304484459957678 ) ) ;
#958 = LINE ( 'NONE', #439, #4691 ) ;
#959 = LINE ( 'NONE', #4313, #4521 ) ;
#960 = CIRCLE ( 'NONE', #3470, 4.000000000000003553 ) ;
#961 = ADVANCED_FACE ( 'NONE', ( #5838 ), #5264, .F. ) ;
#962 = DIRECTION ( 'NONE',  ( 0.000000000000000000, 0.000000000000000000, 1.000000000000000000 ) ) ;
#963 = FACE_OUTER_BOUND ( 'NONE', #3513, .T. ) ;
#964 = DIRECTION ( 'NONE',  ( -0.000000000000000000, 0.000000000000000000, 1.000000000000000000 ) ) ;
#965 = ORIENTED_EDGE ( 'NONE', *, *, #6916, .F. ) ;
#966 = EDGE_CURVE ( 'NONE', #520, #5013, #3703, .T. ) ;
#967 = VECTOR ( 'NONE', #3564, 1000.000000000000000 ) ;
#968 = ORIENTED_EDGE ( 'NONE', *, *, #6477, .F. ) ;
#969 = ORIENTED_EDGE ( 'NONE', *, *, #5308, .T. ) ;
#970 = CARTESIAN_POINT ( 'NONE',  ( 77.26116970192093447, 9.500000000000000000, 62.26711895504224969 ) ) ;
#971 = CYLINDRICAL_SURFACE ( 'NONE', #4033, 4.000000000000003553 ) ;
#972 = CARTESIAN_POINT ( 'NONE',  ( 17.91891372578179187, 9.500000000000000000, 159.9717492987328171 ) ) ;
#973 = ORIENTED_EDGE ( 'NONE', *, *, #4338, .T. ) ;
#974 = ADVANCED_FACE ( 'NONE', ( #1959 ), #6985, .F. ) ;
#975 = EDGE_LOOP ( 'NONE', ( #1546, #2512, #5786, #3150, #3935, #6914, #6909, #6142 ) ) ;
#976 = ORIENTED_EDGE ( 'NONE', *, *, #5905, .F. ) ;
#977 = CARTESIAN_POINT ( 'NONE',  ( 21.90466215730799249, 0.000000000000000000, 163.9717239102517681 ) ) ;
#978 = DIRECTION ( 'NONE',  ( -1.000000000000000000, 0.000000000000000000, -7.131793176782546675E-16 ) ) ;
#979 = DIRECTION ( 'NONE',  ( 0.000000000000000000, 0.000000000000000000, 1.000000000000000000 ) ) ;
#980 = DIRECTION ( 'NONE',  ( 1.214306433183764966E-16, -1.000000000000000000, 0.000000000000000000 ) ) ;
#981 = ORIENTED_EDGE ( 'NONE', *, *, #3280, .T. ) ;
#982 = ORIENTED_EDGE ( 'NONE', *, *, #4464, .F. ) ;
#983 = CARTESIAN_POINT ( 'NONE',  ( 50.28116970213873316, 2.000000000000000000, 128.7369805438819981 ) ) ;
#984 = CIRCLE ( 'NONE', #3502, 4.000000000000003553 ) ;
#985 = CARTESIAN_POINT ( 'NONE',  ( 72.26116970192092026, 9.500000000000000000, 58.26711895504224259 ) ) ;
#986 = CARTESIAN_POINT ( 'NONE',  ( 182.5411697017031258, 2.000000000000000000, 163.3000063471202452 ) ) ;
#987 = DIRECTION ( 'NONE',  ( 1.000000000000000000, 0.000000000000000000, 0.000000000000000000 ) ) ;
#988 = CARTESIAN_POINT ( 'NONE',  ( 154.2011697012675597, 9.500000000000000000, 141.7328810449583614 ) ) ;
#989 = EDGE_CURVE ( 'NONE', #6097, #3547, #5921, .T. ) ;
#990 = VECTOR ( 'NONE', #1842, 1000.000000000000000 ) ;
#991 = CARTESIAN_POINT ( 'NONE',  ( 99.24116970170310026, 2.000000000000001776, 159.9717239102517681 ) ) ;
#992 = ORIENTED_EDGE ( 'NONE', *, *, #2694, .T. ) ;
#993 = PLANE ( 'NONE',  #5048 ) ;
#994 = FACE_OUTER_BOUND ( 'NONE', #5876, .T. ) ;
#995 = CARTESIAN_POINT ( 'NONE',  ( 41.28116970213874026, -1.655222276702616329E-14, 40.02827608974841667 ) ) ;
#996 = VECTOR ( 'NONE', #6901, 1000.000000000000000 ) ;
#997 = DIRECTION ( 'NONE',  ( -1.214306433183764966E-16, 1.000000000000000000, 0.000000000000000000 ) ) ;
#998 = CARTESIAN_POINT ( 'NONE',  ( 95.24116970170310026, 2.000000000000001776, 62.26711895504224969 ) ) ;
#999 = DIRECTION ( 'NONE',  ( -1.000000000000000000, 0.000000000000000000, -7.718458180190526009E-16 ) ) ;
#1000 = ORIENTED_EDGE ( 'NONE', *, *, #508, .F. ) ;
#1001 = ADVANCED_FACE ( 'NONE', ( #6947 ), #5765, .F. ) ;
#1002 = ORIENTED_EDGE ( 'NONE', *, *, #6466, .F. ) ;
#1003 = VERTEX_POINT ( 'NONE', #6411 ) ;
#1004 = FACE_OUTER_BOUND ( 'NONE', #5536, .T. ) ;
#1005 = ADVANCED_FACE ( 'NONE', ( #944 ), #424, .F. ) ;
#1006 = LINE ( 'NONE', #3725, #6658 ) ;
#1007 = CARTESIAN_POINT ( 'NONE',  ( 177.5912666817638126, 9.500000000000000000, 58.26711895504224969 ) ) ;
#1008 = DIRECTION ( 'NONE',  ( 1.000000000000000000, 0.000000000000000000, 0.000000000000000000 ) ) ;
#1009 = EDGE_CURVE ( 'NONE', #6338, #2704, #1993, .T. ) ;
#1010 = VERTEX_POINT ( 'NONE', #6449 ) ;
#1011 = ORIENTED_EDGE ( 'NONE', *, *, #1763, .T. ) ;
#1012 = DIRECTION ( 'NONE',  ( 0.000000000000000000, 1.000000000000000000, 0.000000000000000000 ) ) ;
#1013 = VECTOR ( 'NONE', #1911, 1000.000000000000000 ) ;
#1014 = DIRECTION ( 'NONE',  ( 1.214306433183764966E-16, -1.000000000000000000, 7.577659542865232346E-32 ) ) ;
#1015 = ORIENTED_EDGE ( 'NONE', *, *, #5323, .F. ) ;
#1016 = AXIS2_PLACEMENT_3D ( 'NONE', #4507, #3969, #6151 ) ;
#1017 = EDGE_CURVE ( 'NONE', #64, #2070, #6335, .T. ) ;
#1018 = CARTESIAN_POINT ( 'NONE',  ( 177.5912666817638979, 9.500000000000000000, 97.50188770989301190 ) ) ;
#1019 = CARTESIAN_POINT ( 'NONE',  ( 122.2211697014853087, 9.500000000000000000, 141.7328810449583614 ) ) ;
#1020 = DIRECTION ( 'NONE',  ( 1.214306433183764966E-16, -1.000000000000000000, 8.660182334703126435E-32 ) ) ;
#1021 = CIRCLE ( 'NONE', #5938, 4.000000000000003553 ) ;
#1022 = DIRECTION ( 'NONE',  ( 1.000000000000000000, 0.000000000000000000, 0.000000000000000000 ) ) ;
#1023 = AXIS2_PLACEMENT_3D ( 'NONE', #517, #4905, #1571 ) ;
#1024 = VERTEX_POINT ( 'NONE', #3197 ) ;
#1025 = CARTESIAN_POINT ( 'NONE',  ( 46.28116970213873316, 2.000000000000001776, 141.7328810449583614 ) ) ;
#1026 = EDGE_CURVE ( 'NONE', #2541, #1699, #871, .T. ) ;
#1027 = DIRECTION ( 'NONE',  ( 0.000000000000000000, 0.000000000000000000, 1.000000000000000000 ) ) ;
#1028 = DIRECTION ( 'NONE',  ( 1.214306433183764966E-16, -1.000000000000000000, 8.660182334703126435E-32 ) ) ;
#1029 = DIRECTION ( 'NONE',  ( 1.000000000000000000, 1.214306433183764966E-16, 0.000000000000000000 ) ) ;
#1030 = DIRECTION ( 'NONE',  ( 1.000000000000000000, 1.214306433183763980E-16, 0.000000000000000000 ) ) ;
#1031 = VERTEX_POINT ( 'NONE', #5368 ) ;
#1032 = AXIS2_PLACEMENT_3D ( 'NONE', #1295, #77, #145 ) ;
#1033 = EDGE_LOOP ( 'NONE', ( #2287, #6502, #6988, #5947 ) ) ;
#1034 = ORIENTED_EDGE ( 'NONE', *, *, #2179, .T. ) ;
#1035 = CARTESIAN_POINT ( 'NONE',  ( 104.2411697017031003, 9.500000000000000000, 40.02827608974845219 ) ) ;
#1036 = DIRECTION ( 'NONE',  ( -0.000000000000000000, 1.000000000000000000, -0.000000000000000000 ) ) ;
#1037 = DIRECTION ( 'NONE',  ( 1.000000000000000000, 0.000000000000000000, 0.000000000000000000 ) ) ;
#1038 = DIRECTION ( 'NONE',  ( 0.000000000000000000, 0.000000000000000000, 1.000000000000000000 ) ) ;
#1039 = EDGE_LOOP ( 'NONE', ( #4118, #2352, #1985, #1318 ) ) ;
#1040 = CARTESIAN_POINT ( 'NONE',  ( 41.28116970213874026, 9.500000000000000000, 141.7328810449583614 ) ) ;
#1041 = EDGE_CURVE ( 'NONE', #6083, #5653, #6305, .T. ) ;
#1042 = ORIENTED_EDGE ( 'NONE', *, *, #4877, .F. ) ;
#1043 = ORIENTED_EDGE ( 'NONE', *, *, #4790, .F. ) ;
#1044 = CARTESIAN_POINT ( 'NONE',  ( 131.2211697014853087, 2.000000000000000000, 159.9717239102517681 ) ) ;
#1045 = ADVANCED_FACE ( 'NONE', ( #2556 ), #4736, .F. ) ;
#1046 = EDGE_CURVE ( 'NONE', #355, #2476, #206, .T. ) ;
#1047 = CARTESIAN_POINT ( 'NONE',  ( 41.28116970213874026, 0.000000000000000000, 97.50188770989295506 ) ) ;
#1048 = VECTOR ( 'NONE', #2699, 1000.000000000000000 ) ;
#1049 = VERTEX_POINT ( 'NONE', #2695 ) ;
#1050 = CYLINDRICAL_SURFACE ( 'NONE', #5137, 4.000000000000003553 ) ;
#1051 = VECTOR ( 'NONE', #5311, 1000.000000000000000 ) ;
#1052 = EDGE_CURVE ( 'NONE', #220, #6741, #6087, .T. ) ;
#1053 = CARTESIAN_POINT ( 'NONE',  ( 126.2211697014853087, -7.723691345436736938E-31, 141.7328810449583614 ) ) ;
#1054 = LINE ( 'NONE', #1733, #6949 ) ;
#1055 = EDGE_CURVE ( 'NONE', #5104, #1804, #5353, .T. ) ;
#1056 = EDGE_CURVE ( 'NONE', #6812, #6180, #7023, .T. ) ;
#1057 = AXIS2_PLACEMENT_3D ( 'NONE', #1044, #4874, #4266 ) ;
#1058 = LINE ( 'NONE', #5414, #6944 ) ;
#1059 = AXIS2_PLACEMENT_3D ( 'NONE', #4753, #4212, #5350 ) ;
#1060 = ORIENTED_EDGE ( 'NONE', *, *, #6221, .T. ) ;
#1061 =( NAMED_UNIT ( * ) PLANE_ANGLE_UNIT ( ) SI_UNIT ( $, .RADIAN. ) );
#1062 = DIRECTION ( 'NONE',  ( -1.214306433183764966E-16, 1.000000000000000000, -4.330091167351559933E-32 ) ) ;
#1063 = DIRECTION ( 'NONE',  ( -1.214306433183764966E-16, 1.000000000000000000, 0.000000000000000000 ) ) ;
#1064 = CARTESIAN_POINT ( 'NONE',  ( 104.2411697017031003, 9.500000000000000000, 106.4981376785882645 ) ) ;
#1065 = VECTOR ( 'NONE', #2657, 1000.000000000000114 ) ;
#1066 = EDGE_CURVE ( 'NONE', #6248, #1067, #4842, .T. ) ;
#1067 = VERTEX_POINT ( 'NONE', #7058 ) ;
#1068 = EDGE_LOOP ( 'NONE', ( #2237, #500, #3528, #1843 ) ) ;
#1069 = CIRCLE ( 'NONE', #5179, 4.000000000000003553 ) ;
#1070 = ORIENTED_EDGE ( 'NONE', *, *, #1703, .F. ) ;
#1071 = DIRECTION ( 'NONE',  ( 0.000000000000000000, 1.000000000000000000, 0.000000000000000000 ) ) ;
#1072 = LINE ( 'NONE', #2579, #5404 ) ;
#1073 = DIRECTION ( 'NONE',  ( 0.000000000000000000, -0.000000000000000000, -1.000000000000000000 ) ) ;
#1074 = ORIENTED_EDGE ( 'NONE', *, *, #6999, .T. ) ;
#1075 = CARTESIAN_POINT ( 'NONE',  ( 17.91893948763051370, 0.000000000000000000, 40.01392011099375168 ) ) ;
#1076 = CIRCLE ( 'NONE', #595, 10.00000000000000888 ) ;
#1077 = EDGE_CURVE ( 'NONE', #2339, #5930, #1185, .T. ) ;
#1078 = ORIENTED_EDGE ( 'NONE', *, *, #3006, .F. ) ;
#1079 = ORIENTED_EDGE ( 'NONE', *, *, #5638, .T. ) ;
#1080 = ORIENTED_EDGE ( 'NONE', *, *, #6114, .T. ) ;
#1081 = FACE_OUTER_BOUND ( 'NONE', #4019, .T. ) ;
#1082 = CARTESIAN_POINT ( 'NONE',  ( 21.90466215730799249, 0.000000000000000000, 163.9717239102517681 ) ) ;
#1083 = ADVANCED_FACE ( 'NONE', ( #3768 ), #2277, .F. ) ;
#1084 = CARTESIAN_POINT ( 'NONE',  ( 73.26116970192092026, -7.723691345436736938E-31, 159.9717239102517681 ) ) ;
#1085 = FACE_OUTER_BOUND ( 'NONE', #4652, .T. ) ;
#1086 = CARTESIAN_POINT ( 'NONE',  ( 73.26116970192092026, 1.999999999999998224, 97.50188770989215925 ) ) ;
#1087 = LINE ( 'NONE', #467, #4203 ) ;
#1088 = EDGE_CURVE ( 'NONE', #1804, #483, #6548, .T. ) ;
#1089 = ORIENTED_EDGE ( 'NONE', *, *, #6800, .T. ) ;
#1090 = EDGE_CURVE ( 'NONE', #6741, #3798, #3765, .T. ) ;
#1091 = SHAPE_DEFINITION_REPRESENTATION ( #3347, #1929 ) ;
#1092 = DIRECTION ( 'NONE',  ( 0.000000000000000000, 1.000000000000000000, 0.000000000000000000 ) ) ;
#1093 = PLANE ( 'NONE',  #950 ) ;
#1094 = FACE_OUTER_BOUND ( 'NONE', #5227, .T. ) ;
#1095 = AXIS2_PLACEMENT_3D ( 'NONE', #6498, #2157, #475 ) ;
#1096 = ORIENTED_EDGE ( 'NONE', *, *, #5424, .F. ) ;
#1097 = VECTOR ( 'NONE', #754, 1000.000000000000000 ) ;
#1098 = ORIENTED_EDGE ( 'NONE', *, *, #2209, .T. ) ;
#1099 = ADVANCED_FACE ( 'NONE', ( #2176 ), #4374, .F. ) ;
#1100 = CARTESIAN_POINT ( 'NONE',  ( 77.26116970192093447, 2.000000000000000000, 163.9717239102517681 ) ) ;
#1101 = ORIENTED_EDGE ( 'NONE', *, *, #6664, .T. ) ;
#1102 = CARTESIAN_POINT ( 'NONE',  ( 68.26116970192092026, 9.500000000000000000, 36.02827608974843088 ) ) ;
#1103 = LINE ( 'NONE', #5393, #6431 ) ;
#1104 = DIRECTION ( 'NONE',  ( -0.000000000000000000, 1.000000000000000000, -0.000000000000000000 ) ) ;
#1105 = LINE ( 'NONE', #5395, #2929 ) ;
#1106 = VERTEX_POINT ( 'NONE', #1654 ) ;
#1107 = CARTESIAN_POINT ( 'NONE',  ( 153.2011697012675597, 2.000000000000001776, 93.50188770989299769 ) ) ;
#1108 = ADVANCED_FACE ( 'NONE', ( #4301 ), #3835, .F. ) ;
#1109 = ORIENTED_EDGE ( 'NONE', *, *, #5169, .F. ) ;
#1110 = ORIENTED_EDGE ( 'NONE', *, *, #6365, .F. ) ;
#1111 = VERTEX_POINT ( 'NONE', #6020 ) ;
#1112 = CARTESIAN_POINT ( 'NONE',  ( 46.28116970213873316, 9.500000000000000000, 106.4981376785882219 ) ) ;
#1113 = EDGE_CURVE ( 'NONE', #5344, #5793, #6157, .T. ) ;
#1114 = CARTESIAN_POINT ( 'NONE',  ( 17.91893948763051370, 2.000000000000000000, 40.01392011099375168 ) ) ;
#1115 = ORIENTED_EDGE ( 'NONE', *, *, #806, .T. ) ;
#1116 = VECTOR ( 'NONE', #3420, 1000.000000000000000 ) ;
#1117 = CYLINDRICAL_SURFACE ( 'NONE', #1427, 4.000000000000003553 ) ;
#1118 = CARTESIAN_POINT ( 'NONE',  ( 100.2411697017031003, -7.723691345436736938E-31, 159.9717239102517681 ) ) ;
#1119 = CARTESIAN_POINT ( 'NONE',  ( 6.941169701703126194, 0.000000000000000000, 36.70000634712030063 ) ) ;
#1120 = DIRECTION ( 'NONE',  ( -0.000000000000000000, 1.000000000000000000, -0.000000000000000000 ) ) ;
#1121 = CARTESIAN_POINT ( 'NONE',  ( 6.941169701703126194, 9.500000000000000000, 36.70000634712030063 ) ) ;
#1122 = CIRCLE ( 'NONE', #1016, 4.000000000000003553 ) ;
#1123 = ORIENTED_EDGE ( 'NONE', *, *, #4861, .F. ) ;
#1124 = VERTEX_POINT ( 'NONE', #1114 ) ;
#1125 = VECTOR ( 'NONE', #1260, 1000.000000000000000 ) ;
#1126 = DIRECTION ( 'NONE',  ( 0.000000000000000000, 0.000000000000000000, 1.000000000000000000 ) ) ;
#1127 = CARTESIAN_POINT ( 'NONE',  ( 100.2411697017031003, 2.000000000000001776, 102.4981376785889466 ) ) ;
#1128 = DIRECTION ( 'NONE',  ( 0.000000000000000000, 1.000000000000000000, 0.000000000000000000 ) ) ;
#1129 = VERTEX_POINT ( 'NONE', #4445 ) ;
#1130 = VECTOR ( 'NONE', #6459, 1000.000000000000000 ) ;
#1131 = ORIENTED_EDGE ( 'NONE', *, *, #1585, .F. ) ;
#1132 = DIRECTION ( 'NONE',  ( 0.000000000000000000, 0.000000000000000000, -1.000000000000000000 ) ) ;
#1133 = ORIENTED_EDGE ( 'NONE', *, *, #1358, .F. ) ;
#1134 = LINE ( 'NONE', #3322, #518 ) ;
#1135 = CARTESIAN_POINT ( 'NONE',  ( 104.2411697017031003, 9.500000000000000000, 124.7369805438819839 ) ) ;
#1136 = CARTESIAN_POINT ( 'NONE',  ( 182.5411697017031258, 2.000000000000000000, 163.3000063471202452 ) ) ;
#1137 = VECTOR ( 'NONE', #3446, 1000.000000000000000 ) ;
#1138 = CARTESIAN_POINT ( 'NONE',  ( 126.2211697014853087, 1.999999999999998224, 163.9717239102515691 ) ) ;
#1139 = DIRECTION ( 'NONE',  ( -0.000000000000000000, 1.000000000000000000, -0.000000000000000000 ) ) ;
#1140 = ORIENTED_EDGE ( 'NONE', *, *, #1307, .F. ) ;
#1141 = ADVANCED_FACE ( 'NONE', ( #1725 ), #6481, .F. ) ;
#1142 = EDGE_CURVE ( 'NONE', #811, #2177, #5405, .T. ) ;
#1143 = ADVANCED_FACE ( 'NONE', ( #4949 ), #5440, .F. ) ;
#1144 = ORIENTED_EDGE ( 'NONE', *, *, #725, .T. ) ;
#1145 = ORIENTED_EDGE ( 'NONE', *, *, #46, .T. ) ;
#1146 = ORIENTED_EDGE ( 'NONE', *, *, #5584, .F. ) ;
#1147 = DIRECTION ( 'NONE',  ( 0.000000000000000000, 0.000000000000000000, 1.000000000000000000 ) ) ;
#1148 = DIRECTION ( 'NONE',  ( -1.214306433183764966E-16, 1.000000000000000000, 0.000000000000000000 ) ) ;
#1149 = EDGE_CURVE ( 'NONE', #157, #877, #4913, .T. ) ;
#1150 = EDGE_CURVE ( 'NONE', #4516, #2339, #3870, .T. ) ;
#1151 = ORIENTED_EDGE ( 'NONE', *, *, #3754, .T. ) ;
#1152 = DIRECTION ( 'NONE',  ( -1.214306433183764966E-16, 1.000000000000000000, 0.000000000000000000 ) ) ;
#1153 = DIRECTION ( 'NONE',  ( 0.0005581717017172993858, 0.000000000000000000, 0.9999998442221635919 ) ) ;
#1154 = DIRECTION ( 'NONE',  ( -2.081668171172159363E-14, 0.000000000000000000, -1.000000000000000000 ) ) ;
#1155 = CARTESIAN_POINT ( 'NONE',  ( 177.5810351238888813, 9.500000000000000000, 71.26304484459957678 ) ) ;
#1156 = DIRECTION ( 'NONE',  ( -0.000000000000000000, 1.000000000000000000, -0.000000000000000000 ) ) ;
#1157 = CARTESIAN_POINT ( 'NONE',  ( 72.26116970192092026, -7.723691345436736938E-31, 141.7328810449583614 ) ) ;
#1158 = VECTOR ( 'NONE', #2518, 1000.000000000000000 ) ;
#1159 = VECTOR ( 'NONE', #1240, 1000.000000000000000 ) ;
#1160 = ORIENTED_EDGE ( 'NONE', *, *, #6755, .T. ) ;
#1161 = VECTOR ( 'NONE', #4651, 1000.000000000000000 ) ;
#1162 = CARTESIAN_POINT ( 'NONE',  ( 68.26116970192092026, 4.999999999999999112, 36.02827608974843088 ) ) ;
#1163 = CARTESIAN_POINT ( 'NONE',  ( 122.2211697014853087, 1.999999999999998224, 124.7369805438819839 ) ) ;
#1164 = DIRECTION ( 'NONE',  ( -0.000000000000000000, 1.000000000000000000, -0.000000000000000000 ) ) ;
#1165 = DIRECTION ( 'NONE',  ( -0.000000000000000000, 1.000000000000000000, -0.000000000000000000 ) ) ;
#1166 = ORIENTED_EDGE ( 'NONE', *, *, #2765, .T. ) ;
#1167 = ADVANCED_FACE ( 'NONE', ( #5618 ), #5016, .F. ) ;
#1168 = VERTEX_POINT ( 'NONE', #4588 ) ;
#1169 = ORIENTED_EDGE ( 'NONE', *, *, #4977, .F. ) ;
#1170 = DIRECTION ( 'NONE',  ( -1.214306433183764966E-16, 1.000000000000000000, 0.000000000000000000 ) ) ;
#1171 = AXIS2_PLACEMENT_3D ( 'NONE', #5542, #6726, #5046 ) ;
#1172 = CARTESIAN_POINT ( 'NONE',  ( 158.2011697012675882, 9.500000000000000000, 163.9717239102517681 ) ) ;
#1173 = FACE_OUTER_BOUND ( 'NONE', #4721, .T. ) ;
#1174 = DIRECTION ( 'NONE',  ( 0.000000000000000000, 0.000000000000000000, -1.000000000000000000 ) ) ;
#1175 = DIRECTION ( 'NONE',  ( 0.000000000000000000, 0.000000000000000000, 1.000000000000000000 ) ) ;
#1176 = ORIENTED_EDGE ( 'NONE', *, *, #3554, .F. ) ;
#1177 = CIRCLE ( 'NONE', #5513, 4.000000000000003553 ) ;
#1178 = VERTEX_POINT ( 'NONE', #105 ) ;
#1179 = ORIENTED_EDGE ( 'NONE', *, *, #3056, .T. ) ;
#1180 = EDGE_CURVE ( 'NONE', #16, #56, #6493, .T. ) ;
#1181 = ORIENTED_EDGE ( 'NONE', *, *, #173, .T. ) ;
#1182 = DIRECTION ( 'NONE',  ( 0.000000000000000000, 0.000000000000000000, 1.000000000000000000 ) ) ;
#1183 = ADVANCED_FACE ( 'NONE', ( #5083 ), #4479, .F. ) ;
#1184 = CIRCLE ( 'NONE', #256, 4.000000000000003553 ) ;
#1185 = LINE ( 'NONE', #3372, #538 ) ;
#1186 = DIRECTION ( 'NONE',  ( -1.214306433183764966E-16, 1.000000000000000000, 0.000000000000000000 ) ) ;
#1187 = LINE ( 'NONE', #5663, #3343 ) ;
#1188 = DIRECTION ( 'NONE',  ( -0.000000000000000000, 1.000000000000000000, -0.000000000000000000 ) ) ;
#1189 = CARTESIAN_POINT ( 'NONE',  ( 158.2011697012675882, 9.500000000000000000, 128.7369805438819697 ) ) ;
#1190 = PLANE ( 'NONE',  #5157 ) ;
#1191 = CARTESIAN_POINT ( 'NONE',  ( 77.26116970192093447, 2.000000000000000000, 128.7369805438819981 ) ) ;
#1192 = VECTOR ( 'NONE', #569, 1000.000000000000000 ) ;
#1193 = EDGE_LOOP ( 'NONE', ( #5906, #7056, #5291, #6970, #6047, #3586, #5406, #4437 ) ) ;
#1194 = CARTESIAN_POINT ( 'NONE',  ( 17.90873331823641834, 9.500000000000000000, 141.7328810449583614 ) ) ;
#1195 = DIRECTION ( 'NONE',  ( 1.214306433183764966E-16, -1.000000000000000000, 0.000000000000000000 ) ) ;
#1196 = CARTESIAN_POINT ( 'NONE',  ( 122.2211697014853087, 1.999999999999998224, 58.26711895504224969 ) ) ;
#1197 = LINE ( 'NONE', #5029, #5627 ) ;
#1198 = DIRECTION ( 'NONE',  ( 0.000000000000000000, 0.000000000000000000, -1.000000000000000000 ) ) ;
#1199 = CIRCLE ( 'NONE', #498, 4.000000000000003553 ) ;
#1200 = EDGE_CURVE ( 'NONE', #3867, #1366, #2405, .T. ) ;
#1201 = EDGE_LOOP ( 'NONE', ( #5504, #5175, #2462, #1490, #4979, #6905, #143, #2417 ) ) ;
#1202 = DIRECTION ( 'NONE',  ( 1.000000000000000000, 0.000000000000000000, 0.000000000000000000 ) ) ;
#1203 = ORIENTED_EDGE ( 'NONE', *, *, #2585, .T. ) ;
#1204 = CARTESIAN_POINT ( 'NONE',  ( 68.26116970192092026, 1.999999999999998224, 97.50188770989296927 ) ) ;
#1205 = AXIS2_PLACEMENT_3D ( 'NONE', #3314, #3424, #1198 ) ;
#1206 = CARTESIAN_POINT ( 'NONE',  ( 177.5810351238888813, 9.500000000000000000, 71.26304484459957678 ) ) ;
#1207 = LINE ( 'NONE', #5533, #3886 ) ;
#1208 = DIRECTION ( 'NONE',  ( -1.000000000000000000, 0.000000000000000000, 0.000000000000000000 ) ) ;
#1209 = DIRECTION ( 'NONE',  ( 0.000000000000000000, 0.000000000000000000, -1.000000000000000000 ) ) ;
#1210 = ORIENTED_EDGE ( 'NONE', *, *, #4513, .F. ) ;
#1211 = VECTOR ( 'NONE', #2686, 1000.000000000000000 ) ;
#1212 = ORIENTED_EDGE ( 'NONE', *, *, #4462, .T. ) ;
#1213 = ORIENTED_EDGE ( 'NONE', *, *, #4884, .F. ) ;
#1214 = VERTEX_POINT ( 'NONE', #635 ) ;
#1215 = CARTESIAN_POINT ( 'NONE',  ( 21.90466215730799249, 0.000000000000000000, 163.9717239102517681 ) ) ;
#1216 = VECTOR ( 'NONE', #6789, 1000.000000000000000 ) ;
#1217 = CYLINDRICAL_SURFACE ( 'NONE', #1590, 4.000000000000003553 ) ;
#1218 = ORIENTED_EDGE ( 'NONE', *, *, #6903, .F. ) ;
#1219 = CARTESIAN_POINT ( 'NONE',  ( 153.2011697012675597, 2.000000000000001776, 58.26711895504224969 ) ) ;
#1220 = DIRECTION ( 'NONE',  ( 0.000000000000000000, 0.000000000000000000, -1.000000000000000000 ) ) ;
#1221 = CARTESIAN_POINT ( 'NONE',  ( 177.5912666817638126, 0.000000000000000000, 102.4981376785883072 ) ) ;
#1222 = DIRECTION ( 'NONE',  ( 0.000000000000000000, 1.000000000000000000, 0.000000000000000000 ) ) ;
#1223 = CARTESIAN_POINT ( 'NONE',  ( 182.5411697017031258, 2.000000000000000000, 163.3000063471202452 ) ) ;
#1224 = DIRECTION ( 'NONE',  ( 1.214306433183764966E-16, -1.000000000000000000, -0.000000000000000000 ) ) ;
#1225 = ADVANCED_FACE ( 'NONE', ( #6765 ), #751, .F. ) ;
#1226 = ORIENTED_EDGE ( 'NONE', *, *, #1356, .T. ) ;
#1227 = VERTEX_POINT ( 'NONE', #3941 ) ;
#1228 = EDGE_CURVE ( 'NONE', #4105, #2829, #2178, .T. ) ;
#1229 = CARTESIAN_POINT ( 'NONE',  ( 68.26116970192092026, 9.500000000000000000, 137.7328810449583330 ) ) ;
#1230 = ADVANCED_FACE ( 'NONE', ( #6121 ), #1217, .F. ) ;
#1231 = FACE_OUTER_BOUND ( 'NONE', #477, .T. ) ;
#1232 = CARTESIAN_POINT ( 'NONE',  ( 21.91893948763057409, 2.000000000000000000, 128.7369805438819981 ) ) ;
#1233 = CIRCLE ( 'NONE', #5234, 4.000000000000003553 ) ;
#1234 = CARTESIAN_POINT ( 'NONE',  ( 158.2011697012675882, 2.000000000000000000, 159.9717239102517681 ) ) ;
#1235 = VECTOR ( 'NONE', #1688, 1000.000000000000000 ) ;
#1236 = ORIENTED_EDGE ( 'NONE', *, *, #5468, .T. ) ;
#1237 = ORIENTED_EDGE ( 'NONE', *, *, #5173, .T. ) ;
#1238 = FACE_OUTER_BOUND ( 'NONE', #6038, .T. ) ;
#1239 = CARTESIAN_POINT ( 'NONE',  ( 77.26116970192093447, 9.500000000000000000, 141.7328810449583614 ) ) ;
#1240 = DIRECTION ( 'NONE',  ( -0.000000000000000000, 1.000000000000000000, -0.000000000000000000 ) ) ;
#1241 = LINE ( 'NONE', #6186, #6232 ) ;
#1242 = LINE ( 'NONE', #6611, #2728 ) ;
#1243 = AXIS2_PLACEMENT_3D ( 'NONE', #1556, #1442, #4684 ) ;
#1244 = ORIENTED_EDGE ( 'NONE', *, *, #3887, .T. ) ;
#1245 = ORIENTED_EDGE ( 'NONE', *, *, #789, .T. ) ;
#1246 = ORIENTED_EDGE ( 'NONE', *, *, #2948, .F. ) ;
#1247 = CARTESIAN_POINT ( 'NONE',  ( 158.2011697012675882, 2.000000000000000000, 62.26711895504224969 ) ) ;
#1248 = ORIENTED_EDGE ( 'NONE', *, *, #5854, .F. ) ;
#1249 = CARTESIAN_POINT ( 'NONE',  ( 154.2011697012675597, 9.500000000000000000, 75.26304484459959099 ) ) ;
#1250 = EDGE_CURVE ( 'NONE', #2713, #4072, #1288, .T. ) ;
#1251 = ORIENTED_EDGE ( 'NONE', *, *, #741, .T. ) ;
#1252 = DIRECTION ( 'NONE',  ( 1.214306433183764966E-16, -1.000000000000000000, 0.000000000000000000 ) ) ;
#1253 = ORIENTED_EDGE ( 'NONE', *, *, #2760, .F. ) ;
#1254 = EDGE_CURVE ( 'NONE', #483, #6248, #1325, .T. ) ;
#1255 = CARTESIAN_POINT ( 'NONE',  ( 95.24116970170310026, -26.25789166916415240, 124.7369805438819839 ) ) ;
#1256 = EDGE_CURVE ( 'NONE', #4823, #1635, #2855, .T. ) ;
#1257 = CARTESIAN_POINT ( 'NONE',  ( 72.26116970192092026, 1.999999999999998224, 36.02830147823004836 ) ) ;
#1258 = DIRECTION ( 'NONE',  ( 0.000000000000000000, 0.000000000000000000, -1.000000000000000000 ) ) ;
#1259 = CARTESIAN_POINT ( 'NONE',  ( 21.90466215730799249, 0.000000000000000000, 163.9717239102517681 ) ) ;
#1260 = DIRECTION ( 'NONE',  ( -1.214306433183764966E-16, 1.000000000000000000, -4.330091167351559933E-32 ) ) ;
#1261 = ORIENTED_EDGE ( 'NONE', *, *, #1906, .T. ) ;
#1262 = LINE ( 'NONE', #1737, #5563 ) ;
#1263 = EDGE_CURVE ( 'NONE', #5225, #2557, #671, .T. ) ;
#1264 = VECTOR ( 'NONE', #4637, 1000.000000000000000 ) ;
#1265 = EDGE_CURVE ( 'NONE', #5097, #6566, #2980, .T. ) ;
#1266 = LINE ( 'NONE', #3455, #967 ) ;
#1267 = DIRECTION ( 'NONE',  ( 0.000000000000000000, 0.000000000000000000, 1.000000000000000000 ) ) ;
#1268 = ADVANCED_FACE ( 'NONE', ( #4014 ), #4515, .F. ) ;
#1269 = AXIS2_PLACEMENT_3D ( 'NONE', #4501, #6676, #3963 ) ;
#1270 = ORIENTED_EDGE ( 'NONE', *, *, #836, .T. ) ;
#1271 = LINE ( 'NONE', #2359, #2423 ) ;
#1272 = VERTEX_POINT ( 'NONE', #1357 ) ;
#1273 = CARTESIAN_POINT ( 'NONE',  ( 177.5912666817638126, 2.000000000000000000, 159.9717492987328171 ) ) ;
#1274 = CYLINDRICAL_SURFACE ( 'NONE', #150, 4.000000000000003553 ) ;
#1275 = CARTESIAN_POINT ( 'NONE',  ( 104.2411697017031003, 2.000000000000000000, 58.26711895504224969 ) ) ;
#1276 = LINE ( 'NONE', #5647, #1904 ) ;
#1277 = AXIS2_PLACEMENT_3D ( 'NONE', #638, #4519, #4557 ) ;
#1278 = DIRECTION ( 'NONE',  ( -0.000000000000000000, 0.000000000000000000, -1.000000000000000000 ) ) ;
#1279 = DIRECTION ( 'NONE',  ( 1.214306433183764966E-16, -1.000000000000000000, 0.000000000000000000 ) ) ;
#1280 = ORIENTED_EDGE ( 'NONE', *, *, #3988, .F. ) ;
#1281 = AXIS2_PLACEMENT_3D ( 'NONE', #2544, #5223, #3515 ) ;
#1282 = AXIS2_PLACEMENT_3D ( 'NONE', #2782, #1164, #3387 ) ;
#1283 = ORIENTED_EDGE ( 'NONE', *, *, #1866, .F. ) ;
#1284 = FACE_OUTER_BOUND ( 'NONE', #2942, .T. ) ;
#1285 = FACE_OUTER_BOUND ( 'NONE', #6224, .T. ) ;
#1286 = ORIENTED_EDGE ( 'NONE', *, *, #4189, .T. ) ;
#1287 = ADVANCED_FACE ( 'NONE', ( #139 ), #2343, .F. ) ;
#1288 = LINE ( 'NONE', #5578, #2061 ) ;
#1289 = VECTOR ( 'NONE', #2362, 1000.000000000000000 ) ;
#1290 = ORIENTED_EDGE ( 'NONE', *, *, #6908, .T. ) ;
#1291 = LINE ( 'NONE', #3483, #1097 ) ;
#1292 = ORIENTED_EDGE ( 'NONE', *, *, #420, .T. ) ;
#1293 = EDGE_CURVE ( 'NONE', #1509, #234, #174, .T. ) ;
#1294 = CARTESIAN_POINT ( 'NONE',  ( 17.90873331823641834, 2.000000000000000000, 75.26304484459959099 ) ) ;
#1295 = CARTESIAN_POINT ( 'NONE',  ( 95.24116970170310026, -9.999825253619465701E-15, 106.4981376785882645 ) ) ;
#1296 = DIRECTION ( 'NONE',  ( 0.000000000000000000, 1.000000000000000000, 0.000000000000000000 ) ) ;
#1297 = DIRECTION ( 'NONE',  ( 0.000000000000000000, 0.000000000000000000, -1.000000000000000000 ) ) ;
#1298 = CARTESIAN_POINT ( 'NONE',  ( 104.2411697017031003, 9.500000000000000000, 163.9717239102517681 ) ) ;
#1299 = CIRCLE ( 'NONE', #598, 4.000000000000003553 ) ;
#1300 = ORIENTED_EDGE ( 'NONE', *, *, #3940, .F. ) ;
#1301 = VERTEX_POINT ( 'NONE', #6405 ) ;
#1302 = EDGE_CURVE ( 'NONE', #1820, #5824, #3693, .T. ) ;
#1303 = CARTESIAN_POINT ( 'NONE',  ( 95.24116970170310026, 2.000000000000000000, 137.7328810449583330 ) ) ;
#1304 = LINE ( 'NONE', #3456, #2432 ) ;
#1305 = EDGE_CURVE ( 'NONE', #2560, #4723, #6500, .T. ) ;
#1306 = VERTEX_POINT ( 'NONE', #3830 ) ;
#1307 = EDGE_CURVE ( 'NONE', #3512, #5310, #1360, .T. ) ;
#1308 = CARTESIAN_POINT ( 'NONE',  ( 68.26116970192092026, 0.000000000000000000, 97.50188770989296927 ) ) ;
#1309 = ORIENTED_EDGE ( 'NONE', *, *, #337, .T. ) ;
#1310 = CARTESIAN_POINT ( 'NONE',  ( 158.2011697012675882, 2.000000000000001776, 36.02827608974848772 ) ) ;
#1311 = FACE_OUTER_BOUND ( 'NONE', #1823, .T. ) ;
#1312 = LINE ( 'NONE', #196, #1381 ) ;
#1313 = DIRECTION ( 'NONE',  ( -1.214306433183764966E-16, 1.000000000000000000, 2.165045941964102761E-32 ) ) ;
#1314 = CARTESIAN_POINT ( 'NONE',  ( 131.2211697014853087, 9.500000000000000000, 62.26711895504224969 ) ) ;
#1315 = ADVANCED_FACE ( 'NONE', ( #6013 ), #3796, .F. ) ;
#1316 = ORIENTED_EDGE ( 'NONE', *, *, #4386, .T. ) ;
#1317 = CIRCLE ( 'NONE', #7031, 4.000000000000003553 ) ;
#1318 = ORIENTED_EDGE ( 'NONE', *, *, #1851, .T. ) ;
#1319 = EDGE_CURVE ( 'NONE', #5084, #1961, #2235, .T. ) ;
#1320 = ORIENTED_EDGE ( 'NONE', *, *, #2031, .T. ) ;
#1321 = CARTESIAN_POINT ( 'NONE',  ( 192.5411697017030974, 0.000000000000000000, 26.70000634712027221 ) ) ;
#1322 = CARTESIAN_POINT ( 'NONE',  ( 177.5912666817638126, 2.000000000000000000, 36.02827608974849483 ) ) ;
#1323 = ORIENTED_EDGE ( 'NONE', *, *, #3997, .F. ) ;
#1324 = EDGE_CURVE ( 'NONE', #231, #5893, #4405, .T. ) ;
#1325 = LINE ( 'NONE', #1249, #6959 ) ;
#1326 = VECTOR ( 'NONE', #3541, 1000.000000000000000 ) ;
#1327 = ORIENTED_EDGE ( 'NONE', *, *, #4887, .T. ) ;
#1328 = ORIENTED_EDGE ( 'NONE', *, *, #1438, .T. ) ;
#1329 = VECTOR ( 'NONE', #2876, 1000.000000000000000 ) ;
#1330 = DIRECTION ( 'NONE',  ( -0.000000000000000000, 1.000000000000000000, -0.000000000000000000 ) ) ;
#1331 = DIRECTION ( 'NONE',  ( -1.214306433183764966E-16, 1.000000000000000000, 0.000000000000000000 ) ) ;
#1332 = DIRECTION ( 'NONE',  ( 1.214306433183764966E-16, -1.000000000000000000, 0.000000000000000000 ) ) ;
#1333 = PLANE ( 'NONE',  #2095 ) ;
#1334 = DIRECTION ( 'NONE',  ( 1.000000000000000000, 0.000000000000000000, 0.000000000000000000 ) ) ;
#1335 = ORIENTED_EDGE ( 'NONE', *, *, #6078, .T. ) ;
#1336 = ORIENTED_EDGE ( 'NONE', *, *, #3368, .T. ) ;
#1337 = PLANE ( 'NONE',  #7021 ) ;
#1338 = CARTESIAN_POINT ( 'NONE',  ( 182.5411697017031258, 2.000000000000000000, 163.3000063471202452 ) ) ;
#1339 = VERTEX_POINT ( 'NONE', #7017 ) ;
#1340 = AXIS2_PLACEMENT_3D ( 'NONE', #3992, #3954, #6175 ) ;
#1341 = LINE ( 'NONE', #3070, #3567 ) ;
#1342 = VERTEX_POINT ( 'NONE', #6577 ) ;
#1343 = PLANE ( 'NONE',  #5218 ) ;
#1344 = CARTESIAN_POINT ( 'NONE',  ( 153.2011697012675597, 2.000000000000001776, 159.9717239102517681 ) ) ;
#1345 = CARTESIAN_POINT ( 'NONE',  ( 158.2011697012675882, 2.000000000000001776, 40.02827608974848772 ) ) ;
#1346 = ADVANCED_FACE ( 'NONE', ( #2757 ), #3764, .F. ) ;
#1347 = LINE ( 'NONE', #4657, #1326 ) ;
#1348 = EDGE_LOOP ( 'NONE', ( #5685, #1637, #4730, #3914, #1336, #3007, #6479, #6054 ) ) ;
#1349 = VECTOR ( 'NONE', #5446, 1000.000000000000000 ) ;
#1350 = ORIENTED_EDGE ( 'NONE', *, *, #5784, .T. ) ;
#1351 = ORIENTED_EDGE ( 'NONE', *, *, #420, .F. ) ;
#1352 = LINE ( 'NONE', #6326, #3619 ) ;
#1353 = CARTESIAN_POINT ( 'NONE',  ( 181.5810351238888813, 0.000000000000000000, 93.78780339365886221 ) ) ;
#1354 = ORIENTED_EDGE ( 'NONE', *, *, #116, .T. ) ;
#1355 = EDGE_CURVE ( 'NONE', #1124, #2220, #4835, .T. ) ;
#1356 = EDGE_CURVE ( 'NONE', #479, #193, #4942, .T. ) ;
#1357 = CARTESIAN_POINT ( 'NONE',  ( 131.2211697014853087, 9.500000000000000000, 102.4981376785882787 ) ) ;
#1358 = EDGE_CURVE ( 'NONE', #6259, #4545, #5581, .T. ) ;
#1359 = ORIENTED_EDGE ( 'NONE', *, *, #6825, .F. ) ;
#1360 = CIRCLE ( 'NONE', #4681, 4.000000000000017764 ) ;
#1361 = VERTEX_POINT ( 'NONE', #2690 ) ;
#1362 = DIRECTION ( 'NONE',  ( -0.000000000000000000, 1.000000000000000000, -0.000000000000000000 ) ) ;
#1363 = DIRECTION ( 'NONE',  ( 1.000000000000000000, 0.000000000000000000, -1.782948589251572672E-16 ) ) ;
#1364 = CIRCLE ( 'NONE', #5712, 3.999999999999996447 ) ;
#1365 = CARTESIAN_POINT ( 'NONE',  ( 122.2211697014853087, 2.000000000000000000, 141.7328810449583614 ) ) ;
#1366 = VERTEX_POINT ( 'NONE', #4367 ) ;
#1367 = EDGE_LOOP ( 'NONE', ( #2628, #2128, #3401, #1212, #437, #5732, #1684, #555 ) ) ;
#1368 = ORIENTED_EDGE ( 'NONE', *, *, #1821, .F. ) ;
#1369 = DIRECTION ( 'NONE',  ( -1.214306433183764966E-16, 1.000000000000000000, 0.000000000000000000 ) ) ;
#1370 = ADVANCED_FACE ( 'NONE', ( #2134 ), #6540, .F. ) ;
#1371 = CARTESIAN_POINT ( 'NONE',  ( 77.26116970192093447, -26.25789166916415596, 141.7328810449583614 ) ) ;
#1372 = CARTESIAN_POINT ( 'NONE',  ( 21.91891372578175279, 0.000000000000000000, 36.02827608974838824 ) ) ;
#1373 = VERTEX_POINT ( 'NONE', #3729 ) ;
#1374 = CARTESIAN_POINT ( 'NONE',  ( 73.26116970192092026, 9.500000000000000000, 40.02827608974843798 ) ) ;
#1375 = ORIENTED_EDGE ( 'NONE', *, *, #2947, .F. ) ;
#1376 = CARTESIAN_POINT ( 'NONE',  ( 181.5810351238888813, 0.000000000000000000, 93.78780339365886221 ) ) ;
#1377 = FACE_OUTER_BOUND ( 'NONE', #3601, .T. ) ;
#1378 = CARTESIAN_POINT ( 'NONE',  ( 72.26116970192092026, 1.999999999999998224, 159.9717239102517681 ) ) ;
#1379 = DIRECTION ( 'NONE',  ( 0.000000000000000000, 0.000000000000000000, 1.000000000000000000 ) ) ;
#1380 = AXIS2_PLACEMENT_3D ( 'NONE', #6553, #1120, #7065 ) ;
#1381 = VECTOR ( 'NONE', #2971, 1000.000000000000000 ) ;
#1382 = EDGE_CURVE ( 'NONE', #4941, #1657, #7087, .T. ) ;
#1383 = EDGE_LOOP ( 'NONE', ( #2725, #1611, #5470, #6872 ) ) ;
#1384 = VERTEX_POINT ( 'NONE', #1107 ) ;
#1385 = DIRECTION ( 'NONE',  ( 1.000000000000000000, 1.214306433183761268E-16, 0.000000000000000000 ) ) ;
#1386 = CIRCLE ( 'NONE', #4825, 4.000000000000003553 ) ;
#1387 = FACE_OUTER_BOUND ( 'NONE', #6035, .T. ) ;
#1388 = CARTESIAN_POINT ( 'NONE',  ( 104.2411697017031003, 9.500000000000000000, 128.7369805438819697 ) ) ;
#1389 = ORIENTED_EDGE ( 'NONE', *, *, #3335, .T. ) ;
#1390 = VECTOR ( 'NONE', #6624, 1000.000000000000000 ) ;
#1391 = AXIS2_PLACEMENT_3D ( 'NONE', #6632, #5559, #2851 ) ;
#1392 = ORIENTED_EDGE ( 'NONE', *, *, #6743, .F. ) ;
#1393 = ADVANCED_FACE ( 'NONE', ( #5361 ), #4293, .F. ) ;
#1394 = EDGE_CURVE ( 'NONE', #6566, #134, #4221, .T. ) ;
#1395 = ORIENTED_EDGE ( 'NONE', *, *, #4322, .T. ) ;
#1396 = DIRECTION ( 'NONE',  ( 0.000000000000000000, 0.000000000000000000, 1.000000000000000000 ) ) ;
#1397 = FACE_OUTER_BOUND ( 'NONE', #4183, .T. ) ;
#1398 = VECTOR ( 'NONE', #4585, 1000.000000000000114 ) ;
#1399 = CARTESIAN_POINT ( 'NONE',  ( 149.2011697012675597, 2.000000000000001776, 159.9717239102517681 ) ) ;
#1400 = CARTESIAN_POINT ( 'NONE',  ( 21.90873331823642189, 2.000000000000000000, 75.26304484459959099 ) ) ;
#1401 = ORIENTED_EDGE ( 'NONE', *, *, #5477, .F. ) ;
#1402 = ORIENTED_EDGE ( 'NONE', *, *, #5116, .F. ) ;
#1403 = DIRECTION ( 'NONE',  ( 0.000000000000000000, -1.000000000000000000, 0.000000000000000000 ) ) ;
#1404 = DIRECTION ( 'NONE',  ( 0.000000000000000000, 1.000000000000000000, 0.000000000000000000 ) ) ;
#1405 = DIRECTION ( 'NONE',  ( -0.000000000000000000, 1.000000000000000000, -0.000000000000000000 ) ) ;
#1406 = CIRCLE ( 'NONE', #5407, 4.000000000000003553 ) ;
#1407 = VERTEX_POINT ( 'NONE', #6890 ) ;
#1408 = VECTOR ( 'NONE', #322, 1000.000000000000000 ) ;
#1409 = DIRECTION ( 'NONE',  ( 0.000000000000000000, 0.000000000000000000, 1.000000000000000000 ) ) ;
#1410 = LINE ( 'NONE', #3176, #3878 ) ;
#1411 = EDGE_CURVE ( 'NONE', #4525, #4943, #1410, .T. ) ;
#1412 = CARTESIAN_POINT ( 'NONE',  ( 177.5810351238890235, 2.000000000000000000, 137.7328810449583330 ) ) ;
#1413 = DIRECTION ( 'NONE',  ( 0.000000000000000000, 1.000000000000000000, 0.000000000000000000 ) ) ;
#1414 = LINE ( 'NONE', #5384, #4946 ) ;
#1415 = DIRECTION ( 'NONE',  ( -1.214306433183764966E-16, 1.000000000000000000, 0.000000000000000000 ) ) ;
#1416 = EDGE_LOOP ( 'NONE', ( #2712, #3552, #712, #6282 ) ) ;
#1417 = ORIENTED_EDGE ( 'NONE', *, *, #4841, .F. ) ;
#1418 = ORIENTED_EDGE ( 'NONE', *, *, #3666, .F. ) ;
#1419 = CARTESIAN_POINT ( 'NONE',  ( 131.2211697014853087, 2.000000000000000000, 62.26711895504224969 ) ) ;
#1420 = CARTESIAN_POINT ( 'NONE',  ( 21.90466215730799249, 2.000000000000000000, 163.9717239102517681 ) ) ;
#1421 = LINE ( 'NONE', #899, #1690 ) ;
#1422 = VERTEX_POINT ( 'NONE', #5312 ) ;
#1423 = VECTOR ( 'NONE', #227, 1000.000000000000000 ) ;
#1424 = ORIENTED_EDGE ( 'NONE', *, *, #4120, .T. ) ;
#1425 = ORIENTED_EDGE ( 'NONE', *, *, #1860, .T. ) ;
#1426 = DIRECTION ( 'NONE',  ( 0.000000000000000000, 0.000000000000000000, 1.000000000000000000 ) ) ;
#1427 = AXIS2_PLACEMENT_3D ( 'NONE', #1512, #3300, #527 ) ;
#1428 = DIRECTION ( 'NONE',  ( 0.000000000000000000, 1.000000000000000000, 0.000000000000000000 ) ) ;
#1429 = DIRECTION ( 'NONE',  ( -1.000000000000000000, 0.000000000000000000, -7.131793176782546675E-16 ) ) ;
#1430 = EDGE_LOOP ( 'NONE', ( #2201, #137, #6276, #5122 ) ) ;
#1431 = ORIENTED_EDGE ( 'NONE', *, *, #5695, .F. ) ;
#1432 = CIRCLE ( 'NONE', #5439, 4.000000000000003553 ) ;
#1433 = ORIENTED_EDGE ( 'NONE', *, *, #1821, .T. ) ;
#1434 = CARTESIAN_POINT ( 'NONE',  ( 177.5810351238888813, 0.000000000000000000, 71.26304484459957678 ) ) ;
#1435 = CARTESIAN_POINT ( 'NONE',  ( 149.2011697012675597, 4.999999999999999112, 36.02827608974848062 ) ) ;
#1436 = CARTESIAN_POINT ( 'NONE',  ( 77.26116970192093447, -26.25789166916415596, 40.02827608974843798 ) ) ;
#1437 = PLANE ( 'NONE',  #3979 ) ;
#1438 = EDGE_CURVE ( 'NONE', #1810, #2610, #3304, .T. ) ;
#1439 = ADVANCED_FACE ( 'NONE', ( #994 ), #5347, .F. ) ;
#1440 = ORIENTED_EDGE ( 'NONE', *, *, #4062, .F. ) ;
#1441 = CARTESIAN_POINT ( 'NONE',  ( 72.26116970192092026, 9.500000000000000000, 141.7328810449583614 ) ) ;
#1442 = DIRECTION ( 'NONE',  ( 0.000000000000000000, 1.000000000000000000, 0.000000000000000000 ) ) ;
#1443 = DIRECTION ( 'NONE',  ( -0.000000000000000000, 1.000000000000000000, -0.000000000000000000 ) ) ;
#1444 = DIRECTION ( 'NONE',  ( 0.000000000000000000, 0.000000000000000000, -1.000000000000000000 ) ) ;
#1445 = CARTESIAN_POINT ( 'NONE',  ( 77.26116970192093447, 2.000000000000000000, 97.50188770989296927 ) ) ;
#1446 = AXIS2_PLACEMENT_3D ( 'NONE', #6153, #2565, #1905 ) ;
#1447 = DIRECTION ( 'NONE',  ( -1.000000000000000000, 0.000000000000000000, 0.000000000000000000 ) ) ;
#1448 = ADVANCED_FACE ( 'NONE', ( #3034 ), #3071, .F. ) ;
#1449 = ORIENTED_EDGE ( 'NONE', *, *, #7053, .T. ) ;
#1450 = EDGE_CURVE ( 'NONE', #4723, #801, #958, .T. ) ;
#1451 = VECTOR ( 'NONE', #5377, 1000.000000000000000 ) ;
#1452 = EDGE_LOOP ( 'NONE', ( #5112, #5363, #2874, #1833 ) ) ;
#1453 = ORIENTED_EDGE ( 'NONE', *, *, #3754, .F. ) ;
#1454 = DIRECTION ( 'NONE',  ( -0.000000000000000000, -1.000000000000000000, -0.000000000000000000 ) ) ;
#1455 = DIRECTION ( 'NONE',  ( 0.000000000000000000, 0.000000000000000000, 1.000000000000000000 ) ) ;
#1456 = CARTESIAN_POINT ( 'NONE',  ( 131.2211697014853087, 9.500000000000000000, 58.26711895504224969 ) ) ;
#1457 = VERTEX_POINT ( 'NONE', #5245 ) ;
#1458 = VECTOR ( 'NONE', #1922, 1000.000000000000000 ) ;
#1459 = AXIS2_PLACEMENT_3D ( 'NONE', #889, #6460, #3210 ) ;
#1460 = ADVANCED_FACE ( 'NONE', ( #4783 ), #4209, .F. ) ;
#1461 = VERTEX_POINT ( 'NONE', #3714 ) ;
#1462 = AXIS2_PLACEMENT_3D ( 'NONE', #6620, #6515, #596 ) ;
#1463 = VERTEX_POINT ( 'NONE', #5211 ) ;
#1464 = CYLINDRICAL_SURFACE ( 'NONE', #945, 4.000000000000017764 ) ;
#1465 = PLANE ( 'NONE',  #5475 ) ;
#1466 = LINE ( 'NONE', #5881, #1158 ) ;
#1467 = EDGE_CURVE ( 'NONE', #4628, #6398, #2531, .T. ) ;
#1468 = CARTESIAN_POINT ( 'NONE',  ( 182.5411697017031258, 2.000000000000000000, 163.3000063471202452 ) ) ;
#1469 = AXIS2_PLACEMENT_3D ( 'NONE', #3517, #5118, #1838 ) ;
#1470 = ORIENTED_EDGE ( 'NONE', *, *, #5598, .F. ) ;
#1471 = ORIENTED_EDGE ( 'NONE', *, *, #2154, .T. ) ;
#1472 = CIRCLE ( 'NONE', #6738, 4.000000000000003553 ) ;
#1473 = DIRECTION ( 'NONE',  ( 0.000000000000000000, -0.000000000000000000, -1.000000000000000000 ) ) ;
#1474 = DIRECTION ( 'NONE',  ( 0.000000000000000000, 0.000000000000000000, 1.000000000000000000 ) ) ;
#1475 = CYLINDRICAL_SURFACE ( 'NONE', #2202, 4.000000000000003553 ) ;
#1476 = FACE_BOUND ( 'NONE', #3277, .T. ) ;
#1477 = AXIS2_PLACEMENT_3D ( 'NONE', #623, #2753, #3362 ) ;
#1478 = ORIENTED_EDGE ( 'NONE', *, *, #46, .F. ) ;
#1479 = ADVANCED_FACE ( 'NONE', ( #6316 ), #5895, .F. ) ;
#1480 = ORIENTED_EDGE ( 'NONE', *, *, #1669, .F. ) ;
#1481 = EDGE_CURVE ( 'NONE', #1361, #911, #5133, .T. ) ;
#1482 = EDGE_CURVE ( 'NONE', #2831, #6376, #6962, .T. ) ;
#1483 = DIRECTION ( 'NONE',  ( -0.000000000000000000, 1.000000000000000000, -0.000000000000000000 ) ) ;
#1484 = CARTESIAN_POINT ( 'NONE',  ( 127.2211697014853087, -26.25789166916414885, 102.4981376785887619 ) ) ;
#1485 = DIRECTION ( 'NONE',  ( -1.000000000000000000, 0.000000000000000000, -7.157152345227358906E-16 ) ) ;
#1486 = PLANE ( 'NONE',  #3588 ) ;
#1487 = DIRECTION ( 'NONE',  ( 1.000000000000000000, 0.000000000000000000, 0.000000000000000000 ) ) ;
#1488 = EDGE_CURVE ( 'NONE', #931, #3637, #4817, .T. ) ;
#1489 = CARTESIAN_POINT ( 'NONE',  ( 46.28116970213874026, 7.022521612574186056E-32, 159.9717239102517681 ) ) ;
#1490 = ORIENTED_EDGE ( 'NONE', *, *, #3031, .T. ) ;
#1491 = EDGE_LOOP ( 'NONE', ( #2360, #6146, #930, #2522 ) ) ;
#1492 = ORIENTED_EDGE ( 'NONE', *, *, #293, .T. ) ;
#1493 = DIRECTION ( 'NONE',  ( 0.000000000000000000, 1.000000000000000000, 0.000000000000000000 ) ) ;
#1494 = CARTESIAN_POINT ( 'NONE',  ( 17.91893948763055633, 2.000000000000000000, 106.4837816998209377 ) ) ;
#1495 = ADVANCED_FACE ( 'NONE', ( #2082 ), #4247, .F. ) ;
#1496 = DIRECTION ( 'NONE',  ( 0.000000000000000000, 0.000000000000000000, -1.000000000000000000 ) ) ;
#1497 = CIRCLE ( 'NONE', #5041, 4.000000000000003553 ) ;
#1498 = VERTEX_POINT ( 'NONE', #6388 ) ;
#1499 = ORIENTED_EDGE ( 'NONE', *, *, #4079, .F. ) ;
#1500 = VECTOR ( 'NONE', #6284, 1000.000000000000000 ) ;
#1501 = ORIENTED_EDGE ( 'NONE', *, *, #880, .T. ) ;
#1502 = FACE_OUTER_BOUND ( 'NONE', #307, .T. ) ;
#1503 = DIRECTION ( 'NONE',  ( -0.000000000000000000, -1.000000000000000000, -0.000000000000000000 ) ) ;
#1504 = EDGE_CURVE ( 'NONE', #2392, #1272, #1970, .T. ) ;
#1505 = DIRECTION ( 'NONE',  ( 1.000000000000000000, 0.000000000000000000, 0.000000000000000000 ) ) ;
#1506 = LINE ( 'NONE', #6876, #2389 ) ;
#1507 = AXIS2_PLACEMENT_3D ( 'NONE', #602, #213, #2805 ) ;
#1508 = VECTOR ( 'NONE', #2458, 1000.000000000000000 ) ;
#1509 = VERTEX_POINT ( 'NONE', #366 ) ;
#1510 = ORIENTED_EDGE ( 'NONE', *, *, #6908, .F. ) ;
#1511 = ADVANCED_FACE ( 'NONE', ( #4750 ), #1521, .F. ) ;
#1512 = CARTESIAN_POINT ( 'NONE',  ( 131.2211697014853087, 1.327437383640761074E-14, 159.9717239102517681 ) ) ;
#1513 = AXIS2_PLACEMENT_3D ( 'NONE', #1567, #6438, #6401 ) ;
#1514 = DIRECTION ( 'NONE',  ( 0.000000000000000000, 0.000000000000000000, -1.000000000000000000 ) ) ;
#1515 = CARTESIAN_POINT ( 'NONE',  ( 50.28116970213873316, 9.500000000000000000, 141.7328810449583614 ) ) ;
#1516 = DIRECTION ( 'NONE',  ( -0.000000000000000000, 1.000000000000000000, -0.000000000000000000 ) ) ;
#1517 = EDGE_CURVE ( 'NONE', #2909, #3239, #2045, .T. ) ;
#1518 = CARTESIAN_POINT ( 'NONE',  ( 153.2011697012675597, 5.000000000000019540, 159.9717239102517681 ) ) ;
#1519 = ORIENTED_EDGE ( 'NONE', *, *, #4774, .T. ) ;
#1520 = DIRECTION ( 'NONE',  ( 0.000000000000000000, 0.000000000000000000, -1.000000000000000000 ) ) ;
#1521 = PLANE ( 'NONE',  #2627 ) ;
#1522 = LINE ( 'NONE', #3748, #6342 ) ;
#1523 = VECTOR ( 'NONE', #687, 1000.000000000000000 ) ;
#1524 = CARTESIAN_POINT ( 'NONE',  ( 100.2411697017031003, 9.500000000000000000, 75.26304484459959099 ) ) ;
#1525 = CARTESIAN_POINT ( 'NONE',  ( 95.24116970170310026, 9.500000000000000000, 97.50188770989298348 ) ) ;
#1526 = DIRECTION ( 'NONE',  ( 1.214306433183764966E-16, -1.000000000000000000, 0.000000000000000000 ) ) ;
#1527 = EDGE_CURVE ( 'NONE', #2829, #6820, #2258, .T. ) ;
#1528 = VERTEX_POINT ( 'NONE', #4998 ) ;
#1529 = AXIS2_PLACEMENT_3D ( 'NONE', #4881, #6626, #4 ) ;
#1530 = VERTEX_POINT ( 'NONE', #1739 ) ;
#1531 = EDGE_LOOP ( 'NONE', ( #4826, #5575, #1539, #5002 ) ) ;
#1532 = CARTESIAN_POINT ( 'NONE',  ( 177.5912666817638126, 9.500000000000000000, 159.9717492987328171 ) ) ;
#1533 = CYLINDRICAL_SURFACE ( 'NONE', #6772, 4.000000000000003553 ) ;
#1534 = DIRECTION ( 'NONE',  ( 0.000000000000000000, 0.000000000000000000, -1.000000000000000000 ) ) ;
#1535 = AXIS2_PLACEMENT_3D ( 'NONE', #6402, #146, #797 ) ;
#1536 = ORIENTED_EDGE ( 'NONE', *, *, #7093, .T. ) ;
#1537 = DIRECTION ( 'NONE',  ( -1.000000000000000000, 0.000000000000000000, -7.131793176782546675E-16 ) ) ;
#1538 = EDGE_CURVE ( 'NONE', #6292, #5529, #5381, .T. ) ;
#1539 = ORIENTED_EDGE ( 'NONE', *, *, #6766, .T. ) ;
#1540 = ORIENTED_EDGE ( 'NONE', *, *, #534, .T. ) ;
#1541 = CARTESIAN_POINT ( 'NONE',  ( 158.2011697012675882, 0.000000000000000000, 71.26304484459957678 ) ) ;
#1542 = DIRECTION ( 'NONE',  ( -1.000000000000000000, 0.000000000000000000, -7.167443620599021830E-16 ) ) ;
#1543 = VECTOR ( 'NONE', #4073, 1000.000000000000000 ) ;
#1544 = CARTESIAN_POINT ( 'NONE',  ( 177.5912666817638126, 2.000000000000000000, 102.4981376785883072 ) ) ;
#1545 = VECTOR ( 'NONE', #2304, 1000.000000000000000 ) ;
#1546 = ORIENTED_EDGE ( 'NONE', *, *, #3696, .T. ) ;
#1547 = DIRECTION ( 'NONE',  ( -0.000000000000000000, 1.000000000000000000, -0.000000000000000000 ) ) ;
#1548 = PLANE ( 'NONE',  #2683 ) ;
#1549 = FACE_OUTER_BOUND ( 'NONE', #3463, .T. ) ;
#1550 = CARTESIAN_POINT ( 'NONE',  ( 73.26116970192092026, -7.723691345436736938E-31, 58.26711895504224969 ) ) ;
#1551 = ADVANCED_FACE ( 'NONE', ( #2151 ), #4312, .F. ) ;
#1552 = VECTOR ( 'NONE', #3080, 1000.000000000000000 ) ;
#1553 = CARTESIAN_POINT ( 'NONE',  ( 181.5810351238889666, 0.000000000000000000, 75.26304484459961941 ) ) ;
#1554 = ORIENTED_EDGE ( 'NONE', *, *, #4062, .T. ) ;
#1555 = LINE ( 'NONE', #2640, #1051 ) ;
#1556 = CARTESIAN_POINT ( 'NONE',  ( 68.26116970192092026, 9.500000000000000000, 40.02827608974843088 ) ) ;
#1557 = DIRECTION ( 'NONE',  ( -1.000000000000000000, 0.000000000000000000, 0.000000000000000000 ) ) ;
#1558 = AXIS2_PLACEMENT_3D ( 'NONE', #5287, #1493, #3687 ) ;
#1559 = LINE ( 'NONE', #2605, #6442 ) ;
#1560 = DIRECTION ( 'NONE',  ( 0.000000000000000000, 0.000000000000000000, 1.000000000000000000 ) ) ;
#1561 = CARTESIAN_POINT ( 'NONE',  ( 95.24116970170310026, 2.000000000000001776, 58.26711895504224969 ) ) ;
#1562 = ORIENTED_EDGE ( 'NONE', *, *, #2358, .F. ) ;
#1563 = ORIENTED_EDGE ( 'NONE', *, *, #1256, .T. ) ;
#1564 = CLOSED_SHELL ( 'NONE', ( #1393, #961, #5194, #617, #3596, #6982, #3128, #405, #556, #3403, #609, #1891, #6586, #4692, #1346, #2415, #1167, #4015, #2289, #1268, #5594, #2983, #2338, #2595, #3955, #1225, #3461, #2513, #3201, #4066, #866, #5886, #5488, #5875, #2897, #2113, #1183, #5252, #2335, #5998, #2580, #847, #2141, #4566, #1998, #1108, #1448, #2763, #6179, #4444, #3677, #1370, #2163, #6039, #4213, #6927, #6001, #644, #5775, #1710, #2030, #1941, #1815, #5372, #3318, #1141, #5883, #6504, #429, #4906, #2635, #2020, #2547, #2052, #4767, #2609, #3161, #2849, #6129, #3407, #4860, #2298, #3958, #2861, #3848, #5375, #384, #5095, #2376, #4377, #1850, #3061, #5255, #3585, #600, #2886, #6708, #1511, #4550, #1460, #3317, #7079, #5816, #655, #3921, #5617, #3812, #1802, #239, #1636, #5726, #3191, #7040, #4912, #33, #974, #303, #2739, #4406, #5362, #1083, #3122, #6864, #3233, #4745, #1005, #200, #2171, #4240, #1001, #4170, #1761, #6340, #742, #5433, #4543, #4428, #1712, #1230, #839, #2720, #4935, #4225, #1495, #1143, #5801, #4904, #1799, #5891, #6984, #344, #6461, #6556, #2669, #2242, #4600, #3913, #3244, #2779, #3772, #1814, #172, #3508, #2249, #4922, #5613, #3771, #2675, #4027, #6433, #1801, #3306, #2802, #7059, #4455, #5865, #1666, #3427, #1479, #4952, #5939, #1315, #2533, #2254, #6710, #3837, #6126, #6226, #1551, #1439, #3460, #2723, #4463, #7054, #6692, #2069, #1625, #4204, #3101, #3635, #5852, #681, #1987, #1099, #5636, #2840, #4318, #2434, #2126, #803, #1287, #5032, #1045, #1892, #2169, #3487, #645, #292, #5972, #5561, #4490, #2663, #2041, #507, #2878, #1633 ) ) ;
#1565 = ORIENTED_EDGE ( 'NONE', *, *, #1979, .T. ) ;
#1566 = CARTESIAN_POINT ( 'NONE',  ( 46.28116970213873316, 4.999999999999996447, 40.02827608974841667 ) ) ;
#1567 = CARTESIAN_POINT ( 'NONE',  ( 50.28116970213873316, 2.000000000000001776, 141.7328810449583614 ) ) ;
#1568 = CARTESIAN_POINT ( 'NONE',  ( 154.2011697012675597, 9.500000000000000000, 124.7369805438819697 ) ) ;
#1569 = DIRECTION ( 'NONE',  ( -1.214306433183764966E-16, 1.000000000000000000, -0.000000000000000000 ) ) ;
#1570 = ORIENTED_EDGE ( 'NONE', *, *, #3649, .F. ) ;
#1571 = DIRECTION ( 'NONE',  ( 0.000000000000000000, 0.000000000000000000, 1.000000000000000000 ) ) ;
#1572 = CIRCLE ( 'NONE', #1931, 4.000000000000003553 ) ;
#1573 = VERTEX_POINT ( 'NONE', #5134 ) ;
#1574 = EDGE_CURVE ( 'NONE', #2453, #4859, #1829, .T. ) ;
#1575 = VERTEX_POINT ( 'NONE', #4644 ) ;
#1576 = EDGE_CURVE ( 'NONE', #6724, #2756, #3917, .T. ) ;
#1577 = CARTESIAN_POINT ( 'NONE',  ( 122.2211697014853087, -6.723626496916115331E-15, 106.4981376785882787 ) ) ;
#1578 = CIRCLE ( 'NONE', #1944, 4.000000000000003553 ) ;
#1579 = EDGE_CURVE ( 'NONE', #5310, #5199, #5557, .T. ) ;
#1580 = DIRECTION ( 'NONE',  ( -0.000000000000000000, 0.000000000000000000, -1.000000000000000000 ) ) ;
#1581 = DIRECTION ( 'NONE',  ( -0.000000000000000000, -1.000000000000000000, -0.000000000000000000 ) ) ;
#1582 = ORIENTED_EDGE ( 'NONE', *, *, #4322, .F. ) ;
#1583 = VECTOR ( 'NONE', #909, 1000.000000000000000 ) ;
#1584 = DIRECTION ( 'NONE',  ( 0.000000000000000000, 0.000000000000000000, -1.000000000000000000 ) ) ;
#1585 = EDGE_CURVE ( 'NONE', #1272, #231, #6277, .T. ) ;
#1586 = EDGE_CURVE ( 'NONE', #5767, #4941, #5471, .T. ) ;
#1587 = DIRECTION ( 'NONE',  ( 1.000000000000000000, 1.214306433183761268E-16, 0.000000000000000000 ) ) ;
#1588 = DIRECTION ( 'NONE',  ( 1.000000000000000000, 1.214306433183764966E-16, 0.000000000000000000 ) ) ;
#1589 = DIRECTION ( 'NONE',  ( -1.214306433183764966E-16, 1.000000000000000000, -8.660182334703126435E-32 ) ) ;
#1590 = AXIS2_PLACEMENT_3D ( 'NONE', #3977, #6231, #6729 ) ;
#1591 = DIRECTION ( 'NONE',  ( 0.000000000000000000, 0.000000000000000000, 1.000000000000000000 ) ) ;
#1592 = CARTESIAN_POINT ( 'NONE',  ( 158.2011697012675882, 9.500000000000000000, 62.26711895504224969 ) ) ;
#1593 = AXIS2_PLACEMENT_3D ( 'NONE', #2719, #5982, #1537 ) ;
#1594 = ORIENTED_EDGE ( 'NONE', *, *, #670, .F. ) ;
#1595 = CARTESIAN_POINT ( 'NONE',  ( 77.26116970192093447, 2.000000000000000000, 93.50188770989296927 ) ) ;
#1596 = DIRECTION ( 'NONE',  ( 0.000000000000000000, 1.000000000000000000, 0.000000000000000000 ) ) ;
#1597 = CARTESIAN_POINT ( 'NONE',  ( 182.5411697017031258, 2.000000000000000000, 163.3000063471202452 ) ) ;
#1598 = CYLINDRICAL_SURFACE ( 'NONE', #4181, 4.000000000000058620 ) ;
#1599 = ORIENTED_EDGE ( 'NONE', *, *, #6096, .F. ) ;
#1600 = AXIS2_PLACEMENT_3D ( 'NONE', #2109, #493, #3775 ) ;
#1601 = EDGE_LOOP ( 'NONE', ( #1453, #5397, #3895, #5334 ) ) ;
#1602 = EDGE_CURVE ( 'NONE', #3437, #2408, #392, .T. ) ;
#1603 = VERTEX_POINT ( 'NONE', #5808 ) ;
#1604 = CARTESIAN_POINT ( 'NONE',  ( 17.91891372578177766, 0.000000000000000000, 159.9717492987328171 ) ) ;
#1605 = CARTESIAN_POINT ( 'NONE',  ( 46.28116970213873316, 2.000000000000001776, 106.4981376785882219 ) ) ;
#1606 = DIRECTION ( 'NONE',  ( -0.000000000000000000, 1.000000000000000000, -0.000000000000000000 ) ) ;
#1607 = CYLINDRICAL_SURFACE ( 'NONE', #5694, 4.000000000000003553 ) ;
#1608 = VERTEX_POINT ( 'NONE', #2074 ) ;
#1609 = CARTESIAN_POINT ( 'NONE',  ( 177.5810351238889382, 2.000000000000000000, 75.26304484459959099 ) ) ;
#1610 = EDGE_CURVE ( 'NONE', #6424, #5807, #4676, .T. ) ;
#1611 = ORIENTED_EDGE ( 'NONE', *, *, #3328, .F. ) ;
#1612 = ORIENTED_EDGE ( 'NONE', *, *, #4779, .T. ) ;
#1613 = CIRCLE ( 'NONE', #342, 4.000000000000003553 ) ;
#1614 = DIRECTION ( 'NONE',  ( 1.214306433183764966E-16, -1.000000000000000000, 8.660182334703126435E-32 ) ) ;
#1615 = DIRECTION ( 'NONE',  ( 0.000000000000000000, -1.000000000000000000, 0.000000000000000000 ) ) ;
#1616 = EDGE_CURVE ( 'NONE', #5250, #1373, #3630, .T. ) ;
#1617 = EDGE_CURVE ( 'NONE', #4473, #2731, #3774, .T. ) ;
#1618 = EDGE_CURVE ( 'NONE', #6683, #6812, #1364, .T. ) ;
#1619 = DIRECTION ( 'NONE',  ( 1.000000000000000000, 1.214306433183764966E-16, -0.000000000000000000 ) ) ;
#1620 = LINE ( 'NONE', #4346, #3546 ) ;
#1621 = AXIS2_PLACEMENT_3D ( 'NONE', #2516, #3088, #6943 ) ;
#1622 = CARTESIAN_POINT ( 'NONE',  ( 45.28116970213874737, 2.000000000000001776, 124.7369805438819981 ) ) ;
#1623 = CARTESIAN_POINT ( 'NONE',  ( 100.2411697017031003, 5.000000000000010658, 106.4981376785882645 ) ) ;
#1624 = CARTESIAN_POINT ( 'NONE',  ( 99.24116970170310026, -7.723691345436736938E-31, 40.02827608974845219 ) ) ;
#1625 = ADVANCED_FACE ( 'NONE', ( #358 ), #3026, .T. ) ;
#1626 = VECTOR ( 'NONE', #34, 1000.000000000000000 ) ;
#1627 = CARTESIAN_POINT ( 'NONE',  ( 95.24116970170310026, 2.000000000000000000, 106.4981376785882645 ) ) ;
#1628 = AXIS2_PLACEMENT_3D ( 'NONE', #5420, #4889, #541 ) ;
#1629 = EDGE_LOOP ( 'NONE', ( #6016, #6233, #6811, #5284 ) ) ;
#1630 = CARTESIAN_POINT ( 'NONE',  ( 149.2011697012675597, -26.25789166916414530, 159.9717239102517681 ) ) ;
#1631 = CARTESIAN_POINT ( 'NONE',  ( 158.2011697012675882, 9.500000000000000000, 141.7328810449583614 ) ) ;
#1632 = LINE ( 'NONE', #1127, #3005 ) ;
#1633 = ADVANCED_FACE ( 'NONE', ( #4198 ), #6311, .F. ) ;
#1634 = CARTESIAN_POINT ( 'NONE',  ( 99.24116970170310026, 9.500000000000000000, 159.9717239102517681 ) ) ;
#1635 = VERTEX_POINT ( 'NONE', #5203 ) ;
#1636 = ADVANCED_FACE ( 'NONE', ( #2561 ), #6278, .F. ) ;
#1637 = ORIENTED_EDGE ( 'NONE', *, *, #1527, .T. ) ;
#1638 = VECTOR ( 'NONE', #3928, 1000.000000000000000 ) ;
#1639 = CARTESIAN_POINT ( 'NONE',  ( 17.91893948763057409, 9.500000000000000000, 124.7369805438819981 ) ) ;
#1640 = VERTEX_POINT ( 'NONE', #2631 ) ;
#1641 = DIRECTION ( 'NONE',  ( 0.000000000000000000, 1.000000000000000000, 0.000000000000000000 ) ) ;
#1642 = FACE_OUTER_BOUND ( 'NONE', #4969, .T. ) ;
#1643 = PLANE ( 'NONE',  #6117 ) ;
#1644 = CARTESIAN_POINT ( 'NONE',  ( 131.2211697014853087, 9.500000000000000000, 159.9717239102517681 ) ) ;
#1645 = ORIENTED_EDGE ( 'NONE', *, *, #883, .T. ) ;
#1646 = CARTESIAN_POINT ( 'NONE',  ( 95.24116970170310026, 4.999999999999999112, 137.7328810449583330 ) ) ;
#1647 = EDGE_CURVE ( 'NONE', #3519, #1361, #6918, .T. ) ;
#1648 = AXIS2_PLACEMENT_3D ( 'NONE', #5897, #6930, #3242 ) ;
#1649 = ORIENTED_EDGE ( 'NONE', *, *, #6675, .T. ) ;
#1650 = EDGE_LOOP ( 'NONE', ( #6606, #2939, #4623, #6217 ) ) ;
#1651 = VERTEX_POINT ( 'NONE', #2036 ) ;
#1652 = CIRCLE ( 'NONE', #259, 4.000000000000003553 ) ;
#1653 = LINE ( 'NONE', #4229, #2217 ) ;
#1654 = CARTESIAN_POINT ( 'NONE',  ( 95.24116970170310026, 2.000000000000001776, 97.50188770989298348 ) ) ;
#1655 = EDGE_CURVE ( 'NONE', #355, #520, #5338, .T. ) ;
#1656 = EDGE_CURVE ( 'NONE', #5436, #4228, #1472, .T. ) ;
#1657 = VERTEX_POINT ( 'NONE', #4808 ) ;
#1658 = CARTESIAN_POINT ( 'NONE',  ( 77.26116970192093447, 6.720245745872836202E-15, 93.50188770989296927 ) ) ;
#1659 = DIRECTION ( 'NONE',  ( -1.214306433183764966E-16, 1.000000000000000000, -0.000000000000000000 ) ) ;
#1660 = CARTESIAN_POINT ( 'NONE',  ( 104.2411697017031003, 2.000000000000000000, 93.50188770989298348 ) ) ;
#1661 = LINE ( 'NONE', #115, #6722 ) ;
#1662 = ORIENTED_EDGE ( 'NONE', *, *, #4819, .F. ) ;
#1663 = DIRECTION ( 'NONE',  ( -1.000000000000000000, 0.000000000000000000, -7.718458180190526009E-16 ) ) ;
#1664 = ORIENTED_EDGE ( 'NONE', *, *, #5408, .F. ) ;
#1665 = CARTESIAN_POINT ( 'NONE',  ( 0.000000000000000000, 0.000000000000000000, 0.000000000000000000 ) ) ;
#1666 = ADVANCED_FACE ( 'NONE', ( #2000 ), #3562, .F. ) ;
#1667 = CARTESIAN_POINT ( 'NONE',  ( 72.26116970192092026, 1.999999999999998224, 93.50188770989296927 ) ) ;
#1668 = DIRECTION ( 'NONE',  ( -1.000000000000000000, 0.000000000000000000, 0.000000000000000000 ) ) ;
#1669 = EDGE_CURVE ( 'NONE', #3822, #5916, #5741, .T. ) ;
#1670 = DIRECTION ( 'NONE',  ( -1.214306433183764966E-16, 1.000000000000000000, -4.330091167351559933E-32 ) ) ;
#1671 = VECTOR ( 'NONE', #2122, 1000.000000000000000 ) ;
#1672 = EDGE_LOOP ( 'NONE', ( #6635, #6651, #2910, #4748 ) ) ;
#1673 = CIRCLE ( 'NONE', #3509, 4.000000000000003553 ) ;
#1674 = ORIENTED_EDGE ( 'NONE', *, *, #4395, .F. ) ;
#1675 = ORIENTED_EDGE ( 'NONE', *, *, #87, .T. ) ;
#1676 = LINE ( 'NONE', #5566, #7030 ) ;
#1677 = EDGE_CURVE ( 'NONE', #381, #1573, #4709, .T. ) ;
#1678 = DIRECTION ( 'NONE',  ( 1.214306433183764966E-16, -1.000000000000000000, 7.577659542865232346E-32 ) ) ;
#1679 = DIRECTION ( 'NONE',  ( -0.000000000000000000, 1.000000000000000000, -0.000000000000000000 ) ) ;
#1680 = PLANE ( 'NONE',  #4755 ) ;
#1681 = CARTESIAN_POINT ( 'NONE',  ( 100.2411697017031003, 2.000000000000001776, 36.02830147822988494 ) ) ;
#1682 = ORIENTED_EDGE ( 'NONE', *, *, #2084, .T. ) ;
#1683 = CARTESIAN_POINT ( 'NONE',  ( 95.24116970170310026, -26.25789166916415240, 159.9717239102517681 ) ) ;
#1684 = ORIENTED_EDGE ( 'NONE', *, *, #5969, .T. ) ;
#1685 = ORIENTED_EDGE ( 'NONE', *, *, #776, .F. ) ;
#1686 = ORIENTED_EDGE ( 'NONE', *, *, #5033, .F. ) ;
#1687 = DIRECTION ( 'NONE',  ( 1.214306433183764966E-16, -1.000000000000000000, 0.000000000000000000 ) ) ;
#1688 = DIRECTION ( 'NONE',  ( -0.000000000000000000, 1.000000000000000000, -0.000000000000000000 ) ) ;
#1689 = ORIENTED_EDGE ( 'NONE', *, *, #5843, .T. ) ;
#1690 = VECTOR ( 'NONE', #4664, 1000.000000000000000 ) ;
#1691 = LINE ( 'NONE', #3873, #5546 ) ;
#1692 = EDGE_CURVE ( 'NONE', #3085, #4001, #6551, .T. ) ;
#1693 = DIRECTION ( 'NONE',  ( 1.214306433183764966E-16, -1.000000000000000000, -2.165045941964102761E-32 ) ) ;
#1694 = CARTESIAN_POINT ( 'NONE',  ( 127.2211697014853087, 5.000000000000014211, 75.26304484459959099 ) ) ;
#1695 = CARTESIAN_POINT ( 'NONE',  ( 21.91891372578183450, 0.000000000000000000, 97.50188770989295506 ) ) ;
#1696 = CARTESIAN_POINT ( 'NONE',  ( 46.28116970213874026, 2.000000000000000000, 159.9717239102517681 ) ) ;
#1697 = CARTESIAN_POINT ( 'NONE',  ( 127.2211697014853087, -7.723691345436736938E-31, 58.26711895504224969 ) ) ;
#1698 = VECTOR ( 'NONE', #496, 1000.000000000000000 ) ;
#1699 = VERTEX_POINT ( 'NONE', #1018 ) ;
#1700 = LINE ( 'NONE', #4457, #5798 ) ;
#1701 = CARTESIAN_POINT ( 'NONE',  ( 177.5912666817638126, 2.000000000000000000, 36.02827608974849483 ) ) ;
#1702 = DIRECTION ( 'NONE',  ( -1.214306433183764966E-16, 1.000000000000000000, -0.000000000000000000 ) ) ;
#1703 = EDGE_CURVE ( 'NONE', #4589, #1124, #6621, .T. ) ;
#1704 = DIRECTION ( 'NONE',  ( 1.000000000000000000, 1.214306433183764966E-16, -0.000000000000000000 ) ) ;
#1705 = CARTESIAN_POINT ( 'NONE',  ( 177.5810351238890235, 9.500000000000000000, 141.7328810449583614 ) ) ;
#1706 = CARTESIAN_POINT ( 'NONE',  ( 21.90466215730799249, 2.000000000000000000, 163.9717239102517681 ) ) ;
#1707 = ORIENTED_EDGE ( 'NONE', *, *, #885, .T. ) ;
#1708 = EDGE_CURVE ( 'NONE', #1178, #4394, #1620, .T. ) ;
#1709 = VECTOR ( 'NONE', #6510, 1000.000000000000000 ) ;
#1710 = ADVANCED_FACE ( 'NONE', ( #2143 ), #3203, .F. ) ;
#1711 = ORIENTED_EDGE ( 'NONE', *, *, #1319, .T. ) ;
#1712 = ADVANCED_FACE ( 'NONE', ( #6486 ), #2734, .F. ) ;
#1713 = ORIENTED_EDGE ( 'NONE', *, *, #2836, .F. ) ;
#1714 = FACE_OUTER_BOUND ( 'NONE', #558, .T. ) ;
#1715 = CARTESIAN_POINT ( 'NONE',  ( 153.2011697012675597, 2.000000000000000000, 106.4981376785883072 ) ) ;
#1716 = CARTESIAN_POINT ( 'NONE',  ( 177.5912666817638126, 0.000000000000000000, 124.7369805438819697 ) ) ;
#1717 = LINE ( 'NONE', #5071, #6570 ) ;
#1718 = DIRECTION ( 'NONE',  ( -1.000000000000000000, 0.000000000000000000, 0.000000000000000000 ) ) ;
#1719 = ORIENTED_EDGE ( 'NONE', *, *, #3643, .T. ) ;
#1720 = VERTEX_POINT ( 'NONE', #4381 ) ;
#1721 = ORIENTED_EDGE ( 'NONE', *, *, #6898, .F. ) ;
#1722 = EDGE_CURVE ( 'NONE', #6594, #4872, #5480, .T. ) ;
#1723 = ORIENTED_EDGE ( 'NONE', *, *, #4462, .F. ) ;
#1724 = DIRECTION ( 'NONE',  ( 0.000000000000000000, 1.000000000000000000, 0.000000000000000000 ) ) ;
#1725 = FACE_OUTER_BOUND ( 'NONE', #1416, .T. ) ;
#1726 = EDGE_CURVE ( 'NONE', #1509, #381, #6590, .T. ) ;
#1727 = ORIENTED_EDGE ( 'NONE', *, *, #1450, .F. ) ;
#1728 = DIRECTION ( 'NONE',  ( 0.000000000000000000, 0.000000000000000000, 1.000000000000000000 ) ) ;
#1729 = DIRECTION ( 'NONE',  ( 0.000000000000000000, 0.000000000000000000, 1.000000000000000000 ) ) ;
#1730 = DIRECTION ( 'NONE',  ( 1.214306433183764966E-16, -1.000000000000000000, 8.660182334703126435E-32 ) ) ;
#1731 = CARTESIAN_POINT ( 'NONE',  ( 68.26116970192092026, 4.999999999999999112, 137.7328810449583330 ) ) ;
#1732 = CARTESIAN_POINT ( 'NONE',  ( 182.5411697017031258, 2.000000000000000000, 163.3000063471202452 ) ) ;
#1733 = CARTESIAN_POINT ( 'NONE',  ( 17.91893948763055633, 2.000000000000000000, 106.4837816998209377 ) ) ;
#1734 = AXIS2_PLACEMENT_3D ( 'NONE', #1223, #3381, #6662 ) ;
#1735 = VECTOR ( 'NONE', #5646, 1000.000000000000000 ) ;
#1736 = ORIENTED_EDGE ( 'NONE', *, *, #966, .T. ) ;
#1737 = CARTESIAN_POINT ( 'NONE',  ( 21.91891372578183450, 9.500000000000000000, 97.50188770989295506 ) ) ;
#1738 = AXIS2_PLACEMENT_3D ( 'NONE', #6852, #1898, #1409 ) ;
#1739 = CARTESIAN_POINT ( 'NONE',  ( 17.90873331823641834, 2.000000000000000000, 141.7328810449583614 ) ) ;
#1740 = DIRECTION ( 'NONE',  ( 1.214306433183764966E-16, -1.000000000000000000, 8.660182334703126435E-32 ) ) ;
#1741 = FACE_OUTER_BOUND ( 'NONE', #636, .T. ) ;
#1742 = CARTESIAN_POINT ( 'NONE',  ( 177.5810351238888813, 0.000000000000000000, 71.26304484459957678 ) ) ;
#1743 = ORIENTED_EDGE ( 'NONE', *, *, #3991, .T. ) ;
#1744 = EDGE_CURVE ( 'NONE', #2366, #38, #5371, .T. ) ;
#1745 = COLOUR_RGB ( '',0.8941176470588234615, 0.8941176470588234615, 0.8941176470588234615 ) ;
#1746 = VERTEX_POINT ( 'NONE', #5924 ) ;
#1747 = ORIENTED_EDGE ( 'NONE', *, *, #3435, .F. ) ;
#1748 = CARTESIAN_POINT ( 'NONE',  ( 68.26116970192092026, 4.999999999999999112, 102.4981376785882361 ) ) ;
#1749 = VECTOR ( 'NONE', #3476, 1000.000000000000000 ) ;
#1750 = DIRECTION ( 'NONE',  ( -1.214306433183764966E-16, 1.000000000000000000, 0.000000000000000000 ) ) ;
#1751 = PLANE ( 'NONE',  #1477 ) ;
#1752 = DIRECTION ( 'NONE',  ( 1.000000000000000000, 0.000000000000000000, 0.000000000000000000 ) ) ;
#1753 = CARTESIAN_POINT ( 'NONE',  ( 72.26116970192092026, -26.25789166916415596, 102.4981376785891172 ) ) ;
#1754 = ORIENTED_EDGE ( 'NONE', *, *, #3373, .F. ) ;
#1755 = AXIS2_PLACEMENT_3D ( 'NONE', #1135, #130, #6109 ) ;
#1756 = EDGE_LOOP ( 'NONE', ( #4862, #1812, #1792, #3638 ) ) ;
#1757 = VERTEX_POINT ( 'NONE', #3875 ) ;
#1758 = VERTEX_POINT ( 'NONE', #568 ) ;
#1759 = LINE ( 'NONE', #5615, #2549 ) ;
#1760 = VECTOR ( 'NONE', #997, 1000.000000000000000 ) ;
#1761 = ADVANCED_FACE ( 'NONE', ( #2666 ), #2770, .F. ) ;
#1762 = DIRECTION ( 'NONE',  ( -1.000000000000000000, 0.000000000000000000, 0.000000000000000000 ) ) ;
#1763 = EDGE_CURVE ( 'NONE', #4235, #2309, #6451, .T. ) ;
#1764 = ORIENTED_EDGE ( 'NONE', *, *, #3597, .T. ) ;
#1765 = CIRCLE ( 'NONE', #2451, 10.00000000000000888 ) ;
#1766 = CARTESIAN_POINT ( 'NONE',  ( 104.2411697017031003, 2.000000000000001776, 36.02827608974845219 ) ) ;
#1767 = DIRECTION ( 'NONE',  ( 0.000000000000000000, 0.000000000000000000, 1.000000000000000000 ) ) ;
#1768 = DIRECTION ( 'NONE',  ( -1.000000000000000000, 0.000000000000000000, -7.131793176782546675E-16 ) ) ;
#1769 = PLANE ( 'NONE',  #6213 ) ;
#1770 = DIRECTION ( 'NONE',  ( -1.000000000000000000, -1.214306433183764966E-16, 0.000000000000000000 ) ) ;
#1771 = CARTESIAN_POINT ( 'NONE',  ( 181.5810351238890519, 2.000000000000000000, 141.7328810449583614 ) ) ;
#1772 = EDGE_CURVE ( 'NONE', #1306, #6235, #2248, .T. ) ;
#1773 = ORIENTED_EDGE ( 'NONE', *, *, #4841, .T. ) ;
#1774 = ORIENTED_EDGE ( 'NONE', *, *, #1041, .F. ) ;
#1775 = CARTESIAN_POINT ( 'NONE',  ( 122.2211697014853087, 9.500000000000000000, 102.4981376785882787 ) ) ;
#1776 = CARTESIAN_POINT ( 'NONE',  ( 122.2211697014853087, -26.25789166916414885, 58.26711895504224969 ) ) ;
#1777 = FACE_OUTER_BOUND ( 'NONE', #2653, .T. ) ;
#1778 = DIRECTION ( 'NONE',  ( 0.000000000000000000, -0.000000000000000000, -1.000000000000000000 ) ) ;
#1779 = VECTOR ( 'NONE', #19, 1000.000000000000000 ) ;
#1780 = ORIENTED_EDGE ( 'NONE', *, *, #4145, .F. ) ;
#1781 = ORIENTED_EDGE ( 'NONE', *, *, #3897, .F. ) ;
#1782 = CARTESIAN_POINT ( 'NONE',  ( 177.5810351238890235, 2.000000000000000000, 137.7328810449583330 ) ) ;
#1783 = AXIS2_PLACEMENT_3D ( 'NONE', #2818, #5001, #3388 ) ;
#1784 = EDGE_CURVE ( 'NONE', #1366, #4255, #7026, .T. ) ;
#1785 = DIRECTION ( 'NONE',  ( 0.000000000000000000, 1.000000000000000000, 0.000000000000000000 ) ) ;
#1786 = LINE ( 'NONE', #3967, #2406 ) ;
#1787 = LINE ( 'NONE', #4435, #1545 ) ;
#1788 = DIRECTION ( 'NONE',  ( -3.565896588391270872E-16, 0.000000000000000000, 1.000000000000000000 ) ) ;
#1789 = AXIS2_PLACEMENT_3D ( 'NONE', #4448, #5690, #6192 ) ;
#1790 = CARTESIAN_POINT ( 'NONE',  ( 154.2011697012675597, 9.500000000000000000, 58.26711895504224259 ) ) ;
#1791 = EDGE_CURVE ( 'NONE', #6292, #2012, #5951, .T. ) ;
#1792 = ORIENTED_EDGE ( 'NONE', *, *, #6516, .T. ) ;
#1793 = EDGE_LOOP ( 'NONE', ( #2976, #2586, #4950, #2473 ) ) ;
#1794 = CARTESIAN_POINT ( 'NONE',  ( 21.91891372578179542, 9.500000000000000000, 36.02827608974838824 ) ) ;
#1795 = CIRCLE ( 'NONE', #3052, 4.000000000000003553 ) ;
#1796 = CARTESIAN_POINT ( 'NONE',  ( 99.24116970170310026, -26.25789166916415240, 36.02830147822988494 ) ) ;
#1797 = ORIENTED_EDGE ( 'NONE', *, *, #929, .F. ) ;
#1798 = CARTESIAN_POINT ( 'NONE',  ( 182.5411697017031258, 2.000000000000000000, 163.3000063471202452 ) ) ;
#1799 = ADVANCED_FACE ( 'NONE', ( #6990 ), #5990, .F. ) ;
#1800 = VERTEX_POINT ( 'NONE', #5959 ) ;
#1801 = ADVANCED_FACE ( 'NONE', ( #3807 ), #1050, .F. ) ;
#1802 = ADVANCED_FACE ( 'NONE', ( #7063 ), #5443, .F. ) ;
#1803 = CARTESIAN_POINT ( 'NONE',  ( 158.2011697012675882, 9.500000000000000000, 106.4981376785883072 ) ) ;
#1804 = VERTEX_POINT ( 'NONE', #6701 ) ;
#1805 = DIRECTION ( 'NONE',  ( 1.214306433183764966E-16, -1.000000000000000000, -2.165045941964102761E-32 ) ) ;
#1806 = FACE_OUTER_BOUND ( 'NONE', #5540, .T. ) ;
#1807 = CARTESIAN_POINT ( 'NONE',  ( 41.28116970213873316, 9.500000000000000000, 58.26711895504224969 ) ) ;
#1808 = CARTESIAN_POINT ( 'NONE',  ( 122.2211697014853087, 4.999999999999999112, 137.7328810449583330 ) ) ;
#1809 = DIRECTION ( 'NONE',  ( 0.000000000000000000, 0.000000000000000000, 1.000000000000000000 ) ) ;
#1810 = VERTEX_POINT ( 'NONE', #6237 ) ;
#1811 = AXIS2_PLACEMENT_3D ( 'NONE', #5831, #4223, #5190 ) ;
#1812 = ORIENTED_EDGE ( 'NONE', *, *, #2536, .T. ) ;
#1813 = DIRECTION ( 'NONE',  ( 1.000000000000000000, 1.214306433183764966E-16, 0.000000000000000000 ) ) ;
#1814 = ADVANCED_FACE ( 'NONE', ( #112 ), #758, .F. ) ;
#1815 = ADVANCED_FACE ( 'NONE', ( #1806 ), #2282, .F. ) ;
#1816 = FACE_OUTER_BOUND ( 'NONE', #492, .T. ) ;
#1817 = CARTESIAN_POINT ( 'NONE',  ( 177.5810351238890235, 0.000000000000000000, 141.7328810449583614 ) ) ;
#1818 = VECTOR ( 'NONE', #2705, 1000.000000000000000 ) ;
#1819 = AXIS2_PLACEMENT_3D ( 'NONE', #1082, #3903, #3228 ) ;
#1820 = VERTEX_POINT ( 'NONE', #4450 ) ;
#1821 = EDGE_CURVE ( 'NONE', #4789, #3009, #2954, .T. ) ;
#1822 = DIRECTION ( 'NONE',  ( 1.000000000000000000, 1.214306433183764966E-16, -0.000000000000000000 ) ) ;
#1823 = EDGE_LOOP ( 'NONE', ( #3950, #3786, #4431, #4526 ) ) ;
#1824 = LINE ( 'NONE', #5780, #4879 ) ;
#1825 = CARTESIAN_POINT ( 'NONE',  ( 45.28116970213874026, -2.337187214358303262E-30, 40.02827608974841667 ) ) ;
#1826 = DIRECTION ( 'NONE',  ( 0.000000000000000000, 0.000000000000000000, -1.000000000000000000 ) ) ;
#1827 = CARTESIAN_POINT ( 'NONE',  ( 46.28116970213873316, 9.500000000000000000, 75.26304484459959099 ) ) ;
#1828 = FACE_OUTER_BOUND ( 'NONE', #4097, .T. ) ;
#1829 = CIRCLE ( 'NONE', #6731, 4.000000000000003553 ) ;
#1830 = CYLINDRICAL_SURFACE ( 'NONE', #3976, 4.000000000000003553 ) ;
#1831 = ORIENTED_EDGE ( 'NONE', *, *, #4396, .T. ) ;
#1832 = CIRCLE ( 'NONE', #2742, 4.000000000000003553 ) ;
#1833 = ORIENTED_EDGE ( 'NONE', *, *, #1149, .F. ) ;
#1834 = DIRECTION ( 'NONE',  ( 1.214306433183764966E-16, -1.000000000000000000, -0.000000000000000000 ) ) ;
#1835 = CARTESIAN_POINT ( 'NONE',  ( 149.2011697012675597, -3.447427740212757467E-15, 106.4981376785883072 ) ) ;
#1836 = EDGE_CURVE ( 'NONE', #6794, #3981, #3944, .T. ) ;
#1837 = ORIENTED_EDGE ( 'NONE', *, *, #3938, .T. ) ;
#1838 = DIRECTION ( 'NONE',  ( 0.000000000000000000, 0.000000000000000000, -1.000000000000000000 ) ) ;
#1839 = CIRCLE ( 'NONE', #446, 4.000000000000003553 ) ;
#1840 = ORIENTED_EDGE ( 'NONE', *, *, #4340, .F. ) ;
#1841 = EDGE_CURVE ( 'NONE', #3647, #5697, #6131, .T. ) ;
#1842 = DIRECTION ( 'NONE',  ( 0.000000000000000000, 0.000000000000000000, -1.000000000000000000 ) ) ;
#1843 = ORIENTED_EDGE ( 'NONE', *, *, #6596, .F. ) ;
#1844 = DIRECTION ( 'NONE',  ( -0.000000000000000000, 1.000000000000000000, -0.000000000000000000 ) ) ;
#1845 = CARTESIAN_POINT ( 'NONE',  ( 126.2211697014853087, 9.500000000000000000, 58.26711895504224259 ) ) ;
#1846 = EDGE_CURVE ( 'NONE', #5653, #252, #639, .T. ) ;
#1847 = DIRECTION ( 'NONE',  ( 0.000000000000000000, 1.000000000000000000, 0.000000000000000000 ) ) ;
#1848 = PLANE ( 'NONE',  #1734 ) ;
#1849 = FACE_OUTER_BOUND ( 'NONE', #1201, .T. ) ;
#1850 = ADVANCED_FACE ( 'NONE', ( #2411 ), #4558, .F. ) ;
#1851 = EDGE_CURVE ( 'NONE', #425, #6235, #3521, .T. ) ;
#1852 = ORIENTED_EDGE ( 'NONE', *, *, #2796, .T. ) ;
#1853 = EDGE_LOOP ( 'NONE', ( #4044, #4055, #4360, #281 ) ) ;
#1854 = CIRCLE ( 'NONE', #5265, 4.000000000000003553 ) ;
#1855 = DIRECTION ( 'NONE',  ( 1.214306433183764966E-16, -1.000000000000000000, 0.000000000000000000 ) ) ;
#1856 = FACE_OUTER_BOUND ( 'NONE', #4852, .T. ) ;
#1857 = EDGE_CURVE ( 'NONE', #4491, #374, #6735, .T. ) ;
#1858 = AXIS2_PLACEMENT_3D ( 'NONE', #2081, #5380, #4749 ) ;
#1859 = ORIENTED_EDGE ( 'NONE', *, *, #6234, .F. ) ;
#1860 = EDGE_CURVE ( 'NONE', #5841, #5738, #6093, .T. ) ;
#1861 = DIRECTION ( 'NONE',  ( 1.000000000000000000, 1.214306433183764966E-16, 0.000000000000000000 ) ) ;
#1862 = ORIENTED_EDGE ( 'NONE', *, *, #6421, .F. ) ;
#1863 = CARTESIAN_POINT ( 'NONE',  ( 149.2011697012675597, 0.000000000000000000, 128.7369805438819697 ) ) ;
#1864 = LINE ( 'NONE', #5782, #6091 ) ;
#1865 = CARTESIAN_POINT ( 'NONE',  ( 131.2211697014853087, -26.25789166916414885, 40.02827608974847351 ) ) ;
#1866 = EDGE_CURVE ( 'NONE', #4255, #6154, #320, .T. ) ;
#1867 = CYLINDRICAL_SURFACE ( 'NONE', #4069, 3.999999999999989786 ) ;
#1868 = AXIS2_PLACEMENT_3D ( 'NONE', #4124, #6301, #1396 ) ;
#1869 = CARTESIAN_POINT ( 'NONE',  ( 21.91891372578183450, 0.000000000000000000, 97.50188770989295506 ) ) ;
#1870 = AXIS2_PLACEMENT_3D ( 'NONE', #6319, #4250, #404 ) ;
#1871 = ORIENTED_EDGE ( 'NONE', *, *, #2125, .T. ) ;
#1872 = CIRCLE ( 'NONE', #1513, 4.000000000000003553 ) ;
#1873 = VERTEX_POINT ( 'NONE', #717 ) ;
#1874 = DIRECTION ( 'NONE',  ( 1.000000000000000000, 0.000000000000000000, 0.000000000000000000 ) ) ;
#1875 = CARTESIAN_POINT ( 'NONE',  ( 17.91891372578177766, 2.000000000000000000, 159.9717492987328171 ) ) ;
#1876 = VERTEX_POINT ( 'NONE', #3377 ) ;
#1877 = CARTESIAN_POINT ( 'NONE',  ( 104.2411697017031003, 5.000000000000007105, 62.26711895504224969 ) ) ;
#1878 = VECTOR ( 'NONE', #3153, 1000.000000000000000 ) ;
#1879 = ORIENTED_EDGE ( 'NONE', *, *, #5173, .F. ) ;
#1880 = ORIENTED_EDGE ( 'NONE', *, *, #3887, .F. ) ;
#1881 = CIRCLE ( 'NONE', #2445, 4.000000000000003553 ) ;
#1882 = CARTESIAN_POINT ( 'NONE',  ( 16.94116970170312442, 9.500000000000000000, 36.70000634712030063 ) ) ;
#1883 = DIRECTION ( 'NONE',  ( 1.214306433183764966E-16, -1.000000000000000000, 0.000000000000000000 ) ) ;
#1884 = EDGE_CURVE ( 'NONE', #2408, #5824, #181, .T. ) ;
#1885 = CARTESIAN_POINT ( 'NONE',  ( 46.28116970213874026, 2.000000000000000000, 93.50188770989296927 ) ) ;
#1886 = DIRECTION ( 'NONE',  ( -0.000000000000000000, 1.000000000000000000, -0.000000000000000000 ) ) ;
#1887 = LINE ( 'NONE', #6241, #6375 ) ;
#1888 = AXIS2_PLACEMENT_3D ( 'NONE', #986, #463, #6991 ) ;
#1889 = VERTEX_POINT ( 'NONE', #5089 ) ;
#1890 = ORIENTED_EDGE ( 'NONE', *, *, #6517, .T. ) ;
#1891 = ADVANCED_FACE ( 'NONE', ( #4021 ), #6660, .F. ) ;
#1892 = ADVANCED_FACE ( 'NONE', ( #6203 ), #3412, .F. ) ;
#1893 = DIRECTION ( 'NONE',  ( 1.214306433183764966E-16, -1.000000000000000000, 0.000000000000000000 ) ) ;
#1894 = CARTESIAN_POINT ( 'NONE',  ( 50.28116970213873316, 2.000000000000001776, 71.26304484459957678 ) ) ;
#1895 = ORIENTED_EDGE ( 'NONE', *, *, #4586, .T. ) ;
#1896 = EDGE_CURVE ( 'NONE', #4228, #5301, #2347, .T. ) ;
#1897 = EDGE_CURVE ( 'NONE', #1635, #3512, #5623, .T. ) ;
#1898 = DIRECTION ( 'NONE',  ( 0.000000000000000000, 1.000000000000000000, 0.000000000000000000 ) ) ;
#1899 = ORIENTED_EDGE ( 'NONE', *, *, #2830, .F. ) ;
#1900 = LINE ( 'NONE', #5141, #5426 ) ;
#1901 = DIRECTION ( 'NONE',  ( 1.000000000000000000, 0.000000000000000000, 0.000000000000000000 ) ) ;
#1902 = LINE ( 'NONE', #2363, #2995 ) ;
#1903 = PLANE ( 'NONE',  #3953 ) ;
#1904 = VECTOR ( 'NONE', #3860, 1000.000000000000000 ) ;
#1905 = DIRECTION ( 'NONE',  ( 0.000000000000000000, 0.000000000000000000, -1.000000000000000000 ) ) ;
#1906 = EDGE_CURVE ( 'NONE', #1873, #5344, #5195, .T. ) ;
#1907 = VERTEX_POINT ( 'NONE', #2517 ) ;
#1908 = VERTEX_POINT ( 'NONE', #3018 ) ;
#1909 = FACE_OUTER_BOUND ( 'NONE', #4123, .T. ) ;
#1910 = CARTESIAN_POINT ( 'NONE',  ( 99.24116970170310026, 2.000000000000001776, 124.7369805438819697 ) ) ;
#1911 = DIRECTION ( 'NONE',  ( 1.000000000000000000, 0.000000000000000000, 0.000000000000000000 ) ) ;
#1912 = ORIENTED_EDGE ( 'NONE', *, *, #6565, .F. ) ;
#1913 = DIRECTION ( 'NONE',  ( 1.782948589251572672E-16, 0.000000000000000000, 1.000000000000000000 ) ) ;
#1914 = VECTOR ( 'NONE', #1948, 1000.000000000000000 ) ;
#1915 = VERTEX_POINT ( 'NONE', #3660 ) ;
#1916 = ORIENTED_EDGE ( 'NONE', *, *, #6123, .T. ) ;
#1917 = AXIS2_PLACEMENT_3D ( 'NONE', #2300, #3359, #5604 ) ;
#1918 = CARTESIAN_POINT ( 'NONE',  ( 50.28116970213873316, 9.500000000000000000, 40.02827608974841667 ) ) ;
#1919 = DIRECTION ( 'NONE',  ( 1.000000000000000000, 0.000000000000000000, 4.494882484332465634E-15 ) ) ;
#1920 = DIRECTION ( 'NONE',  ( 1.214306433183764966E-16, -1.000000000000000000, 4.330091167351559933E-32 ) ) ;
#1921 = DIRECTION ( 'NONE',  ( 1.000000000000000000, 0.000000000000000000, 0.000000000000000000 ) ) ;
#1922 = DIRECTION ( 'NONE',  ( -1.214306433183764966E-16, 1.000000000000000000, -7.577659542865232346E-32 ) ) ;
#1923 = ORIENTED_EDGE ( 'NONE', *, *, #628, .T. ) ;
#1924 = ORIENTED_EDGE ( 'NONE', *, *, #4824, .F. ) ;
#1925 = VERTEX_POINT ( 'NONE', #3054 ) ;
#1926 = DIRECTION ( 'NONE',  ( 0.000000000000000000, 0.000000000000000000, -1.000000000000000000 ) ) ;
#1927 = LINE ( 'NONE', #4099, #2795 ) ;
#1928 = PLANE ( 'NONE',  #4605 ) ;
#1929 = ADVANCED_BREP_SHAPE_REPRESENTATION ( 'PCB separator 2', ( #3661, #4784 ), #428 ) ;
#1930 = EDGE_CURVE ( 'NONE', #1978, #3722, #5799, .T. ) ;
#1931 = AXIS2_PLACEMENT_3D ( 'NONE', #4351, #4388, #6523 ) ;
#1932 = EDGE_CURVE ( 'NONE', #38, #1463, #1832, .T. ) ;
#1933 = ORIENTED_EDGE ( 'NONE', *, *, #3846, .F. ) ;
#1934 = CIRCLE ( 'NONE', #5928, 4.000000000000003553 ) ;
#1935 = CARTESIAN_POINT ( 'NONE',  ( 177.5810351238890235, 9.500000000000000000, 137.7328810449583330 ) ) ;
#1936 = ORIENTED_EDGE ( 'NONE', *, *, #28, .F. ) ;
#1937 = LINE ( 'NONE', #6218, #1543 ) ;
#1938 = CARTESIAN_POINT ( 'NONE',  ( 181.5810351238889666, 9.500000000000000000, 75.26304484459961941 ) ) ;
#1939 = LINE ( 'NONE', #3504, #1735 ) ;
#1940 = FACE_OUTER_BOUND ( 'NONE', #7020, .T. ) ;
#1941 = ADVANCED_FACE ( 'NONE', ( #1397 ), #1465, .F. ) ;
#1942 = ORIENTED_EDGE ( 'NONE', *, *, #5728, .T. ) ;
#1943 = EDGE_CURVE ( 'NONE', #6697, #4947, #3309, .T. ) ;
#1944 = AXIS2_PLACEMENT_3D ( 'NONE', #606, #3270, #5962 ) ;
#1945 = EDGE_CURVE ( 'NONE', #5807, #6257, #4798, .T. ) ;
#1946 = ORIENTED_EDGE ( 'NONE', *, *, #3082, .T. ) ;
#1947 = ORIENTED_EDGE ( 'NONE', *, *, #3854, .F. ) ;
#1948 = DIRECTION ( 'NONE',  ( 1.214306433183764966E-16, -1.000000000000000000, -2.165045941964102761E-32 ) ) ;
#1949 = DIRECTION ( 'NONE',  ( -1.214306433183764966E-16, 1.000000000000000000, -8.660182334703126435E-32 ) ) ;
#1950 = VECTOR ( 'NONE', #2205, 1000.000000000000000 ) ;
#1951 = VERTEX_POINT ( 'NONE', #276 ) ;
#1952 = ORIENTED_EDGE ( 'NONE', *, *, #65, .F. ) ;
#1953 = AXIS2_PLACEMENT_3D ( 'NONE', #6378, #842, #4165 ) ;
#1954 = VERTEX_POINT ( 'NONE', #2482 ) ;
#1955 = DIRECTION ( 'NONE',  ( 0.000000000000000000, 0.000000000000000000, -1.000000000000000000 ) ) ;
#1956 = CARTESIAN_POINT ( 'NONE',  ( 177.5912666817638126, 2.000000000000000000, 36.02827608974849483 ) ) ;
#1957 = CARTESIAN_POINT ( 'NONE',  ( 73.26116970192092026, 9.500000000000000000, 159.9717239102517681 ) ) ;
#1958 = AXIS2_PLACEMENT_3D ( 'NONE', #5771, #879, #5237 ) ;
#1959 = FACE_OUTER_BOUND ( 'NONE', #2798, .T. ) ;
#1960 = ORIENTED_EDGE ( 'NONE', *, *, #4421, .T. ) ;
#1961 = VERTEX_POINT ( 'NONE', #6874 ) ;
#1962 = VERTEX_POINT ( 'NONE', #3556 ) ;
#1963 = DIRECTION ( 'NONE',  ( -0.000000000000000000, 1.000000000000000000, -0.000000000000000000 ) ) ;
#1964 = LINE ( 'NONE', #6312, #4508 ) ;
#1965 = CARTESIAN_POINT ( 'NONE',  ( 99.24116970170310026, 5.000000000000012434, 159.9717239102517681 ) ) ;
#1966 = EDGE_CURVE ( 'NONE', #4872, #2150, #1839, .T. ) ;
#1967 = EDGE_LOOP ( 'NONE', ( #4766, #3964, #1245, #825 ) ) ;
#1968 = AXIS2_PLACEMENT_3D ( 'NONE', #6025, #5411, #2809 ) ;
#1969 = CARTESIAN_POINT ( 'NONE',  ( 177.5912666817638126, 0.000000000000000000, 128.7369805438819697 ) ) ;
#1970 = LINE ( 'NONE', #6350, #5242 ) ;
#1971 = DIRECTION ( 'NONE',  ( -0.000000000000000000, 1.000000000000000000, -0.000000000000000000 ) ) ;
#1972 = DIRECTION ( 'NONE',  ( -1.214306433183764966E-16, 1.000000000000000000, 0.000000000000000000 ) ) ;
#1973 = DIRECTION ( 'NONE',  ( -0.000000000000000000, 1.000000000000000000, -0.000000000000000000 ) ) ;
#1974 = FACE_OUTER_BOUND ( 'NONE', #3330, .T. ) ;
#1975 = ORIENTED_EDGE ( 'NONE', *, *, #28, .T. ) ;
#1976 = VECTOR ( 'NONE', #2633, 1000.000000000000000 ) ;
#1977 = AXIS2_PLACEMENT_3D ( 'NONE', #774, #737, #229 ) ;
#1978 = VERTEX_POINT ( 'NONE', #3700 ) ;
#1979 = EDGE_CURVE ( 'NONE', #1800, #4088, #3316, .T. ) ;
#1980 = VERTEX_POINT ( 'NONE', #350 ) ;
#1981 = DIRECTION ( 'NONE',  ( 1.214306433183764966E-16, -1.000000000000000000, 0.000000000000000000 ) ) ;
#1982 = CARTESIAN_POINT ( 'NONE',  ( 126.2211697014853087, 5.000000000000015987, 159.9717239102517681 ) ) ;
#1983 = ORIENTED_EDGE ( 'NONE', *, *, #5408, .T. ) ;
#1984 = AXIS2_PLACEMENT_3D ( 'NONE', #4821, #2644, #7004 ) ;
#1985 = ORIENTED_EDGE ( 'NONE', *, *, #5038, .T. ) ;
#1986 = VERTEX_POINT ( 'NONE', #5262 ) ;
#1987 = ADVANCED_FACE ( 'NONE', ( #942 ), #1990, .F. ) ;
#1988 = SURFACE_STYLE_USAGE ( .BOTH. , #6873 ) ;
#1989 = EDGE_CURVE ( 'NONE', #2245, #6896, #4125, .T. ) ;
#1990 = PLANE ( 'NONE',  #5479 ) ;
#1991 = CIRCLE ( 'NONE', #5983, 4.000000000000003553 ) ;
#1992 = CARTESIAN_POINT ( 'NONE',  ( 104.2411697017031003, 9.500000000000000000, 58.26711895504224969 ) ) ;
#1993 = LINE ( 'NONE', #6841, #6727 ) ;
#1994 = ORIENTED_EDGE ( 'NONE', *, *, #4344, .T. ) ;
#1995 = EDGE_LOOP ( 'NONE', ( #2191, #6757, #790, #327 ) ) ;
#1996 = AXIS2_PLACEMENT_3D ( 'NONE', #6252, #4615, #3073 ) ;
#1997 = ORIENTED_EDGE ( 'NONE', *, *, #2981, .T. ) ;
#1998 = ADVANCED_FACE ( 'NONE', ( #3590 ), #2447, .F. ) ;
#1999 = EDGE_CURVE ( 'NONE', #4172, #5767, #2987, .T. ) ;
#2000 = FACE_OUTER_BOUND ( 'NONE', #6580, .T. ) ;
#2001 = CARTESIAN_POINT ( 'NONE',  ( 122.2211697014853087, 9.500000000000000000, 124.7369805438819839 ) ) ;
#2002 = DIRECTION ( 'NONE',  ( -0.000000000000000000, 1.000000000000000000, -0.000000000000000000 ) ) ;
#2003 = FACE_BOUND ( 'NONE', #537, .T. ) ;
#2004 = ORIENTED_EDGE ( 'NONE', *, *, #6037, .F. ) ;
#2005 = AXIS2_PLACEMENT_3D ( 'NONE', #7027, #6919, #2525 ) ;
#2006 = DIRECTION ( 'NONE',  ( 1.214306433183764966E-16, -1.000000000000000000, 0.000000000000000000 ) ) ;
#2007 = CARTESIAN_POINT ( 'NONE',  ( 149.2011697012675597, -3.446185315557874298E-15, 141.7328810449583614 ) ) ;
#2008 = DIRECTION ( 'NONE',  ( 0.000000000000000000, 0.000000000000000000, 1.000000000000000000 ) ) ;
#2009 = CARTESIAN_POINT ( 'NONE',  ( 181.5912666817637557, 9.500000000000000000, 40.02827608974841667 ) ) ;
#2010 = PLANE ( 'NONE',  #1870 ) ;
#2011 = CARTESIAN_POINT ( 'NONE',  ( 149.2011697012675597, 2.000000000000001776, 62.26711895504224969 ) ) ;
#2012 = VERTEX_POINT ( 'NONE', #2026 ) ;
#2013 = VECTOR ( 'NONE', #5587, 1000.000000000000000 ) ;
#2014 = ORIENTED_EDGE ( 'NONE', *, *, #1056, .F. ) ;
#2015 = EDGE_CURVE ( 'NONE', #874, #520, #221, .T. ) ;
#2016 = ORIENTED_EDGE ( 'NONE', *, *, #835, .T. ) ;
#2017 = DIRECTION ( 'NONE',  ( 0.000000000000000000, 1.000000000000000000, 0.000000000000000000 ) ) ;
#2018 = LINE ( 'NONE', #5691, #2436 ) ;
#2019 = ORIENTED_EDGE ( 'NONE', *, *, #6868, .T. ) ;
#2020 = ADVANCED_FACE ( 'NONE', ( #6370 ), #5880, .F. ) ;
#2021 = EDGE_CURVE ( 'NONE', #6532, #2433, #3162, .T. ) ;
#2022 = VECTOR ( 'NONE', #5909, 1000.000000000000000 ) ;
#2023 = ORIENTED_EDGE ( 'NONE', *, *, #293, .F. ) ;
#2024 = ORIENTED_EDGE ( 'NONE', *, *, #1382, .T. ) ;
#2025 = LINE ( 'NONE', #3127, #3004 ) ;
#2026 = CARTESIAN_POINT ( 'NONE',  ( 95.24116970170312868, 9.500000000000000000, 71.26304484459957678 ) ) ;
#2027 = VECTOR ( 'NONE', #6393, 1000.000000000000000 ) ;
#2028 = DIRECTION ( 'NONE',  ( 0.000000000000000000, 1.000000000000000000, 0.000000000000000000 ) ) ;
#2029 = DIRECTION ( 'NONE',  ( -0.000000000000000000, 1.000000000000000000, -0.000000000000000000 ) ) ;
#2030 = ADVANCED_FACE ( 'NONE', ( #1173 ), #4974, .F. ) ;
#2031 = EDGE_CURVE ( 'NONE', #6795, #1810, #6043, .T. ) ;
#2032 = ORIENTED_EDGE ( 'NONE', *, *, #1046, .T. ) ;
#2033 = ORIENTED_EDGE ( 'NONE', *, *, #878, .F. ) ;
#2034 = EDGE_CURVE ( 'NONE', #6768, #5150, #5037, .T. ) ;
#2035 = CIRCLE ( 'NONE', #2594, 4.000000000000003553 ) ;
#2036 = CARTESIAN_POINT ( 'NONE',  ( 104.2411697017031003, 9.500000000000000000, 102.4981376785882645 ) ) ;
#2037 = CARTESIAN_POINT ( 'NONE',  ( 158.2011697012675882, 2.000000000000001776, 71.26304484459957678 ) ) ;
#2038 = LINE ( 'NONE', #2598, #2875 ) ;
#2039 = FACE_BOUND ( 'NONE', #5186, .T. ) ;
#2040 = EDGE_LOOP ( 'NONE', ( #5722, #1218, #283, #2870 ) ) ;
#2041 = ADVANCED_FACE ( 'NONE', ( #3929 ), #6447, .F. ) ;
#2042 = EDGE_CURVE ( 'NONE', #2177, #1873, #2868, .T. ) ;
#2043 = VERTEX_POINT ( 'NONE', #422 ) ;
#2044 = FACE_OUTER_BOUND ( 'NONE', #1650, .T. ) ;
#2045 = LINE ( 'NONE', #4280, #1130 ) ;
#2046 = CYLINDRICAL_SURFACE ( 'NONE', #6022, 4.000000000000003553 ) ;
#2047 = DIRECTION ( 'NONE',  ( 0.000000000000000000, 0.000000000000000000, 1.000000000000000000 ) ) ;
#2048 = LINE ( 'NONE', #3717, #6206 ) ;
#2049 = DIRECTION ( 'NONE',  ( 0.000000000000000000, 1.000000000000000000, 0.000000000000000000 ) ) ;
#2050 = ORIENTED_EDGE ( 'NONE', *, *, #1692, .F. ) ;
#2051 = CIRCLE ( 'NONE', #191, 4.000000000000003553 ) ;
#2052 = ADVANCED_FACE ( 'NONE', ( #6110 ), #5461, .F. ) ;
#2053 = ORIENTED_EDGE ( 'NONE', *, *, #211, .T. ) ;
#2054 = EDGE_LOOP ( 'NONE', ( #5737, #3542, #2523, #267 ) ) ;
#2055 = DIRECTION ( 'NONE',  ( 0.000000000000000000, 1.000000000000000000, 0.000000000000000000 ) ) ;
#2056 = CARTESIAN_POINT ( 'NONE',  ( 131.2211697014853087, 1.999999999999998224, 36.02827608974847351 ) ) ;
#2057 = CARTESIAN_POINT ( 'NONE',  ( 72.26116970192092026, 1.999999999999998224, 102.4981376785891172 ) ) ;
#2058 = ORIENTED_EDGE ( 'NONE', *, *, #2154, .F. ) ;
#2059 = AXIS2_PLACEMENT_3D ( 'NONE', #3634, #4275, #5274 ) ;
#2060 = VERTEX_POINT ( 'NONE', #131 ) ;
#2061 = VECTOR ( 'NONE', #5154, 1000.000000000000000 ) ;
#2062 = VERTEX_POINT ( 'NONE', #4434 ) ;
#2063 = EDGE_CURVE ( 'NONE', #572, #252, #3734, .T. ) ;
#2064 = DIRECTION ( 'NONE',  ( 0.000000000000000000, 1.000000000000000000, 0.000000000000000000 ) ) ;
#2065 = DIRECTION ( 'NONE',  ( 1.214306433183764966E-16, -1.000000000000000000, 8.660182334703126435E-32 ) ) ;
#2066 = DIRECTION ( 'NONE',  ( 4.494888644641219162E-15, 0.000000000000000000, -1.000000000000000000 ) ) ;
#2067 = DIRECTION ( 'NONE',  ( 1.000000000000000000, 0.000000000000000000, 3.565896588391270872E-16 ) ) ;
#2068 = VECTOR ( 'NONE', #285, 1000.000000000000000 ) ;
#2069 = ADVANCED_FACE ( 'NONE', ( #5568 ), #1751, .T. ) ;
#2070 = VERTEX_POINT ( 'NONE', #2332 ) ;
#2071 = ORIENTED_EDGE ( 'NONE', *, *, #4408, .T. ) ;
#2072 = EDGE_CURVE ( 'NONE', #3293, #2375, #1207, .T. ) ;
#2073 = VECTOR ( 'NONE', #1926, 1000.000000000000000 ) ;
#2074 = CARTESIAN_POINT ( 'NONE',  ( 100.2411697017031003, 9.500000000000000000, 124.7369805438819697 ) ) ;
#2075 = CARTESIAN_POINT ( 'NONE',  ( 177.5810351238888813, 2.000000000000000000, 71.26304484459957678 ) ) ;
#2076 = LINE ( 'NONE', #3669, #4591 ) ;
#2077 = EDGE_CURVE ( 'NONE', #6667, #3085, #2623, .T. ) ;
#2078 = FACE_BOUND ( 'NONE', #3614, .T. ) ;
#2079 = CARTESIAN_POINT ( 'NONE',  ( 154.2011697012675597, 2.000000000000000000, 159.9717239102517681 ) ) ;
#2080 = ORIENTED_EDGE ( 'NONE', *, *, #1836, .T. ) ;
#2081 = CARTESIAN_POINT ( 'NONE',  ( 104.2411697017031003, 9.500000000000000000, 75.26304484459959099 ) ) ;
#2082 = FACE_OUTER_BOUND ( 'NONE', #4713, .T. ) ;
#2083 = CARTESIAN_POINT ( 'NONE',  ( 158.2011697012675882, -26.25789166916414530, 75.26304484459959099 ) ) ;
#2084 = EDGE_CURVE ( 'NONE', #479, #6386, #1786, .T. ) ;
#2085 = CARTESIAN_POINT ( 'NONE',  ( 50.28116970213873316, 2.000000000000000000, 97.50188770989296927 ) ) ;
#2086 = DIRECTION ( 'NONE',  ( 1.214306433183764966E-16, -1.000000000000000000, 0.000000000000000000 ) ) ;
#2087 = DIRECTION ( 'NONE',  ( 0.000000000000000000, 0.000000000000000000, -1.000000000000000000 ) ) ;
#2088 = ORIENTED_EDGE ( 'NONE', *, *, #1677, .F. ) ;
#2089 = EDGE_CURVE ( 'NONE', #1651, #1227, #4802, .T. ) ;
#2090 = ORIENTED_EDGE ( 'NONE', *, *, #6743, .T. ) ;
#2091 = ORIENTED_EDGE ( 'NONE', *, *, #1586, .T. ) ;
#2092 = DIRECTION ( 'NONE',  ( -1.214306433183764966E-16, 1.000000000000000000, 2.165045941964102761E-32 ) ) ;
#2093 = FACE_OUTER_BOUND ( 'NONE', #2357, .T. ) ;
#2094 = DIRECTION ( 'NONE',  ( -1.000000000000000000, 0.000000000000000000, -7.131793176782546675E-16 ) ) ;
#2095 = AXIS2_PLACEMENT_3D ( 'NONE', #3489, #1770, #3985 ) ;
#2096 = FACE_OUTER_BOUND ( 'NONE', #3024, .T. ) ;
#2097 = ORIENTED_EDGE ( 'NONE', *, *, #3997, .T. ) ;
#2098 = CIRCLE ( 'NONE', #3793, 4.000000000000003553 ) ;
#2099 = VERTEX_POINT ( 'NONE', #5920 ) ;
#2100 = CARTESIAN_POINT ( 'NONE',  ( 68.26116970192092026, 9.500000000000000000, 93.50188770989296927 ) ) ;
#2101 = DIRECTION ( 'NONE',  ( 1.214306433183764966E-16, -1.000000000000000000, 8.660182334703126435E-32 ) ) ;
#2102 = CARTESIAN_POINT ( 'NONE',  ( 21.91893948763057409, 2.000000000000000000, 128.7369805438819981 ) ) ;
#2103 = CARTESIAN_POINT ( 'NONE',  ( 131.2211697014853087, 1.327264013100166977E-14, 58.26711895504224969 ) ) ;
#2104 = CIRCLE ( 'NONE', #15, 4.000000000000003553 ) ;
#2105 = VECTOR ( 'NONE', #1063, 1000.000000000000000 ) ;
#2106 = ORIENTED_EDGE ( 'NONE', *, *, #5166, .F. ) ;
#2107 = CARTESIAN_POINT ( 'NONE',  ( 41.28116970213874026, 9.500000000000000000, 106.4981376785882219 ) ) ;
#2108 = VECTOR ( 'NONE', #1949, 1000.000000000000000 ) ;
#2109 = CARTESIAN_POINT ( 'NONE',  ( 131.2211697014853087, -26.25789166916414885, 75.26304484459959099 ) ) ;
#2110 = CARTESIAN_POINT ( 'NONE',  ( 126.2211697014853087, 9.500000000000000000, 93.50188770989299769 ) ) ;
#2111 = CARTESIAN_POINT ( 'NONE',  ( 182.5411697017031258, 2.000000000000000000, 163.3000063471202452 ) ) ;
#2112 = VECTOR ( 'NONE', #4003, 1000.000000000000000 ) ;
#2113 = ADVANCED_FACE ( 'NONE', ( #3286 ), #551, .F. ) ;
#2114 = FACE_OUTER_BOUND ( 'NONE', #6267, .T. ) ;
#2115 = VERTEX_POINT ( 'NONE', #22 ) ;
#2116 = DIRECTION ( 'NONE',  ( 1.000000000000000000, 0.000000000000000000, 0.000000000000000000 ) ) ;
#2117 = DIRECTION ( 'NONE',  ( -1.000000000000000000, -1.214306433183764966E-16, 0.000000000000000000 ) ) ;
#2118 = DIRECTION ( 'NONE',  ( 1.183303871744070500E-16, 0.000000000000000000, 1.000000000000000000 ) ) ;
#2119 = AXIS2_PLACEMENT_3D ( 'NONE', #6526, #5450, #11 ) ;
#2120 = DIRECTION ( 'NONE',  ( 4.494882484332465634E-15, 0.000000000000000000, -1.000000000000000000 ) ) ;
#2121 = LINE ( 'NONE', #2535, #5853 ) ;
#2122 = DIRECTION ( 'NONE',  ( 0.000000000000000000, 0.000000000000000000, -1.000000000000000000 ) ) ;
#2123 = ORIENTED_EDGE ( 'NONE', *, *, #1930, .F. ) ;
#2124 = AXIS2_PLACEMENT_3D ( 'NONE', #2421, #255, #4568 ) ;
#2125 = EDGE_CURVE ( 'NONE', #2476, #193, #2231, .T. ) ;
#2126 = ADVANCED_FACE ( 'NONE', ( #61 ), #2269, .F. ) ;
#2127 = ORIENTED_EDGE ( 'NONE', *, *, #2207, .F. ) ;
#2128 = ORIENTED_EDGE ( 'NONE', *, *, #566, .T. ) ;
#2129 = LINE ( 'NONE', #5942, #4654 ) ;
#2130 = CYLINDRICAL_SURFACE ( 'NONE', #2900, 10.00000000000000888 ) ;
#2131 = DIRECTION ( 'NONE',  ( 1.000000000000000000, 1.214306433183764966E-16, 0.000000000000000000 ) ) ;
#2132 = AXIS2_PLACEMENT_3D ( 'NONE', #3654, #5162, #1258 ) ;
#2133 = EDGE_LOOP ( 'NONE', ( #1582, #6612, #2080, #1145 ) ) ;
#2134 = FACE_OUTER_BOUND ( 'NONE', #1452, .T. ) ;
#2135 = ORIENTED_EDGE ( 'NONE', *, *, #6689, .T. ) ;
#2136 = ORIENTED_EDGE ( 'NONE', *, *, #5863, .F. ) ;
#2137 = DIRECTION ( 'NONE',  ( 0.000000000000000000, 0.000000000000000000, 1.000000000000000000 ) ) ;
#2138 = CIRCLE ( 'NONE', #4288, 4.000000000000003553 ) ;
#2139 = DIRECTION ( 'NONE',  ( -0.000000000000000000, 1.000000000000000000, -0.000000000000000000 ) ) ;
#2140 = ORIENTED_EDGE ( 'NONE', *, *, #2658, .F. ) ;
#2141 = ADVANCED_FACE ( 'NONE', ( #298 ), #6149, .F. ) ;
#2142 = VECTOR ( 'NONE', #999, 1000.000000000000000 ) ;
#2143 = FACE_OUTER_BOUND ( 'NONE', #309, .T. ) ;
#2144 = DIRECTION ( 'NONE',  ( -0.000000000000000000, 1.000000000000000000, -0.000000000000000000 ) ) ;
#2145 = PLANE ( 'NONE',  #6189 ) ;
#2146 = FACE_BOUND ( 'NONE', #3544, .T. ) ;
#2147 = AXIS2_PLACEMENT_3D ( 'NONE', #2107, #3265, #5337 ) ;
#2148 = EDGE_CURVE ( 'NONE', #6820, #6124, #6744, .T. ) ;
#2149 = DIRECTION ( 'NONE',  ( -1.000000000000000000, 0.000000000000000000, 0.000000000000000000 ) ) ;
#2150 = VERTEX_POINT ( 'NONE', #4076 ) ;
#2151 = FACE_OUTER_BOUND ( 'NONE', #1672, .T. ) ;
#2152 = DIRECTION ( 'NONE',  ( 1.214306433183764966E-16, -1.000000000000000000, 0.000000000000000000 ) ) ;
#2153 = AXIS2_PLACEMENT_3D ( 'NONE', #1273, #5680, #772 ) ;
#2154 = EDGE_CURVE ( 'NONE', #4328, #2521, #5840, .T. ) ;
#2155 = CARTESIAN_POINT ( 'NONE',  ( 41.28116970213873316, 9.500000000000000000, 93.50188770989295506 ) ) ;
#2156 = CARTESIAN_POINT ( 'NONE',  ( 45.28116970213874026, 2.000000000000000000, 40.02827608974841667 ) ) ;
#2157 = DIRECTION ( 'NONE',  ( -0.000000000000000000, 1.000000000000000000, -0.000000000000000000 ) ) ;
#2158 = ORIENTED_EDGE ( 'NONE', *, *, #1618, .T. ) ;
#2159 = EDGE_CURVE ( 'NONE', #937, #4516, #2204, .T. ) ;
#2160 = ORIENTED_EDGE ( 'NONE', *, *, #6967, .T. ) ;
#2161 = ORIENTED_EDGE ( 'NONE', *, *, #4611, .T. ) ;
#2162 = DIRECTION ( 'NONE',  ( 7.131793176782546675E-16, 0.000000000000000000, -1.000000000000000000 ) ) ;
#2163 = ADVANCED_FACE ( 'NONE', ( #2500 ), #2902, .F. ) ;
#2164 = CARTESIAN_POINT ( 'NONE',  ( 72.26116970192092026, 1.999999999999998224, 58.26711895504224969 ) ) ;
#2165 = CARTESIAN_POINT ( 'NONE',  ( 21.91893948763057409, 0.000000000000000000, 62.26711895504224969 ) ) ;
#2166 = DIRECTION ( 'NONE',  ( 0.000000000000000000, 0.000000000000000000, -1.000000000000000000 ) ) ;
#2167 = ORIENTED_EDGE ( 'NONE', *, *, #989, .F. ) ;
#2168 = EDGE_CURVE ( 'NONE', #2858, #3222, #5107, .T. ) ;
#2169 = ADVANCED_FACE ( 'NONE', ( #3467 ), #5070, .F. ) ;
#2170 = DIRECTION ( 'NONE',  ( 0.000000000000000000, 0.000000000000000000, 1.000000000000000000 ) ) ;
#2171 = ADVANCED_FACE ( 'NONE', ( #6823 ), #4537, .F. ) ;
#2172 = ORIENTED_EDGE ( 'NONE', *, *, #6421, .T. ) ;
#2173 = ORIENTED_EDGE ( 'NONE', *, *, #599, .T. ) ;
#2174 = FACE_OUTER_BOUND ( 'NONE', #2297, .T. ) ;
#2175 = AXIS2_PLACEMENT_3D ( 'NONE', #6646, #3469, #1209 ) ;
#2176 = FACE_OUTER_BOUND ( 'NONE', #6077, .T. ) ;
#2177 = VERTEX_POINT ( 'NONE', #6220 ) ;
#2178 = CIRCLE ( 'NONE', #4562, 3.999999999999982681 ) ;
#2179 = EDGE_CURVE ( 'NONE', #4228, #3519, #1902, .T. ) ;
#2180 = DIRECTION ( 'NONE',  ( 0.000000000000000000, 0.000000000000000000, -1.000000000000000000 ) ) ;
#2181 = DIRECTION ( 'NONE',  ( 0.000000000000000000, 0.000000000000000000, 1.000000000000000000 ) ) ;
#2182 = FACE_OUTER_BOUND ( 'NONE', #3721, .T. ) ;
#2183 = VECTOR ( 'NONE', #6494, 1000.000000000000000 ) ;
#2184 = DIRECTION ( 'NONE',  ( 1.520586931241347659E-15, 0.000000000000000000, 1.000000000000000000 ) ) ;
#2185 = CARTESIAN_POINT ( 'NONE',  ( 41.28116970213874026, 9.500000000000000000, 137.7328810449583330 ) ) ;
#2186 = EDGE_LOOP ( 'NONE', ( #1721, #4791, #3762, #6844 ) ) ;
#2187 = DIRECTION ( 'NONE',  ( 0.000000000000000000, 0.000000000000000000, 1.000000000000000000 ) ) ;
#2188 = CARTESIAN_POINT ( 'NONE',  ( 122.2211697014853087, 0.000000000000000000, 62.26711895504224969 ) ) ;
#2189 = LINE ( 'NONE', #1634, #2027 ) ;
#2190 = ORIENTED_EDGE ( 'NONE', *, *, #2600, .T. ) ;
#2191 = ORIENTED_EDGE ( 'NONE', *, *, #6125, .F. ) ;
#2192 = PLANE ( 'NONE',  #3904 ) ;
#2193 = ORIENTED_EDGE ( 'NONE', *, *, #5072, .F. ) ;
#2194 = CARTESIAN_POINT ( 'NONE',  ( 21.91893948763057409, 2.000000000000000000, 124.7369805438819981 ) ) ;
#2195 = DIRECTION ( 'NONE',  ( 0.000000000000000000, 0.000000000000000000, 1.000000000000000000 ) ) ;
#2196 = CARTESIAN_POINT ( 'NONE',  ( 149.2011697012675597, 2.000000000000001776, 97.50188770989299769 ) ) ;
#2197 = ORIENTED_EDGE ( 'NONE', *, *, #2409, .T. ) ;
#2198 = DIRECTION ( 'NONE',  ( -0.000000000000000000, 1.000000000000000000, -0.000000000000000000 ) ) ;
#2199 = ORIENTED_EDGE ( 'NONE', *, *, #743, .T. ) ;
#2200 = ORIENTED_EDGE ( 'NONE', *, *, #1055, .T. ) ;
#2201 = ORIENTED_EDGE ( 'NONE', *, *, #2485, .F. ) ;
#2202 = AXIS2_PLACEMENT_3D ( 'NONE', #5206, #433, #6920 ) ;
#2203 = CARTESIAN_POINT ( 'NONE',  ( 77.26116970192093447, -26.25789166916415596, 106.4981376785882503 ) ) ;
#2204 = CIRCLE ( 'NONE', #5491, 4.000000000000003553 ) ;
#2205 = DIRECTION ( 'NONE',  ( 1.214306433183764966E-16, -1.000000000000000000, 4.330091167351559933E-32 ) ) ;
#2206 = AXIS2_PLACEMENT_3D ( 'NONE', #5277, #2676, #2568 ) ;
#2207 = EDGE_CURVE ( 'NONE', #4534, #3481, #1939, .T. ) ;
#2208 = EDGE_CURVE ( 'NONE', #6827, #5612, #2395, .T. ) ;
#2209 = EDGE_CURVE ( 'NONE', #1407, #4148, #1312, .T. ) ;
#2210 = DIRECTION ( 'NONE',  ( 1.000000000000000000, 1.214306433183764966E-16, 0.000000000000000000 ) ) ;
#2211 = AXIS2_PLACEMENT_3D ( 'NONE', #3445, #2281, #1729 ) ;
#2212 = LINE ( 'NONE', #3876, #5758 ) ;
#2213 = DIRECTION ( 'NONE',  ( 0.000000000000000000, 0.000000000000000000, 1.000000000000000000 ) ) ;
#2214 = LINE ( 'NONE', #6134, #6602 ) ;
#2215 = ORIENTED_EDGE ( 'NONE', *, *, #1897, .T. ) ;
#2216 = EDGE_CURVE ( 'NONE', #371, #619, #4133, .T. ) ;
#2217 = VECTOR ( 'NONE', #4948, 1000.000000000000000 ) ;
#2218 = CARTESIAN_POINT ( 'NONE',  ( 46.28116970213873316, 9.500000000000000000, 141.7328810449583614 ) ) ;
#2219 = EDGE_CURVE ( 'NONE', #6124, #4970, #4108, .T. ) ;
#2220 = VERTEX_POINT ( 'NONE', #5181 ) ;
#2221 = CARTESIAN_POINT ( 'NONE',  ( 45.28116970213873316, 9.500000000000000000, 124.7369805438819981 ) ) ;
#2222 = PLANE ( 'NONE',  #4028 ) ;
#2223 = DIRECTION ( 'NONE',  ( 0.000000000000000000, -1.000000000000000000, 0.000000000000000000 ) ) ;
#2224 = AXIS2_PLACEMENT_3D ( 'NONE', #5645, #5180, #4107 ) ;
#2225 = ORIENTED_EDGE ( 'NONE', *, *, #1017, .F. ) ;
#2226 = VERTEX_POINT ( 'NONE', #1378 ) ;
#2227 = CIRCLE ( 'NONE', #4620, 4.000000000000003553 ) ;
#2228 = EDGE_LOOP ( 'NONE', ( #1316, #3365, #3551, #3516, #2529, #6070, #3580, #6105 ) ) ;
#2229 = CARTESIAN_POINT ( 'NONE',  ( 126.2211697014853087, 9.500000000000000000, 159.9717239102517681 ) ) ;
#2230 = DIRECTION ( 'NONE',  ( -1.000000000000000000, 0.000000000000000000, 0.000000000000000000 ) ) ;
#2231 = LINE ( 'NONE', #5497, #6176 ) ;
#2232 = FACE_OUTER_BOUND ( 'NONE', #1068, .T. ) ;
#2233 = LINE ( 'NONE', #1681, #901 ) ;
#2234 = ORIENTED_EDGE ( 'NONE', *, *, #705, .T. ) ;
#2235 = LINE ( 'NONE', #557, #2737 ) ;
#2236 = VECTOR ( 'NONE', #7064, 1000.000000000000000 ) ;
#2237 = ORIENTED_EDGE ( 'NONE', *, *, #6868, .F. ) ;
#2238 = ORIENTED_EDGE ( 'NONE', *, *, #880, .F. ) ;
#2239 = EDGE_LOOP ( 'NONE', ( #3500, #1540, #4187, #2090 ) ) ;
#2240 = CIRCLE ( 'NONE', #3937, 4.000000000000003553 ) ;
#2241 = CARTESIAN_POINT ( 'NONE',  ( 154.2011697012675597, -26.25789166916414530, 163.9717239102516544 ) ) ;
#2242 = ADVANCED_FACE ( 'NONE', ( #4656 ), #3573, .F. ) ;
#2243 = FACE_OUTER_BOUND ( 'NONE', #6977, .T. ) ;
#2244 = CARTESIAN_POINT ( 'NONE',  ( 182.5411697017031258, 2.000000000000000000, 163.3000063471202452 ) ) ;
#2245 = VERTEX_POINT ( 'NONE', #5215 ) ;
#2246 = CARTESIAN_POINT ( 'NONE',  ( 6.941169701703142181, 0.000000000000000000, 173.3000063471202736 ) ) ;
#2247 = DIRECTION ( 'NONE',  ( 1.214306433183764966E-16, -1.000000000000000000, 0.000000000000000000 ) ) ;
#2248 = LINE ( 'NONE', #3342, #6053 ) ;
#2249 = ADVANCED_FACE ( 'NONE', ( #4687 ), #6857, .F. ) ;
#2250 = DIRECTION ( 'NONE',  ( -0.000000000000000000, 1.000000000000000000, -0.000000000000000000 ) ) ;
#2251 = CARTESIAN_POINT ( 'NONE',  ( 6.941169701703126194, 9.500000000000000000, 36.70000634712030063 ) ) ;
#2252 = DIRECTION ( 'NONE',  ( 0.000000000000000000, 1.000000000000000000, 0.000000000000000000 ) ) ;
#2253 = EDGE_CURVE ( 'NONE', #1530, #5688, #1414, .T. ) ;
#2254 = ADVANCED_FACE ( 'NONE', ( #4140 ), #5935, .F. ) ;
#2255 = EDGE_LOOP ( 'NONE', ( #6071, #665, #5153, #4896 ) ) ;
#2256 = VECTOR ( 'NONE', #2094, 1000.000000000000000 ) ;
#2257 = DIRECTION ( 'NONE',  ( 1.214306433183764966E-16, -1.000000000000000000, -0.000000000000000000 ) ) ;
#2258 = LINE ( 'NONE', #1701, #2183 ) ;
#2259 = DIRECTION ( 'NONE',  ( -0.000000000000000000, 1.000000000000000000, -0.000000000000000000 ) ) ;
#2260 = DIRECTION ( 'NONE',  ( -0.000000000000000000, 1.000000000000000000, -0.000000000000000000 ) ) ;
#2261 = LINE ( 'NONE', #3884, #4295 ) ;
#2262 = VECTOR ( 'NONE', #775, 1000.000000000000000 ) ;
#2263 = UNCERTAINTY_MEASURE_WITH_UNIT (LENGTH_MEASURE( 1.000000000000000082E-05 ), #3555, 'distance_accuracy_value', 'NONE');
#2264 = AXIS2_PLACEMENT_3D ( 'NONE', #430, #5958, #3375 ) ;
#2265 = ORIENTED_EDGE ( 'NONE', *, *, #872, .F. ) ;
#2266 = ORIENTED_EDGE ( 'NONE', *, *, #149, .F. ) ;
#2267 = CARTESIAN_POINT ( 'NONE',  ( 95.24116970170310026, 2.000000000000000000, 71.26304484459957678 ) ) ;
#2268 = DIRECTION ( 'NONE',  ( -1.000000000000000000, 0.000000000000000000, -6.240319029684725998E-16 ) ) ;
#2269 = PLANE ( 'NONE',  #3091 ) ;
#2270 = CARTESIAN_POINT ( 'NONE',  ( 131.2211697014853087, 0.000000000000000000, 36.02827608974847351 ) ) ;
#2271 = DIRECTION ( 'NONE',  ( 1.000000000000000000, 0.000000000000000000, 0.000000000000000000 ) ) ;
#2272 = ORIENTED_EDGE ( 'NONE', *, *, #7052, .T. ) ;
#2273 = ORIENTED_EDGE ( 'NONE', *, *, #2324, .F. ) ;
#2274 = ORIENTED_EDGE ( 'NONE', *, *, #2494, .T. ) ;
#2275 = ORIENTED_EDGE ( 'NONE', *, *, #1382, .F. ) ;
#2276 = CARTESIAN_POINT ( 'NONE',  ( 77.26116970192093447, 2.000000000000000000, 124.7369805438819839 ) ) ;
#2277 = CYLINDRICAL_SURFACE ( 'NONE', #6381, 4.000000000000003553 ) ;
#2278 = ORIENTED_EDGE ( 'NONE', *, *, #6887, .F. ) ;
#2279 = VECTOR ( 'NONE', #2149, 1000.000000000000000 ) ;
#2280 = LINE ( 'NONE', #3443, #876 ) ;
#2281 = DIRECTION ( 'NONE',  ( 0.000000000000000000, 1.000000000000000000, 0.000000000000000000 ) ) ;
#2282 = CYLINDRICAL_SURFACE ( 'NONE', #6395, 4.000000000000003553 ) ;
#2283 = FACE_OUTER_BOUND ( 'NONE', #1033, .T. ) ;
#2284 = DIRECTION ( 'NONE',  ( -0.000000000000000000, -1.000000000000000000, -0.000000000000000000 ) ) ;
#2285 = DIRECTION ( 'NONE',  ( 1.214306433183764966E-16, -1.000000000000000000, 0.000000000000000000 ) ) ;
#2286 = CIRCLE ( 'NONE', #2175, 4.000000000000003553 ) ;
#2287 = ORIENTED_EDGE ( 'NONE', *, *, #784, .F. ) ;
#2288 = DIRECTION ( 'NONE',  ( -1.000000000000000000, -1.214306433183764966E-16, 0.000000000000000000 ) ) ;
#2289 = ADVANCED_FACE ( 'NONE', ( #891 ), #5860, .F. ) ;
#2290 = AXIS2_PLACEMENT_3D ( 'NONE', #251, #3524, #6170 ) ;
#2291 = PRODUCT_CONTEXT ( 'NONE', #3406, 'mechanical' ) ;
#2292 = CARTESIAN_POINT ( 'NONE',  ( 149.2011697012675597, 2.000000000000001776, 93.50188770989299769 ) ) ;
#2293 = DIRECTION ( 'NONE',  ( 0.000000000000000000, -0.000000000000000000, -1.000000000000000000 ) ) ;
#2294 = FACE_OUTER_BOUND ( 'NONE', #2915, .T. ) ;
#2295 = VERTEX_POINT ( 'NONE', #6965 ) ;
#2296 = AXIS2_PLACEMENT_3D ( 'NONE', #6853, #3107, #295 ) ;
#2297 = EDGE_LOOP ( 'NONE', ( #3226, #2515, #6837, #2696 ) ) ;
#2298 = ADVANCED_FACE ( 'NONE', ( #6354 ), #7037, .F. ) ;
#2299 = VERTEX_POINT ( 'NONE', #1525 ) ;
#2300 = CARTESIAN_POINT ( 'NONE',  ( 122.2211697014853087, -6.722384072261232162E-15, 141.7328810449583614 ) ) ;
#2301 = CARTESIAN_POINT ( 'NONE',  ( 50.28116970213873316, 5.000000000000000888, 163.9717239102517681 ) ) ;
#2302 = DIRECTION ( 'NONE',  ( -0.000000000000000000, -1.000000000000000000, -0.000000000000000000 ) ) ;
#2303 = AXIS2_PLACEMENT_3D ( 'NONE', #3267, #4520, #1331 ) ;
#2304 = DIRECTION ( 'NONE',  ( 1.214306433183764966E-16, -1.000000000000000000, 0.000000000000000000 ) ) ;
#2305 = LINE ( 'NONE', #588, #2617 ) ;
#2306 = ORIENTED_EDGE ( 'NONE', *, *, #4829, .F. ) ;
#2307 = ORIENTED_EDGE ( 'NONE', *, *, #3039, .F. ) ;
#2308 = ORIENTED_EDGE ( 'NONE', *, *, #1467, .T. ) ;
#2309 = VERTEX_POINT ( 'NONE', #2572 ) ;
#2310 = CARTESIAN_POINT ( 'NONE',  ( 77.26116970192093447, 9.500000000000000000, 97.50188770989296927 ) ) ;
#2311 = EDGE_LOOP ( 'NONE', ( #1916, #4892, #956, #2833, #6482, #4206, #6432, #5302 ) ) ;
#2312 = DIRECTION ( 'NONE',  ( 0.000000000000000000, 0.000000000000000000, 1.000000000000000000 ) ) ;
#2313 = DIRECTION ( 'NONE',  ( -1.521783800684217279E-15, 0.000000000000000000, -1.000000000000000000 ) ) ;
#2314 = CARTESIAN_POINT ( 'NONE',  ( 45.28116970213874026, 7.443006966612743653E-31, 141.7328810449583614 ) ) ;
#2315 = CARTESIAN_POINT ( 'NONE',  ( 177.5912666817638126, 2.000000000000000000, 124.7369805438819697 ) ) ;
#2316 = LINE ( 'NONE', #3777, #4781 ) ;
#2317 = VECTOR ( 'NONE', #6133, 1000.000000000000000 ) ;
#2318 = ORIENTED_EDGE ( 'NONE', *, *, #5957, .T. ) ;
#2319 = DIRECTION ( 'NONE',  ( 0.000000000000000000, -1.000000000000000000, 0.000000000000000000 ) ) ;
#2320 = CIRCLE ( 'NONE', #3337, 10.00000000000000888 ) ;
#2321 = LINE ( 'NONE', #120, #722 ) ;
#2322 = LINE ( 'NONE', #1232, #1508 ) ;
#2323 = DIRECTION ( 'NONE',  ( -1.000000000000000000, 0.000000000000000000, -6.240319029684725998E-16 ) ) ;
#2324 = EDGE_CURVE ( 'NONE', #817, #6376, #2048, .T. ) ;
#2325 = AXIS2_PLACEMENT_3D ( 'NONE', #1255, #1805, #2953 ) ;
#2326 = VECTOR ( 'NONE', #5889, 1000.000000000000000 ) ;
#2327 = ORIENTED_EDGE ( 'NONE', *, *, #2216, .F. ) ;
#2328 = EDGE_LOOP ( 'NONE', ( #171, #6888, #3224, #1797 ) ) ;
#2329 = CARTESIAN_POINT ( 'NONE',  ( 46.28116970213873316, 9.500000000000000000, 58.26711895504224259 ) ) ;
#2330 = VECTOR ( 'NONE', #6261, 1000.000000000000000 ) ;
#2331 = DIRECTION ( 'NONE',  ( 1.000000000000000000, 1.214306433183764966E-16, 0.000000000000000000 ) ) ;
#2332 = CARTESIAN_POINT ( 'NONE',  ( 131.2211697014853087, 1.999999999999998224, 102.4981376785882787 ) ) ;
#2333 = CARTESIAN_POINT ( 'NONE',  ( 126.2211697014853087, -26.25789166916414885, 97.50188770989251452 ) ) ;
#2334 = CARTESIAN_POINT ( 'NONE',  ( 182.5411697017031258, 2.000000000000000000, 163.3000063471202452 ) ) ;
#2335 = ADVANCED_FACE ( 'NONE', ( #963 ), #2010, .F. ) ;
#2336 = EDGE_CURVE ( 'NONE', #2656, #5807, #2121, .T. ) ;
#2337 = AXIS2_PLACEMENT_3D ( 'NONE', #4468, #6718, #5496 ) ;
#2338 = ADVANCED_FACE ( 'NONE', ( #3146 ), #5315, .F. ) ;
#2339 = VERTEX_POINT ( 'NONE', #332 ) ;
#2340 = VERTEX_POINT ( 'NONE', #998 ) ;
#2341 = ORIENTED_EDGE ( 'NONE', *, *, #2674, .T. ) ;
#2342 = PLANE ( 'NONE',  #584 ) ;
#2343 = PLANE ( 'NONE',  #102 ) ;
#2344 = ORIENTED_EDGE ( 'NONE', *, *, #2219, .F. ) ;
#2345 = ORIENTED_EDGE ( 'NONE', *, *, #857, .F. ) ;
#2346 = DIRECTION ( 'NONE',  ( -3.565896588391270872E-16, 0.000000000000000000, 1.000000000000000000 ) ) ;
#2347 = LINE ( 'NONE', #1257, #1137 ) ;
#2348 = DIRECTION ( 'NONE',  ( 0.000000000000000000, 0.000000000000000000, 1.000000000000000000 ) ) ;
#2349 = DIRECTION ( 'NONE',  ( -1.214306433183764966E-16, 1.000000000000000000, 0.000000000000000000 ) ) ;
#2350 = CARTESIAN_POINT ( 'NONE',  ( 154.2011697012675597, 9.500000000000000000, 141.7328810449583614 ) ) ;
#2351 = VERTEX_POINT ( 'NONE', #1445 ) ;
#2352 = ORIENTED_EDGE ( 'NONE', *, *, #4619, .T. ) ;
#2353 = LINE ( 'NONE', #6709, #7061 ) ;
#2354 = CYLINDRICAL_SURFACE ( 'NONE', #6328, 4.000000000000003553 ) ;
#2355 = DIRECTION ( 'NONE',  ( -0.000000000000000000, 1.000000000000000000, -0.000000000000000000 ) ) ;
#2356 = CIRCLE ( 'NONE', #166, 4.000000000000003553 ) ;
#2357 = EDGE_LOOP ( 'NONE', ( #1140, #4925, #2368, #5415 ) ) ;
#2358 = EDGE_CURVE ( 'NONE', #6812, #1876, #6931, .T. ) ;
#2359 = CARTESIAN_POINT ( 'NONE',  ( 122.2211697014853087, 9.500000000000000000, 137.7328810449583330 ) ) ;
#2360 = ORIENTED_EDGE ( 'NONE', *, *, #4155, .F. ) ;
#2361 = CARTESIAN_POINT ( 'NONE',  ( 177.5810351238890235, 2.000000000000000000, 137.7328810449583330 ) ) ;
#2362 = DIRECTION ( 'NONE',  ( -1.000000000000000000, 0.000000000000000000, 0.000000000000000000 ) ) ;
#2363 = CARTESIAN_POINT ( 'NONE',  ( 72.26116970192092026, 5.000000000000008882, 58.26711895504224969 ) ) ;
#2364 = CARTESIAN_POINT ( 'NONE',  ( 50.28116970213873316, 0.000000000000000000, 36.02827608974842377 ) ) ;
#2365 = DIRECTION ( 'NONE',  ( -1.000000000000000000, 0.000000000000000000, 0.000000000000000000 ) ) ;
#2366 = VERTEX_POINT ( 'NONE', #3179 ) ;
#2367 = ORIENTED_EDGE ( 'NONE', *, *, #288, .T. ) ;
#2368 = ORIENTED_EDGE ( 'NONE', *, *, #6649, .T. ) ;
#2369 = CYLINDRICAL_SURFACE ( 'NONE', #4493, 4.000000000000003553 ) ;
#2370 = EDGE_CURVE ( 'NONE', #4148, #6338, #244, .T. ) ;
#2371 = ORIENTED_EDGE ( 'NONE', *, *, #2442, .F. ) ;
#2372 = CARTESIAN_POINT ( 'NONE',  ( 158.2011697012675882, 9.500000000000000000, 58.26711895504224969 ) ) ;
#2373 = ORIENTED_EDGE ( 'NONE', *, *, #640, .T. ) ;
#2374 = CARTESIAN_POINT ( 'NONE',  ( 99.24116970170310026, 2.000000000000001776, 97.50188770989231557 ) ) ;
#2375 = VERTEX_POINT ( 'NONE', #442 ) ;
#2376 = ADVANCED_FACE ( 'NONE', ( #925 ), #2680, .F. ) ;
#2377 = DIRECTION ( 'NONE',  ( 1.000000000000000000, 0.000000000000000000, 3.565896588391270872E-16 ) ) ;
#2378 = CARTESIAN_POINT ( 'NONE',  ( 21.91893948763057409, 0.000000000000000000, 124.7369805438819981 ) ) ;
#2379 = DIRECTION ( 'NONE',  ( 1.000000000000000000, 0.000000000000000000, 0.000000000000000000 ) ) ;
#2380 = LINE ( 'NONE', #250, #6636 ) ;
#2381 = DIRECTION ( 'NONE',  ( 0.000000000000000000, 0.000000000000000000, -1.000000000000000000 ) ) ;
#2382 = EDGE_LOOP ( 'NONE', ( #5400, #4701, #1831, #3023, #1645, #2158, #848, #6325 ) ) ;
#2383 = CIRCLE ( 'NONE', #6599, 4.000000000000003553 ) ;
#2384 = ORIENTED_EDGE ( 'NONE', *, *, #6648, .T. ) ;
#2385 = CARTESIAN_POINT ( 'NONE',  ( 68.26116970192092026, -1.327602401032281370E-14, 40.02827608974843088 ) ) ;
#2386 = CYLINDRICAL_SURFACE ( 'NONE', #3139, 4.000000000000003553 ) ;
#2387 = PLANE ( 'NONE',  #3230 ) ;
#2388 = CIRCLE ( 'NONE', #4552, 4.000000000000003553 ) ;
#2389 = VECTOR ( 'NONE', #4672, 1000.000000000000000 ) ;
#2390 = VERTEX_POINT ( 'NONE', #3110 ) ;
#2391 = CARTESIAN_POINT ( 'NONE',  ( 104.2411697017031003, 0.000000000000000000, 36.02827608974845219 ) ) ;
#2392 = VERTEX_POINT ( 'NONE', #6392 ) ;
#2393 = LINE ( 'NONE', #4575, #4531 ) ;
#2394 = DIRECTION ( 'NONE',  ( -0.000000000000000000, 1.000000000000000000, -0.000000000000000000 ) ) ;
#2395 = LINE ( 'NONE', #2936, #3566 ) ;
#2396 = LINE ( 'NONE', #3325, #3724 ) ;
#2397 = DIRECTION ( 'NONE',  ( -0.000000000000000000, 1.000000000000000000, -0.000000000000000000 ) ) ;
#2398 = VERTEX_POINT ( 'NONE', #3750 ) ;
#2399 = ORIENTED_EDGE ( 'NONE', *, *, #3031, .F. ) ;
#2400 = AXIS2_PLACEMENT_3D ( 'NONE', #2596, #1403, #1473 ) ;
#2401 = ORIENTED_EDGE ( 'NONE', *, *, #2948, .T. ) ;
#2402 = CARTESIAN_POINT ( 'NONE',  ( 104.2411697017031003, 2.000000000000000000, 97.50188770989298348 ) ) ;
#2403 = DIRECTION ( 'NONE',  ( 0.000000000000000000, 0.000000000000000000, 1.000000000000000000 ) ) ;
#2404 = ORIENTED_EDGE ( 'NONE', *, *, #5169, .T. ) ;
#2405 = LINE ( 'NONE', #6655, #5465 ) ;
#2406 = VECTOR ( 'NONE', #2302, 1000.000000000000000 ) ;
#2407 = ORIENTED_EDGE ( 'NONE', *, *, #2636, .F. ) ;
#2408 = VERTEX_POINT ( 'NONE', #5281 ) ;
#2409 = EDGE_CURVE ( 'NONE', #2299, #2099, #4832, .T. ) ;
#2410 = CARTESIAN_POINT ( 'NONE',  ( 77.26116970192093447, 1.999999999999998224, 137.7328810449583330 ) ) ;
#2411 = FACE_OUTER_BOUND ( 'NONE', #6469, .T. ) ;
#2412 = LINE ( 'NONE', #2057, #5416 ) ;
#2413 = CARTESIAN_POINT ( 'NONE',  ( 21.91891372578183450, 2.000000000000000000, 97.50188770989295506 ) ) ;
#2414 = LINE ( 'NONE', #3949, #3648 ) ;
#2415 = ADVANCED_FACE ( 'NONE', ( #4857 ), #3850, .F. ) ;
#2416 = ORIENTED_EDGE ( 'NONE', *, *, #1943, .F. ) ;
#2417 = ORIENTED_EDGE ( 'NONE', *, *, #2860, .T. ) ;
#2418 = EDGE_CURVE ( 'NONE', #6376, #3722, #946, .T. ) ;
#2419 = ORIENTED_EDGE ( 'NONE', *, *, #1305, .F. ) ;
#2420 = VECTOR ( 'NONE', #3448, 1000.000000000000000 ) ;
#2421 = CARTESIAN_POINT ( 'NONE',  ( 77.26116970192093447, 1.999999999999998224, 141.7328810449583614 ) ) ;
#2422 = DIRECTION ( 'NONE',  ( 1.214306433183764966E-16, -1.000000000000000000, 0.000000000000000000 ) ) ;
#2423 = VECTOR ( 'NONE', #810, 1000.000000000000000 ) ;
#2424 = ORIENTED_EDGE ( 'NONE', *, *, #3360, .F. ) ;
#2425 = CARTESIAN_POINT ( 'NONE',  ( 177.5912666817638126, 0.000000000000000000, 159.9717492987328171 ) ) ;
#2426 = ORIENTED_EDGE ( 'NONE', *, *, #1943, .T. ) ;
#2427 = CARTESIAN_POINT ( 'NONE',  ( 73.26116970192092026, 9.500000000000000000, 106.4981376785882503 ) ) ;
#2428 = DIRECTION ( 'NONE',  ( 0.000000000000000000, -1.000000000000000000, 0.000000000000000000 ) ) ;
#2429 = CARTESIAN_POINT ( 'NONE',  ( 154.2011697012675597, 2.000000000000001776, 36.02830147822938756 ) ) ;
#2430 = CARTESIAN_POINT ( 'NONE',  ( 50.28116970213873316, -26.25789166916415951, 141.7328810449583614 ) ) ;
#2431 = CIRCLE ( 'NONE', #4604, 10.00000000000000178 ) ;
#2432 = VECTOR ( 'NONE', #3423, 1000.000000000000000 ) ;
#2433 = VERTEX_POINT ( 'NONE', #6527 ) ;
#2434 = ADVANCED_FACE ( 'NONE', ( #6562 ), #4427, .F. ) ;
#2435 = ORIENTED_EDGE ( 'NONE', *, *, #116, .F. ) ;
#2436 = VECTOR ( 'NONE', #3653, 1000.000000000000000 ) ;
#2437 = ORIENTED_EDGE ( 'NONE', *, *, #3019, .T. ) ;
#2438 = DIRECTION ( 'NONE',  ( 1.214306433183764966E-16, -1.000000000000000000, 4.330091167351559933E-32 ) ) ;
#2439 = CARTESIAN_POINT ( 'NONE',  ( 149.2011697012675597, 9.500000000000000000, 36.02827608974848062 ) ) ;
#2440 = EDGE_LOOP ( 'NONE', ( #5113, #1080, #802, #3900, #4343, #5044, #6934, #6046 ) ) ;
#2441 = CARTESIAN_POINT ( 'NONE',  ( 21.91893948763057409, 0.000000000000000000, 128.7369805438819981 ) ) ;
#2442 = EDGE_CURVE ( 'NONE', #6616, #5266, #7075, .T. ) ;
#2443 = EDGE_LOOP ( 'NONE', ( #6079, #1237, #913, #1011 ) ) ;
#2444 = VERTEX_POINT ( 'NONE', #576 ) ;
#2445 = AXIS2_PLACEMENT_3D ( 'NONE', #3109, #6391, #1444 ) ;
#2446 = LINE ( 'NONE', #4634, #135 ) ;
#2447 = CYLINDRICAL_SURFACE ( 'NONE', #5600, 4.000000000000017764 ) ;
#2448 = DIRECTION ( 'NONE',  ( 1.520586931241347659E-15, 0.000000000000000000, 1.000000000000000000 ) ) ;
#2449 = DIRECTION ( 'NONE',  ( -1.214306433183764966E-16, 1.000000000000000000, 0.000000000000000000 ) ) ;
#2450 = DIRECTION ( 'NONE',  ( 0.000000000000000000, 0.000000000000000000, 1.000000000000000000 ) ) ;
#2451 = AXIS2_PLACEMENT_3D ( 'NONE', #4199, #3668, #6487 ) ;
#2452 = ORIENTED_EDGE ( 'NONE', *, *, #1726, .T. ) ;
#2453 = VERTEX_POINT ( 'NONE', #2156 ) ;
#2454 = EDGE_CURVE ( 'NONE', #4699, #1342, #3313, .T. ) ;
#2455 = DIRECTION ( 'NONE',  ( 0.000000000000000000, 0.000000000000000000, -1.000000000000000000 ) ) ;
#2456 = AXIS2_PLACEMENT_3D ( 'NONE', #1807, #3413, #2988 ) ;
#2457 = CARTESIAN_POINT ( 'NONE',  ( 95.24116970170310026, 0.000000000000000000, 163.9717239102517681 ) ) ;
#2458 = DIRECTION ( 'NONE',  ( 1.000000000000000000, 0.000000000000000000, -1.782948589251572672E-16 ) ) ;
#2459 = EDGE_CURVE ( 'NONE', #3712, #4491, #6598, .T. ) ;
#2460 = ORIENTED_EDGE ( 'NONE', *, *, #1692, .T. ) ;
#2461 = DIRECTION ( 'NONE',  ( -1.000000000000000000, 0.000000000000000000, 0.000000000000000000 ) ) ;
#2462 = ORIENTED_EDGE ( 'NONE', *, *, #3666, .T. ) ;
#2463 = CARTESIAN_POINT ( 'NONE',  ( 45.28116970213874026, 2.000000000000000000, 106.4981376785882219 ) ) ;
#2464 = DIRECTION ( 'NONE',  ( 0.000000000000000000, -0.000000000000000000, -1.000000000000000000 ) ) ;
#2465 = CARTESIAN_POINT ( 'NONE',  ( 21.91893948763057409, 0.000000000000000000, 58.26711895504224969 ) ) ;
#2466 = VECTOR ( 'NONE', #3429, 1000.000000000000000 ) ;
#2467 = DIRECTION ( 'NONE',  ( 1.000000000000000000, 1.214306433183764966E-16, 0.000000000000000000 ) ) ;
#2468 = AXIS2_PLACEMENT_3D ( 'NONE', #2903, #4470, #5534 ) ;
#2469 = ORIENTED_EDGE ( 'NONE', *, *, #5693, .F. ) ;
#2470 = EDGE_CURVE ( 'NONE', #817, #1978, #3458, .T. ) ;
#2471 = VECTOR ( 'NONE', #4968, 1000.000000000000000 ) ;
#2472 = ORIENTED_EDGE ( 'NONE', *, *, #6998, .T. ) ;
#2473 = ORIENTED_EDGE ( 'NONE', *, *, #1726, .F. ) ;
#2474 = CARTESIAN_POINT ( 'NONE',  ( 41.28116970213874026, -1.655098034237125882E-14, 75.26304484459959099 ) ) ;
#2475 = DIRECTION ( 'NONE',  ( 1.000000000000000000, 0.000000000000000000, 0.000000000000000000 ) ) ;
#2476 = VERTEX_POINT ( 'NONE', #5525 ) ;
#2477 = AXIS2_PLACEMENT_3D ( 'NONE', #567, #2733, #4916 ) ;
#2478 = ORIENTED_EDGE ( 'NONE', *, *, #5595, .T. ) ;
#2479 = ORIENTED_EDGE ( 'NONE', *, *, #6855, .T. ) ;
#2480 = VECTOR ( 'NONE', #5716, 1000.000000000000000 ) ;
#2481 = LINE ( 'NONE', #6838, #3229 ) ;
#2482 = CARTESIAN_POINT ( 'NONE',  ( 68.26116970192092026, 9.500000000000000000, 62.26711895504224969 ) ) ;
#2483 = CARTESIAN_POINT ( 'NONE',  ( 77.26116970192093447, 9.500000000000000000, 75.26304484459959099 ) ) ;
#2484 = DIRECTION ( 'NONE',  ( 0.000000000000000000, -1.000000000000000000, 0.000000000000000000 ) ) ;
#2485 = EDGE_CURVE ( 'NONE', #1498, #454, #1632, .T. ) ;
#2486 = ORIENTED_EDGE ( 'NONE', *, *, #5595, .F. ) ;
#2487 = ORIENTED_EDGE ( 'NONE', *, *, #5650, .T. ) ;
#2488 = EDGE_CURVE ( 'NONE', #271, #4235, #650, .T. ) ;
#2489 = CARTESIAN_POINT ( 'NONE',  ( 6.941169701703142181, 0.000000000000000000, 173.3000063471202736 ) ) ;
#2490 = DIRECTION ( 'NONE',  ( 0.000000000000000000, 0.000000000000000000, -1.000000000000000000 ) ) ;
#2491 = DIRECTION ( 'NONE',  ( 0.000000000000000000, 0.000000000000000000, -1.000000000000000000 ) ) ;
#2492 = CIRCLE ( 'NONE', #1340, 4.000000000000003553 ) ;
#2493 = EDGE_LOOP ( 'NONE', ( #1936, #4372, #3093, #1879 ) ) ;
#2494 = EDGE_CURVE ( 'NONE', #5930, #226, #503, .T. ) ;
#2495 = VECTOR ( 'NONE', #1591, 1000.000000000000000 ) ;
#2496 = CARTESIAN_POINT ( 'NONE',  ( 153.2011697012675597, -3.871831456662263918E-31, 106.4981376785883072 ) ) ;
#2497 = CARTESIAN_POINT ( 'NONE',  ( 177.5912666817638126, 0.000000000000000000, 40.02827608974840246 ) ) ;
#2498 = DIRECTION ( 'NONE',  ( 4.494888644641219162E-15, 0.000000000000000000, -1.000000000000000000 ) ) ;
#2499 = PLANE ( 'NONE',  #7010 ) ;
#2500 = FACE_OUTER_BOUND ( 'NONE', #2054, .T. ) ;
#2501 = DIRECTION ( 'NONE',  ( 1.000000000000000000, 0.000000000000000000, 0.000000000000000000 ) ) ;
#2502 = ORIENTED_EDGE ( 'NONE', *, *, #2459, .T. ) ;
#2503 = AXIS2_PLACEMENT_3D ( 'NONE', #523, #37, #4412 ) ;
#2504 = EDGE_CURVE ( 'NONE', #1463, #5084, #51, .T. ) ;
#2505 = EDGE_CURVE ( 'NONE', #4930, #2540, #3124, .T. ) ;
#2506 = ORIENTED_EDGE ( 'NONE', *, *, #5605, .F. ) ;
#2507 = ORIENTED_EDGE ( 'NONE', *, *, #6869, .T. ) ;
#2508 = CARTESIAN_POINT ( 'NONE',  ( 73.26116970192092026, 1.999999999999998224, 75.26304484459959099 ) ) ;
#2509 = DIRECTION ( 'NONE',  ( -1.000000000000000000, 0.000000000000000000, -3.859229090095251171E-16 ) ) ;
#2510 = VECTOR ( 'NONE', #6802, 1000.000000000000000 ) ;
#2511 = FACE_OUTER_BOUND ( 'NONE', #3329, .T. ) ;
#2512 = ORIENTED_EDGE ( 'NONE', *, *, #1866, .T. ) ;
#2513 = ADVANCED_FACE ( 'NONE', ( #6000 ), #1093, .F. ) ;
#2514 = ORIENTED_EDGE ( 'NONE', *, *, #65, .T. ) ;
#2515 = ORIENTED_EDGE ( 'NONE', *, *, #6855, .F. ) ;
#2516 = CARTESIAN_POINT ( 'NONE',  ( 149.2011697012675597, 9.500000000000000000, 40.02827608974848062 ) ) ;
#2517 = CARTESIAN_POINT ( 'NONE',  ( 122.2211697014853087, 9.500000000000000000, 102.4981376785882787 ) ) ;
#2518 = DIRECTION ( 'NONE',  ( 1.214306433183764966E-16, -1.000000000000000000, 4.330091167351559933E-32 ) ) ;
#2519 = VECTOR ( 'NONE', #3, 1000.000000000000000 ) ;
#2520 = CARTESIAN_POINT ( 'NONE',  ( 6.941169701703141293, 0.000000000000000000, 163.3000063471202736 ) ) ;
#2521 = VERTEX_POINT ( 'NONE', #4315 ) ;
#2522 = ORIENTED_EDGE ( 'NONE', *, *, #6320, .T. ) ;
#2523 = ORIENTED_EDGE ( 'NONE', *, *, #5376, .T. ) ;
#2524 = DIRECTION ( 'NONE',  ( -1.214306433183764966E-16, 1.000000000000000000, -4.330091167351559933E-32 ) ) ;
#2525 = DIRECTION ( 'NONE',  ( 0.000000000000000000, 0.000000000000000000, 1.000000000000000000 ) ) ;
#2526 = CYLINDRICAL_SURFACE ( 'NONE', #123, 4.000000000000003553 ) ;
#2527 = DIRECTION ( 'NONE',  ( 0.000000000000000000, -0.000000000000000000, -1.000000000000000000 ) ) ;
#2528 = EDGE_CURVE ( 'NONE', #3048, #755, #706, .T. ) ;
#2529 = ORIENTED_EDGE ( 'NONE', *, *, #1610, .T. ) ;
#2530 = CARTESIAN_POINT ( 'NONE',  ( 95.24116970170310026, 4.999999999999999112, 71.26304484459957678 ) ) ;
#2531 = LINE ( 'NONE', #329, #316 ) ;
#2532 = CARTESIAN_POINT ( 'NONE',  ( 6.941169701703125305, 0.000000000000000000, 26.70000634712029708 ) ) ;
#2533 = ADVANCED_FACE ( 'NONE', ( #1741 ), #3919, .F. ) ;
#2534 = CARTESIAN_POINT ( 'NONE',  ( 131.2211697014853087, 9.500000000000000000, 163.9717239102517681 ) ) ;
#2535 = CARTESIAN_POINT ( 'NONE',  ( 149.2011697012675597, 0.000000000000000000, 62.26711895504224969 ) ) ;
#2536 = EDGE_CURVE ( 'NONE', #1422, #5855, #1197, .T. ) ;
#2537 = CARTESIAN_POINT ( 'NONE',  ( 21.91893948763057409, 2.000000000000000000, 128.7369805438819981 ) ) ;
#2538 = ORIENTED_EDGE ( 'NONE', *, *, #1355, .F. ) ;
#2539 = AXIS2_PLACEMENT_3D ( 'NONE', #6961, #6588, #400 ) ;
#2540 = VERTEX_POINT ( 'NONE', #4354 ) ;
#2541 = VERTEX_POINT ( 'NONE', #3275 ) ;
#2542 = CARTESIAN_POINT ( 'NONE',  ( 127.2211697014853087, -7.723691345436736938E-31, 159.9717239102517681 ) ) ;
#2543 = CIRCLE ( 'NONE', #6530, 4.000000000000003553 ) ;
#2544 = CARTESIAN_POINT ( 'NONE',  ( 21.91891372578183450, 9.500000000000000000, 40.02827608974840246 ) ) ;
#2545 = CARTESIAN_POINT ( 'NONE',  ( 100.2411697017031003, -26.25789166916415240, 163.9717239102513986 ) ) ;
#2546 = ORIENTED_EDGE ( 'NONE', *, *, #6336, .T. ) ;
#2547 = ADVANCED_FACE ( 'NONE', ( #12 ), #2222, .F. ) ;
#2548 = EDGE_CURVE ( 'NONE', #724, #1800, #2322, .T. ) ;
#2549 = VECTOR ( 'NONE', #6120, 1000.000000000000000 ) ;
#2550 = VECTOR ( 'NONE', #5675, 1000.000000000000000 ) ;
#2551 = ORIENTED_EDGE ( 'NONE', *, *, #5919, .F. ) ;
#2552 = VERTEX_POINT ( 'NONE', #844 ) ;
#2553 = DIRECTION ( 'NONE',  ( 0.000000000000000000, 0.000000000000000000, -1.000000000000000000 ) ) ;
#2554 = CIRCLE ( 'NONE', #478, 4.000000000000003553 ) ;
#2555 = CARTESIAN_POINT ( 'NONE',  ( 100.2411697017031003, 2.000000000000001776, 163.9717239102513986 ) ) ;
#2556 = FACE_OUTER_BOUND ( 'NONE', #975, .T. ) ;
#2557 = VERTEX_POINT ( 'NONE', #4496 ) ;
#2558 = ORIENTED_EDGE ( 'NONE', *, *, #5849, .F. ) ;
#2559 = CIRCLE ( 'NONE', #3924, 4.000000000000017764 ) ;
#2560 = VERTEX_POINT ( 'NONE', #3531 ) ;
#2561 = FACE_OUTER_BOUND ( 'NONE', #5431, .T. ) ;
#2562 = DIRECTION ( 'NONE',  ( 1.214306433183764966E-16, -1.000000000000000000, -2.165045941964102761E-32 ) ) ;
#2563 = CARTESIAN_POINT ( 'NONE',  ( 158.2011697012675882, -26.25789166916414530, 141.7328810449583614 ) ) ;
#2564 = AXIS2_PLACEMENT_3D ( 'NONE', #3422, #1092, #5596 ) ;
#2565 = DIRECTION ( 'NONE',  ( -0.000000000000000000, 1.000000000000000000, -0.000000000000000000 ) ) ;
#2566 = ORIENTED_EDGE ( 'NONE', *, *, #2336, .F. ) ;
#2567 = CIRCLE ( 'NONE', #6100, 3.999999999999989786 ) ;
#2568 = DIRECTION ( 'NONE',  ( 0.000000000000000000, 0.000000000000000000, -1.000000000000000000 ) ) ;
#2569 = CARTESIAN_POINT ( 'NONE',  ( 68.26116970192092026, -1.327478158566793132E-14, 141.7328810449583614 ) ) ;
#2570 = CARTESIAN_POINT ( 'NONE',  ( 46.28116970213874026, 2.000000000000001776, 36.02830147823024731 ) ) ;
#2571 = DIRECTION ( 'NONE',  ( 1.000000000000000000, 0.000000000000000000, 0.000000000000000000 ) ) ;
#2572 = CARTESIAN_POINT ( 'NONE',  ( 50.28116970213873316, 2.000000000000001776, 137.7328810449583330 ) ) ;
#2573 = FACE_OUTER_BOUND ( 'NONE', #1995, .T. ) ;
#2574 = ORIENTED_EDGE ( 'NONE', *, *, #6592, .T. ) ;
#2575 = AXIS2_PLACEMENT_3D ( 'NONE', #6808, #1920, #2379 ) ;
#2576 = ORIENTED_EDGE ( 'NONE', *, *, #664, .F. ) ;
#2577 = ORIENTED_EDGE ( 'NONE', *, *, #1250, .T. ) ;
#2578 = CYLINDRICAL_SURFACE ( 'NONE', #4078, 4.000000000000003553 ) ;
#2579 = CARTESIAN_POINT ( 'NONE',  ( 17.91893948763055633, 0.000000000000000000, 106.4837816998209377 ) ) ;
#2580 = ADVANCED_FACE ( 'NONE', ( #1856 ), #155, .F. ) ;
#2581 = CARTESIAN_POINT ( 'NONE',  ( 126.2211697014853087, 9.500000000000000000, 124.7369805438819697 ) ) ;
#2582 = ORIENTED_EDGE ( 'NONE', *, *, #125, .F. ) ;
#2583 = VECTOR ( 'NONE', #624, 1000.000000000000000 ) ;
#2584 = ORIENTED_EDGE ( 'NONE', *, *, #4202, .F. ) ;
#2585 = EDGE_CURVE ( 'NONE', #2930, #3192, #1304, .T. ) ;
#2586 = ORIENTED_EDGE ( 'NONE', *, *, #1841, .F. ) ;
#2587 = CARTESIAN_POINT ( 'NONE',  ( 21.91891372578183450, 0.000000000000000000, 93.50188770989298348 ) ) ;
#2588 = DIRECTION ( 'NONE',  ( -1.000000000000000000, 0.000000000000000000, -6.240319029684725998E-16 ) ) ;
#2589 = CIRCLE ( 'NONE', #1783, 4.000000000000031086 ) ;
#2590 = LINE ( 'NONE', #3591, #5045 ) ;
#2591 = DIRECTION ( 'NONE',  ( 1.000000000000000000, 0.000000000000000000, 0.000000000000000000 ) ) ;
#2592 = VERTEX_POINT ( 'NONE', #3995 ) ;
#2593 = ORIENTED_EDGE ( 'NONE', *, *, #3241, .F. ) ;
#2594 = AXIS2_PLACEMENT_3D ( 'NONE', #4149, #3581, #821 ) ;
#2595 = ADVANCED_FACE ( 'NONE', ( #1777 ), #1928, .F. ) ;
#2596 = CARTESIAN_POINT ( 'NONE',  ( 182.5411697017031258, 2.000000000000000000, 163.3000063471202452 ) ) ;
#2597 = CARTESIAN_POINT ( 'NONE',  ( 149.2011697012675597, 4.999999999999999112, 102.4981376785882929 ) ) ;
#2598 = CARTESIAN_POINT ( 'NONE',  ( 177.5912666817638979, 0.000000000000000000, 97.50188770989301190 ) ) ;
#2599 = FACE_BOUND ( 'NONE', #6296, .T. ) ;
#2600 = EDGE_CURVE ( 'NONE', #1457, #6695, #3957, .T. ) ;
#2601 = ORIENTED_EDGE ( 'NONE', *, *, #288, .F. ) ;
#2602 = CARTESIAN_POINT ( 'NONE',  ( 177.5912666817638126, 9.500000000000000000, 128.7369805438819697 ) ) ;
#2603 = CARTESIAN_POINT ( 'NONE',  ( 95.24116970170310026, 9.500000000000000000, 159.9717239102517681 ) ) ;
#2604 = DIRECTION ( 'NONE',  ( 0.000000000000000000, 0.000000000000000000, -1.000000000000000000 ) ) ;
#2605 = CARTESIAN_POINT ( 'NONE',  ( 126.2211697014853087, 5.000000000000015987, 93.50188770989299769 ) ) ;
#2606 = CARTESIAN_POINT ( 'NONE',  ( 95.24116970170310026, 9.500000000000000000, 93.50188770989298348 ) ) ;
#2607 = CARTESIAN_POINT ( 'NONE',  ( 149.2011697012675597, 0.000000000000000000, 97.50188770989299769 ) ) ;
#2608 = ORIENTED_EDGE ( 'NONE', *, *, #2672, .T. ) ;
#2609 = ADVANCED_FACE ( 'NONE', ( #2963 ), #6816, .F. ) ;
#2610 = VERTEX_POINT ( 'NONE', #223 ) ;
#2611 = ORIENTED_EDGE ( 'NONE', *, *, #4812, .F. ) ;
#2612 = DIRECTION ( 'NONE',  ( -1.214306433183764966E-16, 1.000000000000000000, -7.577659542865232346E-32 ) ) ;
#2613 = DIRECTION ( 'NONE',  ( -1.214306433183764966E-16, 1.000000000000000000, 2.165045941964102761E-32 ) ) ;
#2614 = FACE_OUTER_BOUND ( 'NONE', #6878, .T. ) ;
#2615 = DIRECTION ( 'NONE',  ( 0.000000000000000000, 1.000000000000000000, 0.000000000000000000 ) ) ;
#2616 = VERTEX_POINT ( 'NONE', #6280 ) ;
#2617 = VECTOR ( 'NONE', #2793, 1000.000000000000000 ) ;
#2618 = AXIS2_PLACEMENT_3D ( 'NONE', #2532, #7002, #2118 ) ;
#2619 = ORIENTED_EDGE ( 'NONE', *, *, #1884, .F. ) ;
#2620 = AXIS2_PLACEMENT_3D ( 'NONE', #387, #1581, #7095 ) ;
#2621 = ORIENTED_EDGE ( 'NONE', *, *, #3623, .T. ) ;
#2622 = LINE ( 'NONE', #1541, #2893 ) ;
#2623 = LINE ( 'NONE', #659, #3432 ) ;
#2624 = DIRECTION ( 'NONE',  ( 0.000000000000000000, 0.000000000000000000, 1.000000000000000000 ) ) ;
#2625 = EDGE_CURVE ( 'NONE', #3391, #2408, #3911, .T. ) ;
#2626 = DIRECTION ( 'NONE',  ( 0.000000000000000000, 0.000000000000000000, -1.000000000000000000 ) ) ;
#2627 = AXIS2_PLACEMENT_3D ( 'NONE', #7001, #2117, #6926 ) ;
#2628 = ORIENTED_EDGE ( 'NONE', *, *, #6951, .T. ) ;
#2629 = EDGE_LOOP ( 'NONE', ( #3583, #5034, #4582, #4128 ) ) ;
#2630 = AXIS2_PLACEMENT_3D ( 'NONE', #6058, #1547, #1154 ) ;
#2631 = CARTESIAN_POINT ( 'NONE',  ( 17.91893948763057054, 9.500000000000000000, 58.26711895504225680 ) ) ;
#2632 = DIRECTION ( 'NONE',  ( 0.000000000000000000, 1.000000000000000000, 0.000000000000000000 ) ) ;
#2633 = DIRECTION ( 'NONE',  ( 1.000000000000000000, 0.000000000000000000, 0.000000000000000000 ) ) ;
#2634 = PLANE ( 'NONE',  #3755 ) ;
#2635 = ADVANCED_FACE ( 'NONE', ( #4530 ), #6782, .F. ) ;
#2636 = EDGE_CURVE ( 'NONE', #4589, #3942, #5635, .T. ) ;
#2637 = VECTOR ( 'NONE', #2065, 1000.000000000000000 ) ;
#2638 = CARTESIAN_POINT ( 'NONE',  ( 50.28116970213873316, 9.500000000000000000, 97.50188770989296927 ) ) ;
#2639 = VERTEX_POINT ( 'NONE', #1894 ) ;
#2640 = CARTESIAN_POINT ( 'NONE',  ( 154.2011697012675597, 9.500000000000000000, 106.4981376785883072 ) ) ;
#2641 = DIRECTION ( 'NONE',  ( 4.494882484332465634E-15, 0.000000000000000000, -1.000000000000000000 ) ) ;
#2642 = LINE ( 'NONE', #6427, #4087 ) ;
#2643 = DIRECTION ( 'NONE',  ( 1.000000000000000000, 0.000000000000000000, 0.000000000000000000 ) ) ;
#2644 = DIRECTION ( 'NONE',  ( -1.000000000000000000, -1.214306433183764966E-16, 0.000000000000000000 ) ) ;
#2645 = DIRECTION ( 'NONE',  ( -1.000000000000000000, -0.000000000000000000, 1.308519863344574538E-16 ) ) ;
#2646 = ORIENTED_EDGE ( 'NONE', *, *, #5905, .T. ) ;
#2647 = ORIENTED_EDGE ( 'NONE', *, *, #5556, .F. ) ;
#2648 = ORIENTED_EDGE ( 'NONE', *, *, #6215, .F. ) ;
#2649 = DIRECTION ( 'NONE',  ( 1.214306433183764966E-16, -1.000000000000000000, 8.660182334703126435E-32 ) ) ;
#2650 = CARTESIAN_POINT ( 'NONE',  ( 46.28116970213873316, 5.000000000000003553, 106.4981376785882219 ) ) ;
#2651 = CARTESIAN_POINT ( 'NONE',  ( 41.28116970213874026, 2.000000000000000000, 106.4981376785882219 ) ) ;
#2652 = AXIS2_PLACEMENT_3D ( 'NONE', #1732, #4920, #3910 ) ;
#2653 = EDGE_LOOP ( 'NONE', ( #7008, #4592, #1501, #2577 ) ) ;
#2654 = DIRECTION ( 'NONE',  ( 1.000000000000000000, 0.000000000000000000, 3.565896588391270872E-16 ) ) ;
#2655 = ORIENTED_EDGE ( 'NONE', *, *, #1150, .T. ) ;
#2656 = VERTEX_POINT ( 'NONE', #2928 ) ;
#2657 = DIRECTION ( 'NONE',  ( 0.0005581717017195821735, 0.000000000000000000, 0.9999998442221635919 ) ) ;
#2658 = EDGE_CURVE ( 'NONE', #2226, #6230, #5100, .T. ) ;
#2659 = DIRECTION ( 'NONE',  ( 1.000000000000000000, 1.214306433183764966E-16, 0.000000000000000000 ) ) ;
#2660 = CIRCLE ( 'NONE', #2211, 4.000000000000003553 ) ;
#2661 = VECTOR ( 'NONE', #3600, 1000.000000000000000 ) ;
#2662 = ORIENTED_EDGE ( 'NONE', *, *, #3525, .F. ) ;
#2663 = ADVANCED_FACE ( 'NONE', ( #6246 ), #2387, .F. ) ;
#2664 = PLANE ( 'NONE',  #6578 ) ;
#2665 = VECTOR ( 'NONE', #4477, 1000.000000000000000 ) ;
#2666 = FACE_OUTER_BOUND ( 'NONE', #3880, .T. ) ;
#2667 = CARTESIAN_POINT ( 'NONE',  ( 149.2011697012675597, 9.500000000000000000, 137.7328810449583330 ) ) ;
#2668 = DIRECTION ( 'NONE',  ( 1.214306433183764966E-16, -1.000000000000000000, 0.000000000000000000 ) ) ;
#2669 = ADVANCED_FACE ( 'NONE', ( #808 ), #2994, .F. ) ;
#2670 = VECTOR ( 'NONE', #2687, 1000.000000000000000 ) ;
#2671 = DIRECTION ( 'NONE',  ( 1.214306433183764966E-16, -1.000000000000000000, -2.165045941964102761E-32 ) ) ;
#2672 = EDGE_CURVE ( 'NONE', #6413, #185, #5340, .T. ) ;
#2673 = ORIENTED_EDGE ( 'NONE', *, *, #5637, .T. ) ;
#2674 = EDGE_CURVE ( 'NONE', #1361, #5301, #882, .T. ) ;
#2675 = ADVANCED_FACE ( 'NONE', ( #6992 ), #4168, .F. ) ;
#2676 = DIRECTION ( 'NONE',  ( -0.000000000000000000, 1.000000000000000000, -0.000000000000000000 ) ) ;
#2677 = DIRECTION ( 'NONE',  ( -0.000000000000000000, 1.000000000000000000, -0.000000000000000000 ) ) ;
#2678 = AXIS2_PLACEMENT_3D ( 'NONE', #3783, #4786, #4820 ) ;
#2679 = DIRECTION ( 'NONE',  ( 0.000000000000000000, 1.000000000000000000, 0.000000000000000000 ) ) ;
#2680 = PLANE ( 'NONE',  #4260 ) ;
#2681 = DIRECTION ( 'NONE',  ( 1.214306433183764966E-16, -1.000000000000000000, 0.000000000000000000 ) ) ;
#2682 = ORIENTED_EDGE ( 'NONE', *, *, #5219, .F. ) ;
#2683 = AXIS2_PLACEMENT_3D ( 'NONE', #3741, #1588, #4167 ) ;
#2684 = ORIENTED_EDGE ( 'NONE', *, *, #6648, .F. ) ;
#2685 = ORIENTED_EDGE ( 'NONE', *, *, #5038, .F. ) ;
#2686 = DIRECTION ( 'NONE',  ( -1.214306433183764966E-16, 1.000000000000000000, -7.577659542865232346E-32 ) ) ;
#2687 = DIRECTION ( 'NONE',  ( -1.214306433183764966E-16, 1.000000000000000000, -8.660182334703126435E-32 ) ) ;
#2688 = DIRECTION ( 'NONE',  ( -1.214306433183764966E-16, 1.000000000000000000, 0.000000000000000000 ) ) ;
#2689 = LINE ( 'NONE', #515, #3864 ) ;
#2690 = CARTESIAN_POINT ( 'NONE',  ( 72.26116970192092026, 9.500000000000000000, 40.02827608974843088 ) ) ;
#2691 = EDGE_LOOP ( 'NONE', ( #6367, #1554, #4601, #5183 ) ) ;
#2692 = ORIENTED_EDGE ( 'NONE', *, *, #5661, .T. ) ;
#2693 = DIRECTION ( 'NONE',  ( 0.000000000000000000, 0.000000000000000000, -1.000000000000000000 ) ) ;
#2694 = EDGE_CURVE ( 'NONE', #755, #3182, #394, .T. ) ;
#2695 = CARTESIAN_POINT ( 'NONE',  ( 77.26116970192093447, 9.500000000000000000, 102.4981376785882503 ) ) ;
#2696 = ORIENTED_EDGE ( 'NONE', *, *, #4032, .F. ) ;
#2697 = DIRECTION ( 'NONE',  ( 1.000000000000000000, 1.214306433183761268E-16, 0.000000000000000000 ) ) ;
#2698 = CARTESIAN_POINT ( 'NONE',  ( 17.90873331823641834, 2.000000000000000000, 75.26304484459959099 ) ) ;
#2699 = DIRECTION ( 'NONE',  ( 1.233215741215739601E-16, 0.000000000000000000, 1.000000000000000000 ) ) ;
#2700 = DIRECTION ( 'NONE',  ( -1.214306433183764966E-16, 1.000000000000000000, -0.000000000000000000 ) ) ;
#2701 = CIRCLE ( 'NONE', #5903, 4.000000000000003553 ) ;
#2702 = EDGE_CURVE ( 'NONE', #3009, #5610, #23, .T. ) ;
#2703 = DIRECTION ( 'NONE',  ( -0.000000000000000000, 1.000000000000000000, -0.000000000000000000 ) ) ;
#2704 = VERTEX_POINT ( 'NONE', #3064 ) ;
#2705 = DIRECTION ( 'NONE',  ( -1.214306433183764966E-16, 1.000000000000000000, -7.577659542865232346E-32 ) ) ;
#2706 = AXIS2_PLACEMENT_3D ( 'NONE', #2933, #5068, #5644 ) ;
#2707 = CARTESIAN_POINT ( 'NONE',  ( 177.5912666817638126, 2.000000000000000000, 36.02827608974849483 ) ) ;
#2708 = CARTESIAN_POINT ( 'NONE',  ( 68.26116970192092026, 9.500000000000000000, 137.7328810449583330 ) ) ;
#2709 = PLANE ( 'NONE',  #175 ) ;
#2710 = EDGE_CURVE ( 'NONE', #4823, #1699, #2038, .T. ) ;
#2711 = ORIENTED_EDGE ( 'NONE', *, *, #1708, .T. ) ;
#2712 = ORIENTED_EDGE ( 'NONE', *, *, #6004, .F. ) ;
#2713 = VERTEX_POINT ( 'NONE', #4239 ) ;
#2714 = FACE_OUTER_BOUND ( 'NONE', #4961, .T. ) ;
#2715 = DIRECTION ( 'NONE',  ( 1.214306433183764966E-16, -1.000000000000000000, 4.330091167351559933E-32 ) ) ;
#2716 = FACE_OUTER_BOUND ( 'NONE', #26, .T. ) ;
#2717 = CARTESIAN_POINT ( 'NONE',  ( 104.2411697017031003, 2.000000000000001776, 75.26304484459959099 ) ) ;
#2718 = ORIENTED_EDGE ( 'NONE', *, *, #3374, .F. ) ;
#2719 = CARTESIAN_POINT ( 'NONE',  ( 177.5912666817638126, 0.000000000000000000, 102.4981376785883072 ) ) ;
#2720 = ADVANCED_FACE ( 'NONE', ( #6954 ), #1475, .F. ) ;
#2721 = AXIS2_PLACEMENT_3D ( 'NONE', #5792, #4365, #5910 ) ;
#2722 = EDGE_CURVE ( 'NONE', #6341, #4143, #2076, .T. ) ;
#2723 = ADVANCED_FACE ( 'NONE', ( #6885 ), #2526, .F. ) ;
#2724 = VERTEX_POINT ( 'NONE', #6419 ) ;
#2725 = ORIENTED_EDGE ( 'NONE', *, *, #5784, .F. ) ;
#2726 = ORIENTED_EDGE ( 'NONE', *, *, #4608, .T. ) ;
#2727 = CARTESIAN_POINT ( 'NONE',  ( 177.5912666817637842, 9.500000000000000000, 62.26711895504224969 ) ) ;
#2728 = VECTOR ( 'NONE', #1718, 1000.000000000000000 ) ;
#2729 = CARTESIAN_POINT ( 'NONE',  ( 154.2011697012675597, 5.000000000000017764, 75.26304484459959099 ) ) ;
#2730 = EDGE_CURVE ( 'NONE', #2639, #6348, #1854, .T. ) ;
#2731 = VERTEX_POINT ( 'NONE', #4678 ) ;
#2732 = EDGE_CURVE ( 'NONE', #5842, #5401, #287, .T. ) ;
#2733 = DIRECTION ( 'NONE',  ( 0.000000000000000000, 1.000000000000000000, 0.000000000000000000 ) ) ;
#2734 = CYLINDRICAL_SURFACE ( 'NONE', #4458, 4.000000000000003553 ) ;
#2735 = CARTESIAN_POINT ( 'NONE',  ( 72.26116970192092026, 2.000000000000000000, 40.02827608974843088 ) ) ;
#2736 = CARTESIAN_POINT ( 'NONE',  ( 100.2411697017031003, -7.723691345436736938E-31, 124.7369805438819839 ) ) ;
#2737 = VECTOR ( 'NONE', #5466, 1000.000000000000000 ) ;
#2738 = CARTESIAN_POINT ( 'NONE',  ( 45.28116970213873316, 5.000000000000005329, 124.7369805438819981 ) ) ;
#2739 = ADVANCED_FACE ( 'NONE', ( #6849 ), #6345, .F. ) ;
#2740 = EDGE_LOOP ( 'NONE', ( #2424, #3685, #2898, #3526 ) ) ;
#2741 = FACE_OUTER_BOUND ( 'NONE', #4048, .T. ) ;
#2742 = AXIS2_PLACEMENT_3D ( 'NONE', #3625, #3129, #2553 ) ;
#2743 = EDGE_LOOP ( 'NONE', ( #1675, #1837, #1395, #4581, #4358, #1565, #3587, #3369 ) ) ;
#2744 = DIRECTION ( 'NONE',  ( 0.000000000000000000, 0.000000000000000000, -1.000000000000000000 ) ) ;
#2745 = CARTESIAN_POINT ( 'NONE',  ( 126.2211697014853087, 5.000000000000008882, 58.26711895504224969 ) ) ;
#2746 = DIRECTION ( 'NONE',  ( 6.240319029684725998E-16, 0.000000000000000000, -1.000000000000000000 ) ) ;
#2747 = VERTEX_POINT ( 'NONE', #917 ) ;
#2748 = ORIENTED_EDGE ( 'NONE', *, *, #6064, .T. ) ;
#2749 = CARTESIAN_POINT ( 'NONE',  ( 177.5810351238890235, 0.000000000000000000, 137.7328810449583330 ) ) ;
#2750 = ORIENTED_EDGE ( 'NONE', *, *, #458, .T. ) ;
#2751 = PLANE ( 'NONE',  #6817 ) ;
#2752 = LINE ( 'NONE', #4400, #4268 ) ;
#2753 = DIRECTION ( 'NONE',  ( 1.000000000000000000, 0.000000000000000000, -1.893286194790512849E-16 ) ) ;
#2754 = CARTESIAN_POINT ( 'NONE',  ( 50.28116970213877579, 9.500000000000000000, 71.26304484459957678 ) ) ;
#2755 = DIRECTION ( 'NONE',  ( -1.214306433183764966E-16, 1.000000000000000000, 2.165045941964102761E-32 ) ) ;
#2756 = VERTEX_POINT ( 'NONE', #4274 ) ;
#2757 = FACE_OUTER_BOUND ( 'NONE', #6080, .T. ) ;
#2758 = ORIENTED_EDGE ( 'NONE', *, *, #2253, .T. ) ;
#2759 = ORIENTED_EDGE ( 'NONE', *, *, #1307, .T. ) ;
#2760 = EDGE_CURVE ( 'NONE', #176, #2610, #3098, .T. ) ;
#2761 = ORIENTED_EDGE ( 'NONE', *, *, #4884, .T. ) ;
#2762 = VECTOR ( 'NONE', #5022, 1000.000000000000000 ) ;
#2763 = ADVANCED_FACE ( 'NONE', ( #1549 ), #4132, .F. ) ;
#2764 = DIRECTION ( 'NONE',  ( 0.000000000000000000, 1.000000000000000000, 0.000000000000000000 ) ) ;
#2765 = EDGE_CURVE ( 'NONE', #683, #5013, #4744, .T. ) ;
#2766 = CARTESIAN_POINT ( 'NONE',  ( 41.28116970213874026, 2.000000000000001776, 93.50188770989295506 ) ) ;
#2767 = AXIS2_PLACEMENT_3D ( 'NONE', #5894, #5514, #6770 ) ;
#2768 = ORIENTED_EDGE ( 'NONE', *, *, #334, .T. ) ;
#2769 = LINE ( 'NONE', #5442, #6698 ) ;
#2770 = CYLINDRICAL_SURFACE ( 'NONE', #552, 4.000000000000003553 ) ;
#2771 = AXIS2_PLACEMENT_3D ( 'NONE', #3589, #5762, #312 ) ;
#2772 = CARTESIAN_POINT ( 'NONE',  ( 68.26116970192092026, 9.500000000000000000, 75.26304484459959099 ) ) ;
#2773 = VECTOR ( 'NONE', #85, 1000.000000000000000 ) ;
#2774 = EDGE_CURVE ( 'NONE', #6695, #5250, #6069, .T. ) ;
#2775 = CARTESIAN_POINT ( 'NONE',  ( 50.28116970213873316, 9.500000000000000000, 159.9717239102517681 ) ) ;
#2776 = ORIENTED_EDGE ( 'NONE', *, *, #5467, .F. ) ;
#2777 = VECTOR ( 'NONE', #4150, 1000.000000000000000 ) ;
#2778 = DIRECTION ( 'NONE',  ( 1.214306433183764966E-16, -1.000000000000000000, 7.577659542865232346E-32 ) ) ;
#2779 = ADVANCED_FACE ( 'NONE', ( #605 ), #530, .F. ) ;
#2780 = LINE ( 'NONE', #3351, #5806 ) ;
#2781 = CARTESIAN_POINT ( 'NONE',  ( 127.2211697014853087, 9.500000000000000000, 40.02827608974847351 ) ) ;
#2782 = CARTESIAN_POINT ( 'NONE',  ( 177.5810351238890235, 2.000000000000000000, 141.7328810449583614 ) ) ;
#2783 = DIRECTION ( 'NONE',  ( -0.000000000000000000, 0.000000000000000000, -1.000000000000000000 ) ) ;
#2784 = VECTOR ( 'NONE', #1901, 1000.000000000000000 ) ;
#2785 = EDGE_LOOP ( 'NONE', ( #5423, #4897, #6005, #6406 ) ) ;
#2786 = ORIENTED_EDGE ( 'NONE', *, *, #1677, .T. ) ;
#2787 = AXIS2_PLACEMENT_3D ( 'NONE', #3749, #3211, #5934 ) ;
#2788 = VERTEX_POINT ( 'NONE', #4383 ) ;
#2789 = CARTESIAN_POINT ( 'NONE',  ( 192.5411697017031258, 0.000000000000000000, 163.3000063471202452 ) ) ;
#2790 = CARTESIAN_POINT ( 'NONE',  ( 41.28116970213874026, 2.000000000000000000, 141.7328810449583614 ) ) ;
#2791 = DIRECTION ( 'NONE',  ( 0.000000000000000000, -1.000000000000000000, 0.000000000000000000 ) ) ;
#2792 = DIRECTION ( 'NONE',  ( 0.000000000000000000, -0.000000000000000000, -1.000000000000000000 ) ) ;
#2793 = DIRECTION ( 'NONE',  ( -1.000000000000000000, 0.000000000000000000, 0.000000000000000000 ) ) ;
#2794 = VERTEX_POINT ( 'NONE', #3877 ) ;
#2795 = VECTOR ( 'NONE', #5135, 1000.000000000000000 ) ;
#2796 = EDGE_CURVE ( 'NONE', #5610, #1907, #5517, .T. ) ;
#2797 = ORIENTED_EDGE ( 'NONE', *, *, #3510, .F. ) ;
#2798 = EDGE_LOOP ( 'NONE', ( #856, #5996, #2426, #3650 ) ) ;
#2799 = ORIENTED_EDGE ( 'NONE', *, *, #835, .F. ) ;
#2800 = CARTESIAN_POINT ( 'NONE',  ( 192.5411697017031258, 9.500000000000000000, 163.3000063471202452 ) ) ;
#2801 = CARTESIAN_POINT ( 'NONE',  ( 77.26116970192093447, 1.999999999999998224, 40.02827608974843798 ) ) ;
#2802 = ADVANCED_FACE ( 'NONE', ( #3269 ), #464, .F. ) ;
#2803 = VERTEX_POINT ( 'NONE', #1696 ) ;
#2804 = CYLINDRICAL_SURFACE ( 'NONE', #179, 4.000000000000003553 ) ;
#2805 = DIRECTION ( 'NONE',  ( 0.000000000000000000, 0.000000000000000000, -1.000000000000000000 ) ) ;
#2806 = DIRECTION ( 'NONE',  ( 0.000000000000000000, 1.000000000000000000, 0.000000000000000000 ) ) ;
#2807 = VECTOR ( 'NONE', #3690, 1000.000000000000000 ) ;
#2808 = DIRECTION ( 'NONE',  ( -1.214306433183764966E-16, 1.000000000000000000, 0.000000000000000000 ) ) ;
#2809 = DIRECTION ( 'NONE',  ( 1.000000000000000000, 1.214306433183764966E-16, 0.000000000000000000 ) ) ;
#2810 = CARTESIAN_POINT ( 'NONE',  ( 158.2011697012675882, 2.000000000000000000, 93.50188770989301190 ) ) ;
#2811 = EDGE_CURVE ( 'NONE', #1608, #454, #6060, .T. ) ;
#2812 = ORIENTED_EDGE ( 'NONE', *, *, #5288, .T. ) ;
#2813 = VECTOR ( 'NONE', #4754, 1000.000000000000000 ) ;
#2814 = CARTESIAN_POINT ( 'NONE',  ( 127.2211697014853087, 9.500000000000000000, 106.4981376785882929 ) ) ;
#2815 = DIRECTION ( 'NONE',  ( 0.000000000000000000, 0.000000000000000000, 1.000000000000000000 ) ) ;
#2816 = DIRECTION ( 'NONE',  ( 1.214306433183764966E-16, -1.000000000000000000, 0.000000000000000000 ) ) ;
#2817 = DIRECTION ( 'NONE',  ( 1.782948589251572672E-16, 0.000000000000000000, 1.000000000000000000 ) ) ;
#2818 = CARTESIAN_POINT ( 'NONE',  ( 21.91891372578183450, 2.000000000000000000, 106.4981376785882361 ) ) ;
#2819 = AXIS2_PLACEMENT_3D ( 'NONE', #6863, #3615, #897 ) ;
#2820 = ORIENTED_EDGE ( 'NONE', *, *, #4680, .F. ) ;
#2821 = CIRCLE ( 'NONE', #5538, 4.000000000000003553 ) ;
#2822 = ORIENTED_EDGE ( 'NONE', *, *, #1616, .F. ) ;
#2823 = VERTEX_POINT ( 'NONE', #4958 ) ;
#2824 = CARTESIAN_POINT ( 'NONE',  ( 127.2211697014853087, 9.500000000000000000, 58.26711895504224259 ) ) ;
#2825 = DIRECTION ( 'NONE',  ( 0.000000000000000000, 0.000000000000000000, 1.000000000000000000 ) ) ;
#2826 = DIRECTION ( 'NONE',  ( 0.000000000000000000, 0.000000000000000000, 1.000000000000000000 ) ) ;
#2827 = DIRECTION ( 'NONE',  ( 1.214306433183764966E-16, -1.000000000000000000, 7.577659542865232346E-32 ) ) ;
#2828 = DIRECTION ( 'NONE',  ( 1.000000000000000000, 1.214306433183764966E-16, -0.000000000000000000 ) ) ;
#2829 = VERTEX_POINT ( 'NONE', #5445 ) ;
#2830 = EDGE_CURVE ( 'NONE', #785, #483, #4931, .T. ) ;
#2831 = VERTEX_POINT ( 'NONE', #6627 ) ;
#2832 = ORIENTED_EDGE ( 'NONE', *, *, #1052, .T. ) ;
#2833 = ORIENTED_EDGE ( 'NONE', *, *, #4155, .T. ) ;
#2834 = DIRECTION ( 'NONE',  ( 1.214306433183764966E-16, -1.000000000000000000, -2.165045941964102761E-32 ) ) ;
#2835 = CIRCLE ( 'NONE', #3751, 4.000000000000003553 ) ;
#2836 = EDGE_CURVE ( 'NONE', #4001, #3185, #5963, .T. ) ;
#2837 = EDGE_CURVE ( 'NONE', #4265, #6341, #1497, .T. ) ;
#2838 = VECTOR ( 'NONE', #3861, 1000.000000000000000 ) ;
#2839 = FACE_OUTER_BOUND ( 'NONE', #3672, .T. ) ;
#2840 = ADVANCED_FACE ( 'NONE', ( #4452 ), #7028, .F. ) ;
#2841 = DIRECTION ( 'NONE',  ( -0.000000000000000000, 1.000000000000000000, -0.000000000000000000 ) ) ;
#2842 = CARTESIAN_POINT ( 'NONE',  ( 50.28116970213873316, 9.500000000000000000, 93.50188770989296927 ) ) ;
#2843 = CARTESIAN_POINT ( 'NONE',  ( 104.2411697017031003, 0.000000000000000000, 71.26304484459957678 ) ) ;
#2844 = CYLINDRICAL_SURFACE ( 'NONE', #3869, 4.000000000000003553 ) ;
#2845 = AXIS2_PLACEMENT_3D ( 'NONE', #5057, #4093, #4598 ) ;
#2846 = ORIENTED_EDGE ( 'NONE', *, *, #1088, .T. ) ;
#2847 = FACE_OUTER_BOUND ( 'NONE', #6835, .T. ) ;
#2848 = AXIS2_PLACEMENT_3D ( 'NONE', #6207, #834, #1334 ) ;
#2849 = ADVANCED_FACE ( 'NONE', ( #2182 ), #2145, .F. ) ;
#2850 = CARTESIAN_POINT ( 'NONE',  ( 158.2011697012675882, 2.000000000000001776, 141.7328810449583614 ) ) ;
#2851 = DIRECTION ( 'NONE',  ( 0.000000000000000000, 0.000000000000000000, 1.000000000000000000 ) ) ;
#2852 = EDGE_CURVE ( 'NONE', #1498, #547, #6520, .T. ) ;
#2853 = DIRECTION ( 'NONE',  ( 0.000000000000000000, 0.000000000000000000, 1.000000000000000000 ) ) ;
#2854 = EDGE_CURVE ( 'NONE', #5793, #3246, #5992, .T. ) ;
#2855 = CIRCLE ( 'NONE', #1469, 4.000000000000031086 ) ;
#2856 = ORIENTED_EDGE ( 'NONE', *, *, #2658, .T. ) ;
#2857 = LINE ( 'NONE', #6106, #6417 ) ;
#2858 = VERTEX_POINT ( 'NONE', #2413 ) ;
#2859 = CARTESIAN_POINT ( 'NONE',  ( 122.2211697014853087, 9.500000000000000000, 93.50188770989299769 ) ) ;
#2860 = EDGE_CURVE ( 'NONE', #1820, #931, #5490, .T. ) ;
#2861 = ADVANCED_FACE ( 'NONE', ( #4023 ), #1190, .F. ) ;
#2862 = CYLINDRICAL_SURFACE ( 'NONE', #4840, 4.000000000000003553 ) ;
#2863 = DIRECTION ( 'NONE',  ( 1.000000000000000000, 0.000000000000000000, 0.000000000000000000 ) ) ;
#2864 = VECTOR ( 'NONE', #3301, 1000.000000000000000 ) ;
#2865 = CARTESIAN_POINT ( 'NONE',  ( 46.28116970213874026, -26.25789166916415951, 97.50188770989196030 ) ) ;
#2866 = PLANE ( 'NONE',  #5345 ) ;
#2867 = ORIENTED_EDGE ( 'NONE', *, *, #5304, .F. ) ;
#2868 = CIRCLE ( 'NONE', #4917, 3.999999999999996447 ) ;
#2869 = ORIENTED_EDGE ( 'NONE', *, *, #2470, .F. ) ;
#2870 = ORIENTED_EDGE ( 'NONE', *, *, #6689, .F. ) ;
#2871 = EDGE_CURVE ( 'NONE', #1342, #5981, #4060, .T. ) ;
#2872 = CARTESIAN_POINT ( 'NONE',  ( 77.26116970192093447, 1.999999999999998224, 106.4981376785882503 ) ) ;
#2873 = DIRECTION ( 'NONE',  ( -0.000000000000000000, 1.000000000000000000, -0.000000000000000000 ) ) ;
#2874 = ORIENTED_EDGE ( 'NONE', *, *, #3846, .T. ) ;
#2875 = VECTOR ( 'NONE', #1405, 1000.000000000000000 ) ;
#2876 = DIRECTION ( 'NONE',  ( -1.214306433183764966E-16, 1.000000000000000000, -0.000000000000000000 ) ) ;
#2877 = ORIENTED_EDGE ( 'NONE', *, *, #6221, .F. ) ;
#2878 = ADVANCED_FACE ( 'NONE', ( #2956 ), #1848, .F. ) ;
#2879 = DIRECTION ( 'NONE',  ( -0.000000000000000000, 1.000000000000000000, -0.000000000000000000 ) ) ;
#2880 = DIRECTION ( 'NONE',  ( 0.000000000000000000, 0.000000000000000000, 1.000000000000000000 ) ) ;
#2881 = CARTESIAN_POINT ( 'NONE',  ( 131.2211697014853087, 9.500000000000000000, 40.02827608974847351 ) ) ;
#2882 = FACE_OUTER_BOUND ( 'NONE', #2133, .T. ) ;
#2883 = DIRECTION ( 'NONE',  ( 1.000000000000000000, 0.000000000000000000, 0.000000000000000000 ) ) ;
#2884 = VECTOR ( 'NONE', #3131, 1000.000000000000000 ) ;
#2885 = VECTOR ( 'NONE', #3002, 1000.000000000000000 ) ;
#2886 = ADVANCED_FACE ( 'NONE', ( #2882 ), #1333, .F. ) ;
#2887 = ORIENTED_EDGE ( 'NONE', *, *, #2774, .F. ) ;
#2888 = ORIENTED_EDGE ( 'NONE', *, *, #5843, .F. ) ;
#2889 = LINE ( 'NONE', #573, #4890 ) ;
#2890 = AXIS2_PLACEMENT_3D ( 'NONE', #5932, #2006, #921 ) ;
#2891 = LINE ( 'NONE', #5558, #5519 ) ;
#2892 = PLANE ( 'NONE',  #66 ) ;
#2893 = VECTOR ( 'NONE', #7022, 1000.000000000000000 ) ;
#2894 = VECTOR ( 'NONE', #5000, 1000.000000000000000 ) ;
#2895 = EDGE_CURVE ( 'NONE', #5592, #3437, #6, .T. ) ;
#2896 = ORIENTED_EDGE ( 'NONE', *, *, #6645, .F. ) ;
#2897 = ADVANCED_FACE ( 'NONE', ( #6240 ), #114, .F. ) ;
#2898 = ORIENTED_EDGE ( 'NONE', *, *, #5033, .T. ) ;
#2899 = LINE ( 'NONE', #2361, #272 ) ;
#2900 = AXIS2_PLACEMENT_3D ( 'NONE', #5357, #3218, #413 ) ;
#2901 = DIRECTION ( 'NONE',  ( 1.000000000000000000, 0.000000000000000000, 0.000000000000000000 ) ) ;
#2902 = CYLINDRICAL_SURFACE ( 'NONE', #3334, 4.000000000000003553 ) ;
#2903 = CARTESIAN_POINT ( 'NONE',  ( 41.28116970213874026, 9.500000000000000000, 75.26304484459959099 ) ) ;
#2904 = CARTESIAN_POINT ( 'NONE',  ( 177.5912666817638126, 9.500000000000000000, 36.02827608974849483 ) ) ;
#2905 = VERTEX_POINT ( 'NONE', #5055 ) ;
#2906 = VECTOR ( 'NONE', #2825, 1000.000000000000000 ) ;
#2907 = EDGE_CURVE ( 'NONE', #3398, #2788, #6205, .T. ) ;
#2908 = ORIENTED_EDGE ( 'NONE', *, *, #2504, .T. ) ;
#2909 = VERTEX_POINT ( 'NONE', #4487 ) ;
#2910 = ORIENTED_EDGE ( 'NONE', *, *, #1305, .T. ) ;
#2911 = DIRECTION ( 'NONE',  ( 1.000000000000000000, 0.000000000000000000, 0.000000000000000000 ) ) ;
#2912 = CIRCLE ( 'NONE', #2678, 4.000000000000031086 ) ;
#2913 = ORIENTED_EDGE ( 'NONE', *, *, #125, .T. ) ;
#2914 = DIRECTION ( 'NONE',  ( 1.000000000000000000, 0.000000000000000000, -1.782948589251572672E-16 ) ) ;
#2915 = EDGE_LOOP ( 'NONE', ( #1, #2908, #1711, #4335 ) ) ;
#2916 = VECTOR ( 'NONE', #5444, 1000.000000000000000 ) ;
#2917 = CARTESIAN_POINT ( 'NONE',  ( 99.24116970170310026, 9.500000000000000000, 75.26304484459959099 ) ) ;
#2918 = VERTEX_POINT ( 'NONE', #3948 ) ;
#2919 = DIRECTION ( 'NONE',  ( 1.214306433183764966E-16, -1.000000000000000000, 0.000000000000000000 ) ) ;
#2920 = CARTESIAN_POINT ( 'NONE',  ( 46.28116970213874026, -26.25789166916415951, 163.9717239102510291 ) ) ;
#2921 = DIRECTION ( 'NONE',  ( 1.000000000000000000, 1.214306433183763240E-16, 0.000000000000000000 ) ) ;
#2922 = DIRECTION ( 'NONE',  ( 1.000000000000000000, 0.000000000000000000, 0.000000000000000000 ) ) ;
#2923 = FACE_OUTER_BOUND ( 'NONE', #4563, .T. ) ;
#2924 = VERTEX_POINT ( 'NONE', #5127 ) ;
#2925 = EDGE_LOOP ( 'NONE', ( #4660, #747, #207, #4915 ) ) ;
#2926 = CARTESIAN_POINT ( 'NONE',  ( 122.2211697014853087, 1.999999999999998224, 62.26711895504224969 ) ) ;
#2927 = DIRECTION ( 'NONE',  ( 1.000000000000000000, 1.214306433183764966E-16, 0.000000000000000000 ) ) ;
#2928 = CARTESIAN_POINT ( 'NONE',  ( 149.2011697012675597, 9.500000000000000000, 62.26711895504224969 ) ) ;
#2929 = VECTOR ( 'NONE', #514, 1000.000000000000000 ) ;
#2930 = VERTEX_POINT ( 'NONE', #3523 ) ;
#2931 = DIRECTION ( 'NONE',  ( 1.000000000000000000, 0.000000000000000000, 0.000000000000000000 ) ) ;
#2932 = ORIENTED_EDGE ( 'NONE', *, *, #6649, .F. ) ;
#2933 = CARTESIAN_POINT ( 'NONE',  ( 95.24116970170310026, -26.25789166916415240, 58.26711895504224969 ) ) ;
#2934 = VECTOR ( 'NONE', #1313, 1000.000000000000000 ) ;
#2935 = DIRECTION ( 'NONE',  ( 1.000000000000000000, 0.000000000000000000, 0.000000000000000000 ) ) ;
#2936 = CARTESIAN_POINT ( 'NONE',  ( 68.26116970192094868, 9.500000000000000000, 71.26304484459957678 ) ) ;
#2937 = CARTESIAN_POINT ( 'NONE',  ( 149.2011697012675597, 9.500000000000000000, 71.26304484459957678 ) ) ;
#2938 = PLANE ( 'NONE',  #6266 ) ;
#2939 = ORIENTED_EDGE ( 'NONE', *, *, #1579, .T. ) ;
#2940 = VECTOR ( 'NONE', #2438, 1000.000000000000000 ) ;
#2941 = CARTESIAN_POINT ( 'NONE',  ( 158.2011697012675882, 5.000000000000000888, 97.50188770989301190 ) ) ;
#2942 = EDGE_LOOP ( 'NONE', ( #4869, #5256, #3610, #3844 ) ) ;
#2943 = ORIENTED_EDGE ( 'NONE', *, *, #5949, .F. ) ;
#2944 = DIRECTION ( 'NONE',  ( 0.000000000000000000, 0.000000000000000000, 1.000000000000000000 ) ) ;
#2945 = LINE ( 'NONE', #6156, #704 ) ;
#2946 = ORIENTED_EDGE ( 'NONE', *, *, #3260, .F. ) ;
#2947 = EDGE_CURVE ( 'NONE', #374, #6683, #5093, .T. ) ;
#2948 = EDGE_CURVE ( 'NONE', #2704, #1010, #798, .T. ) ;
#2949 = DIRECTION ( 'NONE',  ( 0.000000000000000000, 0.000000000000000000, 1.000000000000000000 ) ) ;
#2950 = EDGE_CURVE ( 'NONE', #4747, #69, #2989, .T. ) ;
#2951 = VERTEX_POINT ( 'NONE', #3414 ) ;
#2952 = EDGE_LOOP ( 'NONE', ( #510, #1181, #3292, #4725 ) ) ;
#2953 = DIRECTION ( 'NONE',  ( 1.000000000000000000, 0.000000000000000000, 0.000000000000000000 ) ) ;
#2954 = LINE ( 'NONE', #5125, #6281 ) ;
#2955 = DIRECTION ( 'NONE',  ( 0.000000000000000000, 1.000000000000000000, 0.000000000000000000 ) ) ;
#2956 = FACE_OUTER_BOUND ( 'NONE', #4026, .T. ) ;
#2957 = CARTESIAN_POINT ( 'NONE',  ( 153.2011697012675597, 9.500000000000000000, 141.7328810449583614 ) ) ;
#2958 = ORIENTED_EDGE ( 'NONE', *, *, #3271, .F. ) ;
#2959 = AXIS2_PLACEMENT_3D ( 'NONE', #2717, #6575, #6976 ) ;
#2960 = ORIENTED_EDGE ( 'NONE', *, *, #3811, .F. ) ;
#2961 = ORIENTED_EDGE ( 'NONE', *, *, #6684, .F. ) ;
#2962 = DIRECTION ( 'NONE',  ( 1.214306433183764966E-16, -1.000000000000000000, 4.330091167351559933E-32 ) ) ;
#2963 = FACE_OUTER_BOUND ( 'NONE', #5527, .T. ) ;
#2964 = VECTOR ( 'NONE', #3346, 1000.000000000000000 ) ;
#2965 = VECTOR ( 'NONE', #4706, 1000.000000000000000 ) ;
#2966 = ORIENTED_EDGE ( 'NONE', *, *, #5502, .F. ) ;
#2967 = DIRECTION ( 'NONE',  ( 0.000000000000000000, 0.000000000000000000, 1.000000000000000000 ) ) ;
#2968 = ORIENTED_EDGE ( 'NONE', *, *, #4573, .T. ) ;
#2969 = FACE_OUTER_BOUND ( 'NONE', #7080, .T. ) ;
#2970 = FACE_OUTER_BOUND ( 'NONE', #4456, .T. ) ;
#2971 = DIRECTION ( 'NONE',  ( 1.214306433183764966E-16, -1.000000000000000000, -0.000000000000000000 ) ) ;
#2972 = FACE_OUTER_BOUND ( 'NONE', #3348, .T. ) ;
#2973 = AXIS2_PLACEMENT_3D ( 'NONE', #2603, #4137, #922 ) ;
#2974 = ORIENTED_EDGE ( 'NONE', *, *, #4164, .T. ) ;
#2975 = VECTOR ( 'NONE', #5733, 1000.000000000000000 ) ;
#2976 = ORIENTED_EDGE ( 'NONE', *, *, #566, .F. ) ;
#2977 = CARTESIAN_POINT ( 'NONE',  ( 77.26116970192093447, 5.000000000000000888, 163.9717239102517681 ) ) ;
#2978 = CARTESIAN_POINT ( 'NONE',  ( 149.2011697012675597, -26.25789166916414530, 58.26711895504224969 ) ) ;
#2979 = ORIENTED_EDGE ( 'NONE', *, *, #3180, .T. ) ;
#2980 = LINE ( 'NONE', #3405, #2510 ) ;
#2981 = EDGE_CURVE ( 'NONE', #5185, #3391, #2380, .T. ) ;
#2982 = ORIENTED_EDGE ( 'NONE', *, *, #3597, .F. ) ;
#2983 = ADVANCED_FACE ( 'NONE', ( #4523 ), #6168, .F. ) ;
#2984 = EDGE_CURVE ( 'NONE', #5746, #5841, #5588, .T. ) ;
#2985 = ORIENTED_EDGE ( 'NONE', *, *, #2077, .T. ) ;
#2986 = LINE ( 'NONE', #5160, #579 ) ;
#2987 = LINE ( 'NONE', #6333, #6289 ) ;
#2988 = DIRECTION ( 'NONE',  ( 0.000000000000000000, 0.000000000000000000, 1.000000000000000000 ) ) ;
#2989 = LINE ( 'NONE', #5163, #2420 ) ;
#2990 = DIRECTION ( 'NONE',  ( -1.214306433183764966E-16, 1.000000000000000000, 0.000000000000000000 ) ) ;
#2991 = ORIENTED_EDGE ( 'NONE', *, *, #4650, .T. ) ;
#2992 = ORIENTED_EDGE ( 'NONE', *, *, #4294, .F. ) ;
#2993 = CARTESIAN_POINT ( 'NONE',  ( 41.28116970213874026, 2.000000000000001776, 163.9717239102517681 ) ) ;
#2994 = CYLINDRICAL_SURFACE ( 'NONE', #5740, 4.000000000000003553 ) ;
#2995 = VECTOR ( 'NONE', #697, 1000.000000000000000 ) ;
#2996 = VECTOR ( 'NONE', #36, 1000.000000000000000 ) ;
#2997 = ORIENTED_EDGE ( 'NONE', *, *, #3251, .F. ) ;
#2998 = DIRECTION ( 'NONE',  ( 1.214306433183764966E-16, -1.000000000000000000, 0.000000000000000000 ) ) ;
#2999 = ORIENTED_EDGE ( 'NONE', *, *, #4396, .F. ) ;
#3000 = CARTESIAN_POINT ( 'NONE',  ( 68.26116970192092026, 2.000000000000000000, 137.7328810449583330 ) ) ;
#3001 = DIRECTION ( 'NONE',  ( 0.000000000000000000, -0.000000000000000000, 1.000000000000000000 ) ) ;
#3002 = DIRECTION ( 'NONE',  ( 0.000000000000000000, 0.000000000000000000, 1.000000000000000000 ) ) ;
#3003 = CARTESIAN_POINT ( 'NONE',  ( 177.5912666817638126, 0.000000000000000000, 106.4981376785882361 ) ) ;
#3004 = VECTOR ( 'NONE', #3659, 1000.000000000000000 ) ;
#3005 = VECTOR ( 'NONE', #5968, 1000.000000000000000 ) ;
#3006 = EDGE_CURVE ( 'NONE', #3444, #3015, #6703, .T. ) ;
#3007 = ORIENTED_EDGE ( 'NONE', *, *, #3473, .T. ) ;
#3008 = AXIS2_PLACEMENT_3D ( 'NONE', #3196, #2764, #2137 ) ;
#3009 = VERTEX_POINT ( 'NONE', #314 ) ;
#3010 = CARTESIAN_POINT ( 'NONE',  ( 95.24116970170310026, 0.000000000000000000, 128.7369805438819981 ) ) ;
#3011 = CARTESIAN_POINT ( 'NONE',  ( 99.24116970170310026, 9.500000000000000000, 141.7328810449583614 ) ) ;
#3012 = DIRECTION ( 'NONE',  ( -1.000000000000000000, -1.214306433183764966E-16, 0.000000000000000000 ) ) ;
#3013 = ORIENTED_EDGE ( 'NONE', *, *, #1504, .F. ) ;
#3014 = VECTOR ( 'NONE', #5006, 1000.000000000000000 ) ;
#3015 = VERTEX_POINT ( 'NONE', #6334 ) ;
#3016 = ORIENTED_EDGE ( 'NONE', *, *, #1256, .F. ) ;
#3017 = CARTESIAN_POINT ( 'NONE',  ( 126.2211697014853087, 1.999999999999998224, 58.26711895504224969 ) ) ;
#3018 = CARTESIAN_POINT ( 'NONE',  ( 73.26116970192092026, 1.999999999999998224, 141.7328810449583614 ) ) ;
#3019 = EDGE_CURVE ( 'NONE', #2540, #6136, #386, .T. ) ;
#3020 = DIRECTION ( 'NONE',  ( 0.000000000000000000, 0.000000000000000000, -1.000000000000000000 ) ) ;
#3021 = LINE ( 'NONE', #6704, #6272 ) ;
#3022 = CIRCLE ( 'NONE', #2124, 4.000000000000003553 ) ;
#3023 = ORIENTED_EDGE ( 'NONE', *, *, #4733, .T. ) ;
#3024 = EDGE_LOOP ( 'NONE', ( #1261, #4729, #2173, #1764, #2979, #3434, #4234, #3283 ) ) ;
#3025 = ORIENTED_EDGE ( 'NONE', *, *, #2034, .F. ) ;
#3026 = PLANE ( 'NONE',  #6169 ) ;
#3027 = VECTOR ( 'NONE', #759, 1000.000000000000000 ) ;
#3028 = FACE_OUTER_BOUND ( 'NONE', #5425, .T. ) ;
#3029 = CARTESIAN_POINT ( 'NONE',  ( 192.5411697017031258, 0.000000000000000000, 163.3000063471202452 ) ) ;
#3030 = EDGE_CURVE ( 'NONE', #2924, #4440, #833, .T. ) ;
#3031 = EDGE_CURVE ( 'NONE', #1339, #896, #6298, .T. ) ;
#3032 = ORIENTED_EDGE ( 'NONE', *, *, #637, .F. ) ;
#3033 = CYLINDRICAL_SURFACE ( 'NONE', #822, 4.000000000000003553 ) ;
#3034 = FACE_OUTER_BOUND ( 'NONE', #6394, .T. ) ;
#3035 = DIRECTION ( 'NONE',  ( 1.214306433183764966E-16, -1.000000000000000000, 8.660182334703126435E-32 ) ) ;
#3036 = FACE_OUTER_BOUND ( 'NONE', #1348, .T. ) ;
#3037 = DIRECTION ( 'NONE',  ( 1.000000000000000000, 1.214306433183763240E-16, 0.000000000000000000 ) ) ;
#3038 = VECTOR ( 'NONE', #5827, 1000.000000000000000 ) ;
#3039 = EDGE_CURVE ( 'NONE', #4474, #4872, #6270, .T. ) ;
#3040 = CARTESIAN_POINT ( 'NONE',  ( 104.2411697017031003, 5.000000000000000888, 128.7369805438819697 ) ) ;
#3041 = EDGE_LOOP ( 'NONE', ( #3788, #1895, #5159, #3704 ) ) ;
#3042 = CIRCLE ( 'NONE', #4647, 3.999999999999996447 ) ;
#3043 = ORIENTED_EDGE ( 'NONE', *, *, #4703, .T. ) ;
#3044 = VERTEX_POINT ( 'NONE', #6840 ) ;
#3045 = DIRECTION ( 'NONE',  ( -0.000000000000000000, 1.000000000000000000, -0.000000000000000000 ) ) ;
#3046 = CARTESIAN_POINT ( 'NONE',  ( 181.5912666817637842, 2.000000000000000000, 40.02827608974841667 ) ) ;
#3047 = CARTESIAN_POINT ( 'NONE',  ( 99.24116970170310026, 9.500000000000000000, 58.26711895504224259 ) ) ;
#3048 = VERTEX_POINT ( 'NONE', #423 ) ;
#3049 = EDGE_CURVE ( 'NONE', #1573, #234, #1466, .T. ) ;
#3050 = ORIENTED_EDGE ( 'NONE', *, *, #6887, .T. ) ;
#3051 = ORIENTED_EDGE ( 'NONE', *, *, #1228, .F. ) ;
#3052 = AXIS2_PLACEMENT_3D ( 'NONE', #1035, #5356, #4324 ) ;
#3053 = SURFACE_STYLE_FILL_AREA ( #5835 ) ;
#3054 = CARTESIAN_POINT ( 'NONE',  ( 46.28116970213873316, 9.500000000000000000, 40.02827608974841667 ) ) ;
#3055 = DIRECTION ( 'NONE',  ( -0.000000000000000000, 1.000000000000000000, -0.000000000000000000 ) ) ;
#3056 = EDGE_CURVE ( 'NONE', #1407, #2704, #459, .T. ) ;
#3057 = DIRECTION ( 'NONE',  ( -1.214306433183764966E-16, 1.000000000000000000, 0.000000000000000000 ) ) ;
#3058 = ORIENTED_EDGE ( 'NONE', *, *, #5728, .F. ) ;
#3059 = ORIENTED_EDGE ( 'NONE', *, *, #6382, .T. ) ;
#3060 = ORIENTED_EDGE ( 'NONE', *, *, #1504, .T. ) ;
#3061 = ADVANCED_FACE ( 'NONE', ( #5299 ), #6912, .F. ) ;
#3062 = DIRECTION ( 'NONE',  ( 0.000000000000000000, 0.000000000000000000, -1.000000000000000000 ) ) ;
#3063 = LINE ( 'NONE', #2457, #3478 ) ;
#3064 = CARTESIAN_POINT ( 'NONE',  ( 73.26116970192092026, 9.500000000000000000, 75.26304484459959099 ) ) ;
#3065 = CARTESIAN_POINT ( 'NONE',  ( 149.2011697012675597, 9.500000000000000000, 75.26304484459959099 ) ) ;
#3066 = EDGE_CURVE ( 'NONE', #3745, #5950, #2590, .T. ) ;
#3067 = ORIENTED_EDGE ( 'NONE', *, *, #691, .F. ) ;
#3068 = EDGE_CURVE ( 'NONE', #662, #2339, #1613, .T. ) ;
#3069 = EDGE_CURVE ( 'NONE', #4773, #6724, #4770, .T. ) ;
#3070 = CARTESIAN_POINT ( 'NONE',  ( 177.5810351238888813, 2.000000000000000000, 71.26304484459957678 ) ) ;
#3071 = CYLINDRICAL_SURFACE ( 'NONE', #4567, 3.999999999999982681 ) ;
#3072 = CARTESIAN_POINT ( 'NONE',  ( 158.2011697012675882, 2.000000000000001776, 106.4981376785883072 ) ) ;
#3073 = DIRECTION ( 'NONE',  ( 0.000000000000000000, 0.000000000000000000, 1.000000000000000000 ) ) ;
#3074 = DIRECTION ( 'NONE',  ( 1.214306433183764966E-16, -1.000000000000000000, 0.000000000000000000 ) ) ;
#3075 = DIRECTION ( 'NONE',  ( 1.214306433183764966E-16, -1.000000000000000000, 4.330091167351559933E-32 ) ) ;
#3076 = ORIENTED_EDGE ( 'NONE', *, *, #3114, .F. ) ;
#3077 = VECTOR ( 'NONE', #6052, 1000.000000000000000 ) ;
#3078 = VERTEX_POINT ( 'NONE', #2102 ) ;
#3079 = EDGE_LOOP ( 'NONE', ( #6604, #6007, #168, #418 ) ) ;
#3080 = DIRECTION ( 'NONE',  ( -1.893286194790512849E-16, -0.000000000000000000, -1.000000000000000000 ) ) ;
#3081 = CARTESIAN_POINT ( 'NONE',  ( 68.26116970192092026, 9.500000000000000000, 141.7328810449583614 ) ) ;
#3082 = EDGE_CURVE ( 'NONE', #1366, #5842, #3105, .T. ) ;
#3083 = VECTOR ( 'NONE', #6426, 1000.000000000000000 ) ;
#3084 = EDGE_LOOP ( 'NONE', ( #5554, #3865, #2621, #6639 ) ) ;
#3085 = VERTEX_POINT ( 'NONE', #1957 ) ;
#3086 = VECTOR ( 'NONE', #4845, 1000.000000000000000 ) ;
#3087 = EDGE_LOOP ( 'NONE', ( #6258, #5777, #4665, #3970 ) ) ;
#3088 = DIRECTION ( 'NONE',  ( 0.000000000000000000, 1.000000000000000000, 0.000000000000000000 ) ) ;
#3089 = DIRECTION ( 'NONE',  ( -0.000000000000000000, 1.000000000000000000, -0.000000000000000000 ) ) ;
#3090 = DIRECTION ( 'NONE',  ( -1.214306433183764966E-16, 1.000000000000000000, -4.330091167351559933E-32 ) ) ;
#3091 = AXIS2_PLACEMENT_3D ( 'NONE', #6609, #4577, #4616 ) ;
#3092 = CARTESIAN_POINT ( 'NONE',  ( 177.5912666817638126, 2.000000000000000000, 102.4981376785883072 ) ) ;
#3093 = ORIENTED_EDGE ( 'NONE', *, *, #4171, .T. ) ;
#3094 = ORIENTED_EDGE ( 'NONE', *, *, #2459, .F. ) ;
#3095 = ORIENTED_EDGE ( 'NONE', *, *, #6557, .T. ) ;
#3096 = CARTESIAN_POINT ( 'NONE',  ( 122.2211697014853087, 2.000000000000000000, 40.02827608974846640 ) ) ;
#3097 = CARTESIAN_POINT ( 'NONE',  ( 41.28116970213874026, 2.000000000000000000, 137.7328810449583330 ) ) ;
#3098 = LINE ( 'NONE', #1965, #818 ) ;
#3099 = DIRECTION ( 'NONE',  ( 0.000000000000000000, -1.000000000000000000, 0.000000000000000000 ) ) ;
#3100 = EDGE_CURVE ( 'NONE', #767, #4747, #3225, .T. ) ;
#3101 = ADVANCED_FACE ( 'NONE', ( #4671 ), #6946, .T. ) ;
#3102 = ORIENTED_EDGE ( 'NONE', *, *, #1319, .F. ) ;
#3103 = EDGE_CURVE ( 'NONE', #6511, #4525, #2098, .T. ) ;
#3104 = ORIENTED_EDGE ( 'NONE', *, *, #6758, .T. ) ;
#3105 = CIRCLE ( 'NONE', #5388, 4.000000000000003553 ) ;
#3106 = DIRECTION ( 'NONE',  ( -1.000000000000000000, 0.000000000000000000, 0.000000000000000000 ) ) ;
#3107 = DIRECTION ( 'NONE',  ( 1.214306433183764966E-16, -1.000000000000000000, 0.000000000000000000 ) ) ;
#3108 = DIRECTION ( 'NONE',  ( 1.000000000000000000, 0.000000000000000000, 0.000000000000000000 ) ) ;
#3109 = CARTESIAN_POINT ( 'NONE',  ( 149.2011697012675597, 2.000000000000001776, 124.7369805438819697 ) ) ;
#3110 = CARTESIAN_POINT ( 'NONE',  ( 50.28116970213873316, 2.000000000000000000, 62.26711895504224969 ) ) ;
#3111 = DIRECTION ( 'NONE',  ( 0.000000000000000000, 0.000000000000000000, 1.000000000000000000 ) ) ;
#3112 = EDGE_LOOP ( 'NONE', ( #1070, #5541, #4089, #2538 ) ) ;
#3113 = AXIS2_PLACEMENT_3D ( 'NONE', #5800, #4231, #1505 ) ;
#3114 = EDGE_CURVE ( 'NONE', #5492, #2366, #4159, .T. ) ;
#3115 = ORIENTED_EDGE ( 'NONE', *, *, #768, .T. ) ;
#3116 = ORIENTED_EDGE ( 'NONE', *, *, #4556, .T. ) ;
#3117 = DIRECTION ( 'NONE',  ( 0.000000000000000000, 0.000000000000000000, 1.000000000000000000 ) ) ;
#3118 = CIRCLE ( 'NONE', #3908, 4.000000000000003553 ) ;
#3119 = CARTESIAN_POINT ( 'NONE',  ( 122.2211697014853087, 1.999999999999998224, 163.9717239102517681 ) ) ;
#3120 = CARTESIAN_POINT ( 'NONE',  ( 17.91893948763055633, 0.000000000000000000, 106.4837816998209377 ) ) ;
#3121 = ORIENTED_EDGE ( 'NONE', *, *, #1017, .T. ) ;
#3122 = ADVANCED_FACE ( 'NONE', ( #3626 ), #5231, .F. ) ;
#3123 = VECTOR ( 'NONE', #2613, 1000.000000000000000 ) ;
#3124 = CIRCLE ( 'NONE', #4488, 4.000000000000003553 ) ;
#3125 = VERTEX_POINT ( 'NONE', #3702 ) ;
#3126 = ORIENTED_EDGE ( 'NONE', *, *, #488, .F. ) ;
#3127 = CARTESIAN_POINT ( 'NONE',  ( 45.28116970213874026, 2.000000000000001776, 97.50188770989196030 ) ) ;
#3128 = ADVANCED_FACE ( 'NONE', ( #3163 ), #5332, .F. ) ;
#3129 = DIRECTION ( 'NONE',  ( -0.000000000000000000, 1.000000000000000000, -0.000000000000000000 ) ) ;
#3130 = AXIS2_PLACEMENT_3D ( 'NONE', #5142, #6751, #3001 ) ;
#3131 = DIRECTION ( 'NONE',  ( 0.000000000000000000, 0.000000000000000000, -1.000000000000000000 ) ) ;
#3132 = CARTESIAN_POINT ( 'NONE',  ( 21.91891372578183450, 0.000000000000000000, 97.50188770989295506 ) ) ;
#3133 = ORIENTED_EDGE ( 'NONE', *, *, #6145, .F. ) ;
#3134 = ORIENTED_EDGE ( 'NONE', *, *, #846, .F. ) ;
#3135 = CARTESIAN_POINT ( 'NONE',  ( 72.26116970192092026, -26.25789166916415596, 97.50188770989215925 ) ) ;
#3136 = CARTESIAN_POINT ( 'NONE',  ( 131.2211697014853087, 0.000000000000000000, 137.7328810449583330 ) ) ;
#3137 = CARTESIAN_POINT ( 'NONE',  ( 122.2211697014853087, 2.000000000000000000, 106.4981376785882787 ) ) ;
#3138 = FACE_BOUND ( 'NONE', #6769, .T. ) ;
#3139 = AXIS2_PLACEMENT_3D ( 'NONE', #6177, #188, #4030 ) ;
#3140 = CYLINDRICAL_SURFACE ( 'NONE', #6369, 4.000000000000003553 ) ;
#3141 = ORIENTED_EDGE ( 'NONE', *, *, #3545, .F. ) ;
#3142 = CARTESIAN_POINT ( 'NONE',  ( 177.5810351238890235, 0.000000000000000000, 137.7328810449583330 ) ) ;
#3143 = DIRECTION ( 'NONE',  ( -1.000000000000000000, -1.214306433183764966E-16, 0.000000000000000000 ) ) ;
#3144 = DIRECTION ( 'NONE',  ( -1.000000000000000000, 0.000000000000000000, 0.000000000000000000 ) ) ;
#3145 = DIRECTION ( 'NONE',  ( 3.041173862484785799E-15, 0.000000000000000000, 1.000000000000000000 ) ) ;
#3146 = FACE_OUTER_BOUND ( 'NONE', #3797, .T. ) ;
#3147 = LINE ( 'NONE', #4788, #752 ) ;
#3148 = EDGE_LOOP ( 'NONE', ( #4096, #591, #186, #5864 ) ) ;
#3149 = ORIENTED_EDGE ( 'NONE', *, *, #5661, .F. ) ;
#3150 = ORIENTED_EDGE ( 'NONE', *, *, #3100, .T. ) ;
#3151 = PLANE ( 'NONE',  #756 ) ;
#3152 = VECTOR ( 'NONE', #96, 1000.000000000000000 ) ;
#3153 = DIRECTION ( 'NONE',  ( -0.000000000000000000, 1.000000000000000000, -0.000000000000000000 ) ) ;
#3154 = LINE ( 'NONE', #5462, #2807 ) ;
#3155 = VERTEX_POINT ( 'NONE', #6448 ) ;
#3156 = AXIS2_PLACEMENT_3D ( 'NONE', #6150, #5569, #6720 ) ;
#3157 = ORIENTED_EDGE ( 'NONE', *, *, #5109, .T. ) ;
#3158 = EDGE_LOOP ( 'NONE', ( #2759, #6027, #2200, #6017, #2234, #2160, #1563, #2215 ) ) ;
#3159 = EDGE_CURVE ( 'NONE', #801, #4943, #7094, .T. ) ;
#3160 = FACE_OUTER_BOUND ( 'NONE', #5082, .T. ) ;
#3161 = ADVANCED_FACE ( 'NONE', ( #2243 ), #6159, .F. ) ;
#3162 = LINE ( 'NONE', #6572, #4121 ) ;
#3163 = FACE_OUTER_BOUND ( 'NONE', #6861, .T. ) ;
#3164 = CARTESIAN_POINT ( 'NONE',  ( 158.2011697012675882, -26.25789166916414530, 40.02827608974848772 ) ) ;
#3165 = ORIENTED_EDGE ( 'NONE', *, *, #3280, .F. ) ;
#3166 = EDGE_LOOP ( 'NONE', ( #2307, #753, #969, #4908 ) ) ;
#3167 = CIRCLE ( 'NONE', #1789, 4.000000000000003553 ) ;
#3168 = FACE_OUTER_BOUND ( 'NONE', #1601, .T. ) ;
#3169 = DIRECTION ( 'NONE',  ( 0.000000000000000000, 1.000000000000000000, 0.000000000000000000 ) ) ;
#3170 = CARTESIAN_POINT ( 'NONE',  ( 41.28116970213879711, 9.500000000000000000, 71.26304484459957678 ) ) ;
#3171 = DIRECTION ( 'NONE',  ( 1.000000000000000000, 0.000000000000000000, 0.000000000000000000 ) ) ;
#3172 = DIRECTION ( 'NONE',  ( 7.131793176782546675E-16, 0.000000000000000000, -1.000000000000000000 ) ) ;
#3173 = CARTESIAN_POINT ( 'NONE',  ( 41.28116970213874026, 2.000000000000001776, 62.26711895504224969 ) ) ;
#3174 = ORIENTED_EDGE ( 'NONE', *, *, #5207, .T. ) ;
#3175 = CARTESIAN_POINT ( 'NONE',  ( 99.24116970170310026, 9.500000000000000000, 124.7369805438819697 ) ) ;
#3176 = CARTESIAN_POINT ( 'NONE',  ( 153.2011697012675597, 2.000000000000001776, 163.9717239102516544 ) ) ;
#3177 = LINE ( 'NONE', #923, #5090 ) ;
#3178 = CARTESIAN_POINT ( 'NONE',  ( 131.2211697014853087, 9.500000000000000000, 97.50188770989299769 ) ) ;
#3179 = CARTESIAN_POINT ( 'NONE',  ( 45.28116970213873316, 9.500000000000000000, 75.26304484459959099 ) ) ;
#3180 = EDGE_CURVE ( 'NONE', #3719, #2340, #2857, .T. ) ;
#3181 = LINE ( 'NONE', #7006, #1671 ) ;
#3182 = VERTEX_POINT ( 'NONE', #127 ) ;
#3183 = VECTOR ( 'NONE', #2257, 1000.000000000000000 ) ;
#3184 = ORIENTED_EDGE ( 'NONE', *, *, #4649, .T. ) ;
#3185 = VERTEX_POINT ( 'NONE', #1100 ) ;
#3186 = CARTESIAN_POINT ( 'NONE',  ( 158.2011697012675882, 2.000000000000000000, 97.50188770989301190 ) ) ;
#3187 = LINE ( 'NONE', #449, #590 ) ;
#3188 = CARTESIAN_POINT ( 'NONE',  ( 177.5912666817638126, 2.000000000000000000, 128.7369805438819697 ) ) ;
#3189 = AXIS2_PLACEMENT_3D ( 'NONE', #2810, #4384, #3879 ) ;
#3190 = DIRECTION ( 'NONE',  ( -1.214306433183764966E-16, 1.000000000000000000, 0.000000000000000000 ) ) ;
#3191 = ADVANCED_FACE ( 'NONE', ( #6567 ), #5457, .F. ) ;
#3192 = VERTEX_POINT ( 'NONE', #1639 ) ;
#3193 = CIRCLE ( 'NONE', #3872, 4.000000000000003553 ) ;
#3194 = ORIENTED_EDGE ( 'NONE', *, *, #2674, .F. ) ;
#3195 = EDGE_CURVE ( 'NONE', #157, #2858, #689, .T. ) ;
#3196 = CARTESIAN_POINT ( 'NONE',  ( 104.2411697017031003, 9.500000000000000000, 93.50188770989298348 ) ) ;
#3197 = CARTESIAN_POINT ( 'NONE',  ( 21.90466215730799249, 9.500000000000000000, 163.9717239102517681 ) ) ;
#3198 = AXIS2_PLACEMENT_3D ( 'NONE', #951, #3169, #4098 ) ;
#3199 = EDGE_CURVE ( 'NONE', #6257, #371, #6006, .T. ) ;
#3200 = EDGE_LOOP ( 'NONE', ( #1713, #2050, #3978, #5679 ) ) ;
#3201 = ADVANCED_FACE ( 'NONE', ( #3823 ), #2192, .F. ) ;
#3202 = VECTOR ( 'NONE', #2841, 1000.000000000000000 ) ;
#3203 = PLANE ( 'NONE',  #6506 ) ;
#3204 = LINE ( 'NONE', #1053, #727 ) ;
#3205 = CARTESIAN_POINT ( 'NONE',  ( 182.5411697017031258, 0.000000000000000000, 163.3000063471202452 ) ) ;
#3206 = AXIS2_PLACEMENT_3D ( 'NONE', #5230, #1503, #1426 ) ;
#3207 = LINE ( 'NONE', #3744, #1451 ) ;
#3208 = ORIENTED_EDGE ( 'NONE', *, *, #3049, .T. ) ;
#3209 = CARTESIAN_POINT ( 'NONE',  ( 104.2411697017031003, 9.500000000000000000, 163.9717239102517681 ) ) ;
#3210 = DIRECTION ( 'NONE',  ( 1.000000000000000000, 1.214306433183763240E-16, 0.000000000000000000 ) ) ;
#3211 = DIRECTION ( 'NONE',  ( 0.000000000000000000, 1.000000000000000000, 0.000000000000000000 ) ) ;
#3212 = DIRECTION ( 'NONE',  ( 0.000000000000000000, 1.000000000000000000, 0.000000000000000000 ) ) ;
#3213 = FACE_OUTER_BOUND ( 'NONE', #5295, .T. ) ;
#3214 = ORIENTED_EDGE ( 'NONE', *, *, #691, .T. ) ;
#3215 = EDGE_LOOP ( 'NONE', ( #3824, #6832, #382, #4356 ) ) ;
#3216 = EDGE_LOOP ( 'NONE', ( #6450, #5031, #3116, #6749 ) ) ;
#3217 = LINE ( 'NONE', #448, #3038 ) ;
#3218 = DIRECTION ( 'NONE',  ( 0.000000000000000000, 1.000000000000000000, -0.000000000000000000 ) ) ;
#3219 = CARTESIAN_POINT ( 'NONE',  ( 99.24116970170310026, 2.000000000000000000, 75.26304484459959099 ) ) ;
#3220 = AXIS2_PLACEMENT_3D ( 'NONE', #2483, #1428, #908 ) ;
#3221 = CARTESIAN_POINT ( 'NONE',  ( 149.2011697012675597, 9.500000000000000000, 128.7369805438819697 ) ) ;
#3222 = VERTEX_POINT ( 'NONE', #4612 ) ;
#3223 = DIRECTION ( 'NONE',  ( 4.163336342344318725E-14, 0.000000000000000000, -1.000000000000000000 ) ) ;
#3224 = ORIENTED_EDGE ( 'NONE', *, *, #1616, .T. ) ;
#3225 = CIRCLE ( 'NONE', #6871, 4.000000000000003553 ) ;
#3226 = ORIENTED_EDGE ( 'NONE', *, *, #3938, .F. ) ;
#3227 = CARTESIAN_POINT ( 'NONE',  ( 72.26116970192092026, 5.000000000000008882, 159.9717239102517681 ) ) ;
#3228 = DIRECTION ( 'NONE',  ( 1.000000000000000000, 0.000000000000000000, 0.000000000000000000 ) ) ;
#3229 = VECTOR ( 'NONE', #1955, 1000.000000000000000 ) ;
#3230 = AXIS2_PLACEMENT_3D ( 'NONE', #1338, #5743, #5711 ) ;
#3231 = ORIENTED_EDGE ( 'NONE', *, *, #1656, .T. ) ;
#3232 = VECTOR ( 'NONE', #2509, 1000.000000000000000 ) ;
#3233 = ADVANCED_FACE ( 'NONE', ( #5210 ), #3033, .F. ) ;
#3234 = CARTESIAN_POINT ( 'NONE',  ( 158.2011697012675882, 1.654883888770502882E-14, 124.7369805438819697 ) ) ;
#3235 = DIRECTION ( 'NONE',  ( 1.214306433183764966E-16, -1.000000000000000000, 0.000000000000000000 ) ) ;
#3236 = DIRECTION ( 'NONE',  ( 1.214306433183764966E-16, -1.000000000000000000, -2.165045941964102761E-32 ) ) ;
#3237 = LINE ( 'NONE', #2738, #6490 ) ;
#3238 = DIRECTION ( 'NONE',  ( 1.000000000000000000, 0.000000000000000000, 0.000000000000000000 ) ) ;
#3239 = VERTEX_POINT ( 'NONE', #770 ) ;
#3240 = AXIS2_PLACEMENT_3D ( 'NONE', #1196, #84, #4353 ) ;
#3241 = EDGE_CURVE ( 'NONE', #4328, #5476, #6819, .T. ) ;
#3242 = DIRECTION ( 'NONE',  ( 0.000000000000000000, 0.000000000000000000, 1.000000000000000000 ) ) ;
#3243 = CARTESIAN_POINT ( 'NONE',  ( 41.28116970213874026, 4.999999999999999112, 71.26304484459957678 ) ) ;
#3244 = ADVANCED_FACE ( 'NONE', ( #5103 ), #294, .F. ) ;
#3245 = LINE ( 'NONE', #2607, #5900 ) ;
#3246 = VERTEX_POINT ( 'NONE', #1374 ) ;
#3247 = VECTOR ( 'NONE', #5809, 1000.000000000000000 ) ;
#3248 = EDGE_LOOP ( 'NONE', ( #6509, #4738, #516, #2601 ) ) ;
#3249 = EDGE_LOOP ( 'NONE', ( #4262, #965, #1309, #3025 ) ) ;
#3250 = DIRECTION ( 'NONE',  ( 0.000000000000000000, 0.000000000000000000, -1.000000000000000000 ) ) ;
#3251 = EDGE_CURVE ( 'NONE', #3015, #4923, #1271, .T. ) ;
#3252 = LINE ( 'NONE', #4362, #1878 ) ;
#3253 = DIRECTION ( 'NONE',  ( 0.000000000000000000, -1.000000000000000000, 0.000000000000000000 ) ) ;
#3254 = CIRCLE ( 'NONE', #156, 4.000000000000003553 ) ;
#3255 = ORIENTED_EDGE ( 'NONE', *, *, #2730, .F. ) ;
#3256 = DIRECTION ( 'NONE',  ( -0.000000000000000000, 1.000000000000000000, -0.000000000000000000 ) ) ;
#3257 = ORIENTED_EDGE ( 'NONE', *, *, #1647, .T. ) ;
#3258 = VERTEX_POINT ( 'NONE', #260 ) ;
#3259 = ORIENTED_EDGE ( 'NONE', *, *, #4590, .T. ) ;
#3260 = EDGE_CURVE ( 'NONE', #3722, #67, #4533, .T. ) ;
#3261 = CARTESIAN_POINT ( 'NONE',  ( 127.2211697014853087, -26.25789166916414885, 163.9717239102515691 ) ) ;
#3262 = VECTOR ( 'NONE', #7035, 1000.000000000000000 ) ;
#3263 = CARTESIAN_POINT ( 'NONE',  ( 99.24116970170310026, 2.000000000000001776, 36.02830147822988494 ) ) ;
#3264 = ORIENTED_EDGE ( 'NONE', *, *, #2021, .F. ) ;
#3265 = DIRECTION ( 'NONE',  ( 0.000000000000000000, 1.000000000000000000, 0.000000000000000000 ) ) ;
#3266 = AXIS2_PLACEMENT_3D ( 'NONE', #1742, #2783, #6563 ) ;
#3267 = CARTESIAN_POINT ( 'NONE',  ( 99.24116970170310026, -26.25789166916415240, 97.50188770989231557 ) ) ;
#3268 = DIRECTION ( 'NONE',  ( 0.000000000000000000, 1.000000000000000000, 0.000000000000000000 ) ) ;
#3269 = FACE_OUTER_BOUND ( 'NONE', #6870, .T. ) ;
#3270 = DIRECTION ( 'NONE',  ( -0.000000000000000000, 1.000000000000000000, -0.000000000000000000 ) ) ;
#3271 = EDGE_CURVE ( 'NONE', #2115, #4409, #5642, .T. ) ;
#3272 = LINE ( 'NONE', #1553, #894 ) ;
#3273 = ORIENTED_EDGE ( 'NONE', *, *, #87, .F. ) ;
#3274 = DIRECTION ( 'NONE',  ( -0.000000000000000000, 1.000000000000000000, -0.000000000000000000 ) ) ;
#3275 = CARTESIAN_POINT ( 'NONE',  ( 158.2011697012675882, 9.500000000000000000, 97.50188770989301190 ) ) ;
#3276 = CARTESIAN_POINT ( 'NONE',  ( 95.24116970170310026, -9.998582828964583321E-15, 141.7328810449583614 ) ) ;
#3277 = EDGE_LOOP ( 'NONE', ( #1246, #6021, #5902, #5217, #409, #7071, #1300, #3165 ) ) ;
#3278 = VECTOR ( 'NONE', #5382, 1000.000000000000000 ) ;
#3279 = EDGE_CURVE ( 'NONE', #3647, #381, #1386, .T. ) ;
#3280 = EDGE_CURVE ( 'NONE', #1010, #2747, #4254, .T. ) ;
#3281 = EDGE_CURVE ( 'NONE', #5592, #3391, #733, .T. ) ;
#3282 = ORIENTED_EDGE ( 'NONE', *, *, #1655, .T. ) ;
#3283 = ORIENTED_EDGE ( 'NONE', *, *, #2042, .T. ) ;
#3284 = DIRECTION ( 'NONE',  ( -1.308519863344574538E-16, 0.000000000000000000, -1.000000000000000000 ) ) ;
#3285 = DIRECTION ( 'NONE',  ( 1.214306433183764966E-16, -1.000000000000000000, 0.000000000000000000 ) ) ;
#3286 = FACE_OUTER_BOUND ( 'NONE', #3692, .T. ) ;
#3287 = LINE ( 'NONE', #6507, #2022 ) ;
#3288 = CARTESIAN_POINT ( 'NONE',  ( 100.2411697017031003, 2.000000000000000000, 124.7369805438819839 ) ) ;
#3289 = EDGE_LOOP ( 'NONE', ( #702, #3757, #1179, #3975 ) ) ;
#3290 = DIRECTION ( 'NONE',  ( 0.000000000000000000, 1.000000000000000000, 0.000000000000000000 ) ) ;
#3291 = AXIS2_PLACEMENT_3D ( 'NONE', #1644, #2615, #7015 ) ;
#3292 = ORIENTED_EDGE ( 'NONE', *, *, #1450, .T. ) ;
#3293 = VERTEX_POINT ( 'NONE', #6748 ) ;
#3294 = EDGE_CURVE ( 'NONE', #3651, #6180, #3570, .T. ) ;
#3295 = ORIENTED_EDGE ( 'NONE', *, *, #4829, .T. ) ;
#3296 = LINE ( 'NONE', #5473, #1626 ) ;
#3297 = VECTOR ( 'NONE', #6682, 1000.000000000000000 ) ;
#3298 = DIRECTION ( 'NONE',  ( 0.000000000000000000, 0.000000000000000000, -1.000000000000000000 ) ) ;
#3299 = ORIENTED_EDGE ( 'NONE', *, *, #5144, .F. ) ;
#3300 = DIRECTION ( 'NONE',  ( 1.214306433183764966E-16, -1.000000000000000000, 0.000000000000000000 ) ) ;
#3301 = DIRECTION ( 'NONE',  ( 1.214306433183764966E-16, -1.000000000000000000, 0.000000000000000000 ) ) ;
#3302 = CARTESIAN_POINT ( 'NONE',  ( 131.2211697014853087, 1.999999999999998224, 106.4981376785882929 ) ) ;
#3303 = CARTESIAN_POINT ( 'NONE',  ( 122.2211697014853087, 4.999999999999999112, 102.4981376785882787 ) ) ;
#3304 = CIRCLE ( 'NONE', #2973, 4.000000000000003553 ) ;
#3305 = DIRECTION ( 'NONE',  ( 0.000000000000000000, 1.000000000000000000, 0.000000000000000000 ) ) ;
#3306 = ADVANCED_FACE ( 'NONE', ( #5747 ), #850, .F. ) ;
#3307 = ORIENTED_EDGE ( 'NONE', *, *, #3780, .F. ) ;
#3308 = DIRECTION ( 'NONE',  ( 0.000000000000000000, 1.000000000000000000, 0.000000000000000000 ) ) ;
#3309 = CIRCLE ( 'NONE', #4227, 4.000000000000003553 ) ;
#3310 = ORIENTED_EDGE ( 'NONE', *, *, #5553, .F. ) ;
#3311 = EDGE_CURVE ( 'NONE', #2060, #479, #2320, .T. ) ;
#3312 = CARTESIAN_POINT ( 'NONE',  ( 21.91891372578183450, 2.000000000000000000, 97.50188770989295506 ) ) ;
#3313 = LINE ( 'NONE', #3817, #2894 ) ;
#3314 = CARTESIAN_POINT ( 'NONE',  ( 104.2411697017031003, 2.000000000000000000, 124.7369805438819839 ) ) ;
#3315 = ORIENTED_EDGE ( 'NONE', *, *, #2370, .T. ) ;
#3316 = CIRCLE ( 'NONE', #111, 4.000000000000003553 ) ;
#3317 = ADVANCED_FACE ( 'NONE', ( #5778 ), #887, .F. ) ;
#3318 = ADVANCED_FACE ( 'NONE', ( #6181 ), #4572, .F. ) ;
#3319 = ORIENTED_EDGE ( 'NONE', *, *, #4251, .F. ) ;
#3320 = DIRECTION ( 'NONE',  ( -0.000000000000000000, 0.000000000000000000, -1.000000000000000000 ) ) ;
#3321 = ORIENTED_EDGE ( 'NONE', *, *, #1932, .T. ) ;
#3322 = CARTESIAN_POINT ( 'NONE',  ( 21.90466215730799249, 9.500000000000000000, 163.9717239102517681 ) ) ;
#3323 = PLANE ( 'NONE',  #29 ) ;
#3324 = DIRECTION ( 'NONE',  ( 0.000000000000000000, -0.000000000000000000, -1.000000000000000000 ) ) ;
#3325 = CARTESIAN_POINT ( 'NONE',  ( 131.2211697014853087, 9.500000000000000000, 128.7369805438819697 ) ) ;
#3326 = LINE ( 'NONE', #5073, #3297 ) ;
#3327 = ORIENTED_EDGE ( 'NONE', *, *, #1077, .F. ) ;
#3328 = EDGE_CURVE ( 'NONE', #4146, #6747, #4071, .T. ) ;
#3329 = EDGE_LOOP ( 'NONE', ( #4886, #3561, #5629, #5080 ) ) ;
#3330 = EDGE_LOOP ( 'NONE', ( #1754, #2846, #5437, #3451 ) ) ;
#3331 = ORIENTED_EDGE ( 'NONE', *, *, #5579, .F. ) ;
#3332 = AXIS2_PLACEMENT_3D ( 'NONE', #6371, #3055, #3020 ) ;
#3333 = DIRECTION ( 'NONE',  ( 1.214306433183764966E-16, -1.000000000000000000, 0.000000000000000000 ) ) ;
#3334 = AXIS2_PLACEMENT_3D ( 'NONE', #5607, #6752, #264 ) ;
#3335 = EDGE_CURVE ( 'NONE', #896, #5185, #5139, .T. ) ;
#3336 = DIRECTION ( 'NONE',  ( 1.214306433183764966E-16, -1.000000000000000000, 4.330091167351559933E-32 ) ) ;
#3337 = AXIS2_PLACEMENT_3D ( 'NONE', #4136, #6315, #3602 ) ;
#3338 = EDGE_LOOP ( 'NONE', ( #1401, #1852, #2768, #6539 ) ) ;
#3339 = EDGE_CURVE ( 'NONE', #5310, #5104, #1341, .T. ) ;
#3340 = DIRECTION ( 'NONE',  ( -1.000000000000000000, 0.000000000000000000, 0.000000000000000000 ) ) ;
#3341 = DIRECTION ( 'NONE',  ( -1.000000000000000000, -1.214306433183764966E-16, 0.000000000000000000 ) ) ;
#3342 = CARTESIAN_POINT ( 'NONE',  ( 126.2211697014853087, 1.999999999999998224, 97.50188770989251452 ) ) ;
#3343 = VECTOR ( 'NONE', #180, 1000.000000000000000 ) ;
#3344 = LINE ( 'NONE', #2314, #5189 ) ;
#3345 = AXIS2_PLACEMENT_3D ( 'NONE', #1817, #6178, #1267 ) ;
#3346 = DIRECTION ( 'NONE',  ( 1.214306433183764966E-16, -1.000000000000000000, 7.577659542865232346E-32 ) ) ;
#3347 = PRODUCT_DEFINITION_SHAPE ( 'NONE', 'NONE',  #4902 ) ;
#3348 = EDGE_LOOP ( 'NONE', ( #5832, #5713, #3428, #2558 ) ) ;
#3349 = VECTOR ( 'NONE', #341, 1000.000000000000000 ) ;
#3350 = CARTESIAN_POINT ( 'NONE',  ( 122.2211697014853087, -6.723626496916115331E-15, 40.02827608974846640 ) ) ;
#3351 = CARTESIAN_POINT ( 'NONE',  ( 77.26116970192093447, 5.000000000000005329, 62.26711895504224969 ) ) ;
#3352 = FACE_OUTER_BOUND ( 'NONE', #6544, .T. ) ;
#3353 = DIRECTION ( 'NONE',  ( 0.000000000000000000, 0.000000000000000000, -1.000000000000000000 ) ) ;
#3354 = CARTESIAN_POINT ( 'NONE',  ( 149.2011697012675597, 9.500000000000000000, 58.26711895504224969 ) ) ;
#3355 = ORIENTED_EDGE ( 'NONE', *, *, #3611, .T. ) ;
#3356 = ORIENTED_EDGE ( 'NONE', *, *, #1791, .T. ) ;
#3357 = CIRCLE ( 'NONE', #2787, 4.000000000000003553 ) ;
#3358 = EDGE_LOOP ( 'NONE', ( #2399, #4639, #2546, #4622 ) ) ;
#3359 = DIRECTION ( 'NONE',  ( 1.214306433183764966E-16, -1.000000000000000000, 0.000000000000000000 ) ) ;
#3360 = EDGE_CURVE ( 'NONE', #535, #1530, #462, .T. ) ;
#3361 = LINE ( 'NONE', #6184, #4954 ) ;
#3362 = DIRECTION ( 'NONE',  ( -1.893286194790512849E-16, 0.000000000000000000, -1.000000000000000000 ) ) ;
#3363 = FACE_OUTER_BOUND ( 'NONE', #4666, .T. ) ;
#3364 = FACE_OUTER_BOUND ( 'NONE', #6314, .T. ) ;
#3365 = ORIENTED_EDGE ( 'NONE', *, *, #5553, .T. ) ;
#3366 = VECTOR ( 'NONE', #1659, 1000.000000000000000 ) ;
#3367 = ORIENTED_EDGE ( 'NONE', *, *, #1618, .F. ) ;
#3368 = EDGE_CURVE ( 'NONE', #4970, #3972, #6306, .T. ) ;
#3369 = ORIENTED_EDGE ( 'NONE', *, *, #108, .T. ) ;
#3370 = ORIENTED_EDGE ( 'NONE', *, *, #526, .T. ) ;
#3371 = CARTESIAN_POINT ( 'NONE',  ( 73.26116970192092026, 9.500000000000000000, 124.7369805438819697 ) ) ;
#3372 = CARTESIAN_POINT ( 'NONE',  ( 104.2411697017031003, 9.500000000000000000, 62.26711895504224969 ) ) ;
#3373 = EDGE_CURVE ( 'NONE', #1804, #1067, #6425, .T. ) ;
#3374 = EDGE_CURVE ( 'NONE', #5643, #5573, #1555, .T. ) ;
#3375 = DIRECTION ( 'NONE',  ( 0.000000000000000000, 0.000000000000000000, 1.000000000000000000 ) ) ;
#3376 = LINE ( 'NONE', #6734, #1390 ) ;
#3377 = CARTESIAN_POINT ( 'NONE',  ( 122.2211697014853087, 9.500000000000000000, 36.02827608974846640 ) ) ;
#3378 = VECTOR ( 'NONE', #58, 1000.000000000000000 ) ;
#3379 = AXIS2_PLACEMENT_3D ( 'NONE', #3792, #3253, #1073 ) ;
#3380 = DIRECTION ( 'NONE',  ( -3.565896588391270872E-16, 0.000000000000000000, 1.000000000000000000 ) ) ;
#3381 = DIRECTION ( 'NONE',  ( 0.000000000000000000, -1.000000000000000000, 0.000000000000000000 ) ) ;
#3382 = LINE ( 'NONE', #643, #5931 ) ;
#3383 = ORIENTED_EDGE ( 'NONE', *, *, #2470, .T. ) ;
#3384 = CARTESIAN_POINT ( 'NONE',  ( 158.2011697012675882, 9.500000000000000000, 159.9717239102517681 ) ) ;
#3385 = DIRECTION ( 'NONE',  ( 0.000000000000000000, 0.000000000000000000, -1.000000000000000000 ) ) ;
#3386 = CARTESIAN_POINT ( 'NONE',  ( 177.5912666817638979, 2.000000000000000000, 97.50188770989301190 ) ) ;
#3387 = DIRECTION ( 'NONE',  ( 0.000000000000000000, 0.000000000000000000, -1.000000000000000000 ) ) ;
#3388 = DIRECTION ( 'NONE',  ( 0.000000000000000000, 0.000000000000000000, -1.000000000000000000 ) ) ;
#3389 = VECTOR ( 'NONE', #2612, 1000.000000000000000 ) ;
#3390 = AXIS2_PLACEMENT_3D ( 'NONE', #2859, #1641, #6108 ) ;
#3391 = VERTEX_POINT ( 'NONE', #2602 ) ;
#3392 = ORIENTED_EDGE ( 'NONE', *, *, #1077, .T. ) ;
#3393 = LINE ( 'NONE', #2229, #6135 ) ;
#3394 = CARTESIAN_POINT ( 'NONE',  ( 21.91893948763057409, 2.000000000000000000, 62.26711895504224969 ) ) ;
#3395 = DIRECTION ( 'NONE',  ( 0.000000000000000000, 0.000000000000000000, -1.000000000000000000 ) ) ;
#3396 = LINE ( 'NONE', #6044, #2583 ) ;
#3397 = DIRECTION ( 'NONE',  ( -1.000000000000000000, 0.000000000000000000, -7.131793176782546675E-16 ) ) ;
#3398 = VERTEX_POINT ( 'NONE', #3746 ) ;
#3399 = ORIENTED_EDGE ( 'NONE', *, *, #846, .T. ) ;
#3400 = ORIENTED_EDGE ( 'NONE', *, *, #5076, .F. ) ;
#3401 = ORIENTED_EDGE ( 'NONE', *, *, #1293, .T. ) ;
#3402 = LINE ( 'NONE', #749, #2665 ) ;
#3403 = ADVANCED_FACE ( 'NONE', ( #2044 ), #993, .F. ) ;
#3404 = VECTOR ( 'NONE', #3845, 1000.000000000000227 ) ;
#3405 = CARTESIAN_POINT ( 'NONE',  ( 45.28116970213873316, 9.500000000000000000, 159.9717239102517681 ) ) ;
#3406 = APPLICATION_CONTEXT ( 'automotive_design' ) ;
#3407 = ADVANCED_FACE ( 'NONE', ( #3640 ), #7034, .F. ) ;
#3408 = ORIENTED_EDGE ( 'NONE', *, *, #3435, .T. ) ;
#3409 = VECTOR ( 'NONE', #3894, 1000.000000000000000 ) ;
#3410 = CARTESIAN_POINT ( 'NONE',  ( 41.28116970213874026, 4.999999999999999112, 137.7328810449583330 ) ) ;
#3411 = CARTESIAN_POINT ( 'NONE',  ( 21.90873331823642189, 0.000000000000000000, 71.26304484459957678 ) ) ;
#3412 = PLANE ( 'NONE',  #914 ) ;
#3413 = DIRECTION ( 'NONE',  ( 0.000000000000000000, 1.000000000000000000, 0.000000000000000000 ) ) ;
#3414 = CARTESIAN_POINT ( 'NONE',  ( 104.2411697017031003, 2.000000000000001776, 137.7328810449583330 ) ) ;
#3415 = CYLINDRICAL_SURFACE ( 'NONE', #2848, 4.000000000000003553 ) ;
#3416 = AXIS2_PLACEMENT_3D ( 'NONE', #2441, #5696, #2914 ) ;
#3417 = EDGE_CURVE ( 'NONE', #5401, #767, #4173, .T. ) ;
#3418 = EDGE_LOOP ( 'NONE', ( #6906, #302, #1424, #3319 ) ) ;
#3419 = VERTEX_POINT ( 'NONE', #3175 ) ;
#3420 = DIRECTION ( 'NONE',  ( -1.214306433183764966E-16, 1.000000000000000000, -8.660182334703126435E-32 ) ) ;
#3421 = VECTOR ( 'NONE', #6475, 1000.000000000000000 ) ;
#3422 = CARTESIAN_POINT ( 'NONE',  ( 77.26116970192093447, 9.500000000000000000, 40.02827608974843798 ) ) ;
#3423 = DIRECTION ( 'NONE',  ( 1.140440198431010695E-15, 0.000000000000000000, 1.000000000000000000 ) ) ;
#3424 = DIRECTION ( 'NONE',  ( -0.000000000000000000, 1.000000000000000000, -0.000000000000000000 ) ) ;
#3425 = VECTOR ( 'NONE', #4880, 1000.000000000000000 ) ;
#3426 = ORIENTED_EDGE ( 'NONE', *, *, #3811, .T. ) ;
#3427 = ADVANCED_FACE ( 'NONE', ( #3874 ), #5818, .F. ) ;
#3428 = ORIENTED_EDGE ( 'NONE', *, *, #5061, .T. ) ;
#3429 = DIRECTION ( 'NONE',  ( -1.000000000000000000, 0.000000000000000000, 0.000000000000000000 ) ) ;
#3430 = CARTESIAN_POINT ( 'NONE',  ( 77.26116970192093447, 9.500000000000000000, 36.02827608974843798 ) ) ;
#3431 = DIRECTION ( 'NONE',  ( -0.000000000000000000, 1.000000000000000000, -0.000000000000000000 ) ) ;
#3432 = VECTOR ( 'NONE', #95, 1000.000000000000000 ) ;
#3433 = PLANE ( 'NONE',  #6687 ) ;
#3434 = ORIENTED_EDGE ( 'NONE', *, *, #5949, .T. ) ;
#3435 = EDGE_CURVE ( 'NONE', #6778, #2012, #328, .T. ) ;
#3436 = ORIENTED_EDGE ( 'NONE', *, *, #5817, .F. ) ;
#3437 = VERTEX_POINT ( 'NONE', #5346 ) ;
#3438 = EDGE_LOOP ( 'NONE', ( #2469, #9, #4603, #2966 ) ) ;
#3439 = LINE ( 'NONE', #2800, #4609 ) ;
#3440 = VERTEX_POINT ( 'NONE', #1441 ) ;
#3441 = DIRECTION ( 'NONE',  ( 0.000000000000000000, -1.000000000000000000, 0.000000000000000000 ) ) ;
#3442 = ORIENTED_EDGE ( 'NONE', *, *, #5955, .F. ) ;
#3443 = CARTESIAN_POINT ( 'NONE',  ( 127.2211697014853087, 1.999999999999998224, 163.9717239102515691 ) ) ;
#3444 = VERTEX_POINT ( 'NONE', #438 ) ;
#3445 = CARTESIAN_POINT ( 'NONE',  ( 77.26116970192093447, 9.500000000000000000, 159.9717239102517681 ) ) ;
#3446 = DIRECTION ( 'NONE',  ( 0.000000000000000000, 0.000000000000000000, -1.000000000000000000 ) ) ;
#3447 = LINE ( 'NONE', #3488, #2013 ) ;
#3448 = DIRECTION ( 'NONE',  ( -1.214306433183764966E-16, 1.000000000000000000, 2.165045941964102761E-32 ) ) ;
#3449 = CARTESIAN_POINT ( 'NONE',  ( 50.28116970213873316, 5.000000000000000888, 97.50188770989296927 ) ) ;
#3450 = VECTOR ( 'NONE', #2116, 1000.000000000000000 ) ;
#3451 = ORIENTED_EDGE ( 'NONE', *, *, #1066, .T. ) ;
#3452 = ORIENTED_EDGE ( 'NONE', *, *, #4630, .T. ) ;
#3453 = FACE_OUTER_BOUND ( 'NONE', #5043, .T. ) ;
#3454 = CIRCLE ( 'NONE', #3008, 4.000000000000003553 ) ;
#3455 = CARTESIAN_POINT ( 'NONE',  ( 127.2211697014853087, 9.500000000000000000, 40.02827608974847351 ) ) ;
#3456 = CARTESIAN_POINT ( 'NONE',  ( 17.91893948763055633, 9.500000000000000000, 106.4837816998209377 ) ) ;
#3457 = VECTOR ( 'NONE', #3616, 1000.000000000000000 ) ;
#3458 = CIRCLE ( 'NONE', #1282, 4.000000000000003553 ) ;
#3459 = VERTEX_POINT ( 'NONE', #4208 ) ;
#3460 = ADVANCED_FACE ( 'NONE', ( #4417 ), #6889, .F. ) ;
#3461 = ADVANCED_FACE ( 'NONE', ( #3674 ), #4816, .F. ) ;
#3462 = DIRECTION ( 'NONE',  ( 0.000000000000000000, 1.000000000000000000, 0.000000000000000000 ) ) ;
#3463 = EDGE_LOOP ( 'NONE', ( #560, #904, #4302, #2306 ) ) ;
#3464 = CARTESIAN_POINT ( 'NONE',  ( 153.2011697012675597, 9.500000000000000000, 75.26304484459959099 ) ) ;
#3465 = CIRCLE ( 'NONE', #1755, 3.999999999999989786 ) ;
#3466 = DIRECTION ( 'NONE',  ( 1.000000000000000000, 1.214306433183764966E-16, -0.000000000000000000 ) ) ;
#3467 = FACE_OUTER_BOUND ( 'NONE', #1367, .T. ) ;
#3468 = CARTESIAN_POINT ( 'NONE',  ( 182.5411697017031258, 2.000000000000000000, 163.3000063471202452 ) ) ;
#3469 = DIRECTION ( 'NONE',  ( -0.000000000000000000, 1.000000000000000000, -0.000000000000000000 ) ) ;
#3470 = AXIS2_PLACEMENT_3D ( 'NONE', #7074, #6462, #5383 ) ;
#3471 = DIRECTION ( 'NONE',  ( 1.000000000000000000, 0.000000000000000000, 0.000000000000000000 ) ) ;
#3472 = VERTEX_POINT ( 'NONE', #1025 ) ;
#3473 = EDGE_CURVE ( 'NONE', #3972, #3932, #7000, .T. ) ;
#3474 = ORIENTED_EDGE ( 'NONE', *, *, #1841, .T. ) ;
#3475 = CARTESIAN_POINT ( 'NONE',  ( 50.28116970213872605, 9.500000000000000000, 36.02827608974842377 ) ) ;
#3476 = DIRECTION ( 'NONE',  ( 1.000000000000000000, 0.000000000000000000, 7.718458180190537841E-16 ) ) ;
#3477 = EDGE_CURVE ( 'NONE', #1342, #100, #10, .T. ) ;
#3478 = VECTOR ( 'NONE', #3994, 1000.000000000000000 ) ;
#3479 = VERTEX_POINT ( 'NONE', #3209 ) ;
#3480 = DIRECTION ( 'NONE',  ( 0.000000000000000000, 0.000000000000000000, 1.000000000000000000 ) ) ;
#3481 = VERTEX_POINT ( 'NONE', #6925 ) ;
#3482 = CIRCLE ( 'NONE', #5878, 4.000000000000003553 ) ;
#3483 = CARTESIAN_POINT ( 'NONE',  ( 41.28116970213874026, 0.000000000000000000, 128.7369805438819981 ) ) ;
#3484 = ORIENTED_EDGE ( 'NONE', *, *, #6302, .F. ) ;
#3485 = CARTESIAN_POINT ( 'NONE',  ( 21.91891372578183450, 9.500000000000000000, 93.50188770989298348 ) ) ;
#3486 = CARTESIAN_POINT ( 'NONE',  ( 50.28116970213873316, 2.000000000000000000, 124.7369805438819981 ) ) ;
#3487 = ADVANCED_FACE ( 'NONE', ( #4246 ), #4279, .F. ) ;
#3488 = CARTESIAN_POINT ( 'NONE',  ( 158.2011697012675882, 9.500000000000000000, 62.26711895504224969 ) ) ;
#3489 = CARTESIAN_POINT ( 'NONE',  ( 73.26116970192092026, -26.25789166916415596, 102.4981376785891172 ) ) ;
#3490 = CARTESIAN_POINT ( 'NONE',  ( 99.24116970170310026, 2.000000000000001776, 58.26711895504224969 ) ) ;
#3491 = EDGE_LOOP ( 'NONE', ( #1176, #4297, #5243, #703 ) ) ;
#3492 = ORIENTED_EDGE ( 'NONE', *, *, #3649, .T. ) ;
#3493 = DIRECTION ( 'NONE',  ( 1.000000000000000000, 0.000000000000000000, 0.000000000000000000 ) ) ;
#3494 = CARTESIAN_POINT ( 'NONE',  ( 153.2011697012675597, 2.000000000000000000, 141.7328810449583614 ) ) ;
#3495 = CARTESIAN_POINT ( 'NONE',  ( 153.2011697012675597, -26.25789166916414530, 36.02830147822938756 ) ) ;
#3496 = EDGE_CURVE ( 'NONE', #5401, #69, #6762, .T. ) ;
#3497 = VECTOR ( 'NONE', #5980, 1000.000000000000000 ) ;
#3498 = EDGE_LOOP ( 'NONE', ( #3560, #2452, #2786, #3208 ) ) ;
#3499 = DIRECTION ( 'NONE',  ( -1.214306433183764966E-16, 1.000000000000000000, 0.000000000000000000 ) ) ;
#3500 = ORIENTED_EDGE ( 'NONE', *, *, #3199, .F. ) ;
#3501 = LINE ( 'NONE', #812, #4659 ) ;
#3502 = AXIS2_PLACEMENT_3D ( 'NONE', #3574, #5216, #6792 ) ;
#3503 = CARTESIAN_POINT ( 'NONE',  ( 17.91893948763057054, 2.000000000000000000, 58.26711895504225680 ) ) ;
#3504 = CARTESIAN_POINT ( 'NONE',  ( 127.2211697014853087, 1.999999999999998224, 36.02830147822969309 ) ) ;
#3505 = CARTESIAN_POINT ( 'NONE',  ( 177.6055182502376510, 9.500000000000000000, 163.9717239102517681 ) ) ;
#3506 = FACE_OUTER_BOUND ( 'NONE', #6728, .T. ) ;
#3507 = EDGE_LOOP ( 'NONE', ( #6950, #792, #3059, #1350, #3889, #1890, #4765, #511 ) ) ;
#3508 = ADVANCED_FACE ( 'NONE', ( #2839 ), #676, .F. ) ;
#3509 = AXIS2_PLACEMENT_3D ( 'NONE', #3790, #3723, #3250 ) ;
#3510 = EDGE_CURVE ( 'NONE', #4394, #5344, #3376, .T. ) ;
#3511 = ORIENTED_EDGE ( 'NONE', *, *, #5149, .T. ) ;
#3512 = VERTEX_POINT ( 'NONE', #4593 ) ;
#3513 = EDGE_LOOP ( 'NONE', ( #5117, #80, #4814, #5974 ) ) ;
#3514 = CARTESIAN_POINT ( 'NONE',  ( 104.2411697017031003, 9.500000000000000000, 97.50188770989298348 ) ) ;
#3515 = DIRECTION ( 'NONE',  ( 0.000000000000000000, 0.000000000000000000, 1.000000000000000000 ) ) ;
#3516 = ORIENTED_EDGE ( 'NONE', *, *, #6215, .T. ) ;
#3517 = CARTESIAN_POINT ( 'NONE',  ( 177.5912666817638126, 2.000000000000000000, 93.50188770989298348 ) ) ;
#3518 = ORIENTED_EDGE ( 'NONE', *, *, #6605, .T. ) ;
#3519 = VERTEX_POINT ( 'NONE', #3982 ) ;
#3520 = FILL_AREA_STYLE_COLOUR ( '', #1745 ) ;
#3521 = LINE ( 'NONE', #4484, #7084 ) ;
#3522 = DIRECTION ( 'NONE',  ( -1.000000000000000000, 0.000000000000000000, 1.520586931241347659E-15 ) ) ;
#3523 = CARTESIAN_POINT ( 'NONE',  ( 17.91893948763055633, 9.500000000000000000, 106.4837816998209377 ) ) ;
#3524 = DIRECTION ( 'NONE',  ( -0.000000000000000000, 0.000000000000000000, 1.000000000000000000 ) ) ;
#3525 = EDGE_CURVE ( 'NONE', #3085, #6795, #2660, .T. ) ;
#3526 = ORIENTED_EDGE ( 'NONE', *, *, #2253, .F. ) ;
#3527 = VECTOR ( 'NONE', #201, 1000.000000000000000 ) ;
#3528 = ORIENTED_EDGE ( 'NONE', *, *, #6171, .T. ) ;
#3529 = CARTESIAN_POINT ( 'NONE',  ( 41.28116970213874026, 2.000000000000000000, 40.02827608974841667 ) ) ;
#3530 = FACE_OUTER_BOUND ( 'NONE', #5956, .T. ) ;
#3531 = CARTESIAN_POINT ( 'NONE',  ( 149.2011697012675597, 9.500000000000000000, 163.9717239102517681 ) ) ;
#3532 = VECTOR ( 'NONE', #2755, 1000.000000000000000 ) ;
#3533 = AXIS2_PLACEMENT_3D ( 'NONE', #4716, #6891, #2008 ) ;
#3534 = ORIENTED_EDGE ( 'NONE', *, *, #3925, .T. ) ;
#3535 = EDGE_CURVE ( 'NONE', #1227, #1498, #2104, .T. ) ;
#3536 = DIRECTION ( 'NONE',  ( 1.214306433183764966E-16, -1.000000000000000000, -2.165045941964102761E-32 ) ) ;
#3537 = ORIENTED_EDGE ( 'NONE', *, *, #6477, .T. ) ;
#3538 = DIRECTION ( 'NONE',  ( 0.000000000000000000, 0.000000000000000000, -1.000000000000000000 ) ) ;
#3539 = DIRECTION ( 'NONE',  ( 1.000000000000000000, 1.214306433183761268E-16, 0.000000000000000000 ) ) ;
#3540 = DIRECTION ( 'NONE',  ( 0.000000000000000000, 0.000000000000000000, -1.000000000000000000 ) ) ;
#3541 = DIRECTION ( 'NONE',  ( -0.000000000000000000, -1.000000000000000000, -0.000000000000000000 ) ) ;
#3542 = ORIENTED_EDGE ( 'NONE', *, *, #3579, .T. ) ;
#3543 = AXIS2_PLACEMENT_3D ( 'NONE', #6197, #1913, #5047 ) ;
#3544 = EDGE_LOOP ( 'NONE', ( #2718, #7060, #7043, #4933, #2619, #5616, #5652, #3926 ) ) ;
#3545 = EDGE_CURVE ( 'NONE', #2713, #1915, #3118, .T. ) ;
#3546 = VECTOR ( 'NONE', #4918, 1000.000000000000000 ) ;
#3547 = VERTEX_POINT ( 'NONE', #2410 ) ;
#3548 = LINE ( 'NONE', #6260, #6019 ) ;
#3549 = DIRECTION ( 'NONE',  ( 0.000000000000000000, 0.000000000000000000, 1.000000000000000000 ) ) ;
#3550 = FACE_OUTER_BOUND ( 'NONE', #1967, .T. ) ;
#3551 = ORIENTED_EDGE ( 'NONE', *, *, #2207, .T. ) ;
#3552 = ORIENTED_EDGE ( 'NONE', *, *, #6195, .T. ) ;
#3553 = EDGE_LOOP ( 'NONE', ( #5146, #6725, #646, #2023, #2265, #240, #2946, #6845 ) ) ;
#3554 = EDGE_CURVE ( 'NONE', #193, #683, #2431, .T. ) ;
#3555 =( LENGTH_UNIT ( ) NAMED_UNIT ( * ) SI_UNIT ( .MILLI., .METRE. ) );
#3556 = CARTESIAN_POINT ( 'NONE',  ( 99.24116970170310026, 2.000000000000001776, 93.50188770989298348 ) ) ;
#3557 = CARTESIAN_POINT ( 'NONE',  ( 45.28116970213874026, 2.000000000000001776, 163.9717239102510291 ) ) ;
#3558 = DIRECTION ( 'NONE',  ( -1.000000000000000000, 0.000000000000000000, 0.000000000000000000 ) ) ;
#3559 = VERTEX_POINT ( 'NONE', #6092 ) ;
#3560 = ORIENTED_EDGE ( 'NONE', *, *, #1293, .F. ) ;
#3561 = ORIENTED_EDGE ( 'NONE', *, *, #4680, .T. ) ;
#3562 = CYLINDRICAL_SURFACE ( 'NONE', #1958, 4.000000000000003553 ) ;
#3563 = AXIS2_PLACEMENT_3D ( 'NONE', #1259, #6809, #1921 ) ;
#3564 = DIRECTION ( 'NONE',  ( 0.000000000000000000, 0.000000000000000000, 1.000000000000000000 ) ) ;
#3565 = DIRECTION ( 'NONE',  ( -0.000000000000000000, 0.000000000000000000, 1.000000000000000000 ) ) ;
#3566 = VECTOR ( 'NONE', #5143, 1000.000000000000000 ) ;
#3567 = VECTOR ( 'NONE', #6458, 1000.000000000000000 ) ;
#3568 = EDGE_CURVE ( 'NONE', #4587, #6814, #6130, .T. ) ;
#3569 = EDGE_LOOP ( 'NONE', ( #6068, #6089, #1942, #4052 ) ) ;
#3570 = LINE ( 'NONE', #2391, #5499 ) ;
#3571 = CARTESIAN_POINT ( 'NONE',  ( 50.28116970213873316, 9.500000000000000000, 75.26304484459959099 ) ) ;
#3572 = DIRECTION ( 'NONE',  ( 1.214306433183764966E-16, -1.000000000000000000, -0.000000000000000000 ) ) ;
#3573 = CYLINDRICAL_SURFACE ( 'NONE', #6882, 4.000000000000003553 ) ;
#3574 = CARTESIAN_POINT ( 'NONE',  ( 68.26116970192092026, 1.999999999999998224, 93.50188770989296927 ) ) ;
#3575 = VECTOR ( 'NONE', #867, 1000.000000000000000 ) ;
#3576 = AXIS2_PLACEMENT_3D ( 'NONE', #369, #6894, #5783 ) ;
#3577 = ORIENTED_EDGE ( 'NONE', *, *, #4790, .T. ) ;
#3578 = AXIS2_PLACEMENT_3D ( 'NONE', #2276, #4411, #594 ) ;
#3579 = EDGE_CURVE ( 'NONE', #6978, #1961, #716, .T. ) ;
#3580 = ORIENTED_EDGE ( 'NONE', *, *, #3199, .T. ) ;
#3581 = DIRECTION ( 'NONE',  ( 0.000000000000000000, 1.000000000000000000, 0.000000000000000000 ) ) ;
#3582 = DIRECTION ( 'NONE',  ( 0.000000000000000000, 1.000000000000000000, 0.000000000000000000 ) ) ;
#3583 = ORIENTED_EDGE ( 'NONE', *, *, #2072, .F. ) ;
#3584 = AXIS2_PLACEMENT_3D ( 'NONE', #513, #4325, #6505 ) ;
#3585 = ADVANCED_FACE ( 'NONE', ( #4020 ), #4057, .F. ) ;
#3586 = ORIENTED_EDGE ( 'NONE', *, *, #5155, .F. ) ;
#3587 = ORIENTED_EDGE ( 'NONE', *, *, #4395, .T. ) ;
#3588 = AXIS2_PLACEMENT_3D ( 'NONE', #5859, #403, #6964 ) ;
#3589 = CARTESIAN_POINT ( 'NONE',  ( 50.28116970213873316, 2.000000000000001776, 106.4981376785882219 ) ) ;
#3590 = FACE_OUTER_BOUND ( 'NONE', #3112, .T. ) ;
#3591 = CARTESIAN_POINT ( 'NONE',  ( 21.91893948763057409, 2.000000000000000000, 128.7369805438819981 ) ) ;
#3592 = CARTESIAN_POINT ( 'NONE',  ( 158.2011697012675882, 2.000000000000000000, 128.7369805438819697 ) ) ;
#3593 = EDGE_CURVE ( 'NONE', #2858, #6741, #1187, .T. ) ;
#3594 = ORIENTED_EDGE ( 'NONE', *, *, #6565, .T. ) ;
#3595 = EDGE_LOOP ( 'NONE', ( #253, #2024, #1994, #4063 ) ) ;
#3596 = ADVANCED_FACE ( 'NONE', ( #6202 ), #5547, .F. ) ;
#3597 = EDGE_CURVE ( 'NONE', #4196, #3719, #4830, .T. ) ;
#3598 = DIRECTION ( 'NONE',  ( 1.000000000000000000, 1.214306433183764966E-16, 0.000000000000000000 ) ) ;
#3599 = LINE ( 'NONE', #5772, #40 ) ;
#3600 = DIRECTION ( 'NONE',  ( 1.214306433183764966E-16, -1.000000000000000000, 0.000000000000000000 ) ) ;
#3601 = EDGE_LOOP ( 'NONE', ( #4827, #4981, #4156, #2032, #3989, #4046, #4292, #4270 ) ) ;
#3602 = DIRECTION ( 'NONE',  ( 0.000000000000000000, 0.000000000000000000, 1.000000000000000000 ) ) ;
#3603 = DIRECTION ( 'NONE',  ( 0.000000000000000000, 0.000000000000000000, -1.000000000000000000 ) ) ;
#3604 = DIRECTION ( 'NONE',  ( -1.214306433183764966E-16, 1.000000000000000000, -4.330091167351559933E-32 ) ) ;
#3605 = DIRECTION ( 'NONE',  ( 0.000000000000000000, 0.000000000000000000, 1.000000000000000000 ) ) ;
#3606 = DIRECTION ( 'NONE',  ( 1.214306433183764966E-16, -1.000000000000000000, -2.165045941964102761E-32 ) ) ;
#3607 = AXIS2_PLACEMENT_3D ( 'NONE', #4614, #4653, #6750 ) ;
#3608 = CARTESIAN_POINT ( 'NONE',  ( 46.28116970213873316, 5.000000000000003553, 141.7328810449583614 ) ) ;
#3609 = VECTOR ( 'NONE', #2827, 1000.000000000000000 ) ;
#3610 = ORIENTED_EDGE ( 'NONE', *, *, #5686, .T. ) ;
#3611 = EDGE_CURVE ( 'NONE', #5225, #157, #4449, .T. ) ;
#3612 = AXIS2_PLACEMENT_3D ( 'NONE', #1064, #2049, #6528 ) ;
#3613 = ORIENTED_EDGE ( 'NONE', *, *, #427, .T. ) ;
#3614 = EDGE_LOOP ( 'NONE', ( #304, #4502, #709, #5233, #1727, #2419, #6274, #5562 ) ) ;
#3615 = DIRECTION ( 'NONE',  ( 1.214306433183764966E-16, -1.000000000000000000, 8.660182334703126435E-32 ) ) ;
#3616 = DIRECTION ( 'NONE',  ( 1.000000000000000000, 0.000000000000000000, 0.000000000000000000 ) ) ;
#3617 = LINE ( 'NONE', #3047, #5452 ) ;
#3618 = EDGE_LOOP ( 'NONE', ( #762, #5354, #4796, #2308 ) ) ;
#3619 = VECTOR ( 'NONE', #269, 1000.000000000000000 ) ;
#3620 = ORIENTED_EDGE ( 'NONE', *, *, #4977, .T. ) ;
#3621 = ORIENTED_EDGE ( 'NONE', *, *, #1180, .T. ) ;
#3622 = AXIS2_PLACEMENT_3D ( 'NONE', #735, #296, #3538 ) ;
#3623 = EDGE_CURVE ( 'NONE', #877, #3222, #4945, .T. ) ;
#3624 = FACE_OUTER_BOUND ( 'NONE', #3084, .T. ) ;
#3625 = CARTESIAN_POINT ( 'NONE',  ( 41.28116970213874026, 2.000000000000000000, 75.26304484459959099 ) ) ;
#3626 = FACE_OUTER_BOUND ( 'NONE', #4430, .T. ) ;
#3627 = CARTESIAN_POINT ( 'NONE',  ( 158.2011697012675882, 9.500000000000000000, 97.50188770989301190 ) ) ;
#3628 = VERTEX_POINT ( 'NONE', #5124 ) ;
#3629 = ORIENTED_EDGE ( 'NONE', *, *, #4359, .F. ) ;
#3630 = LINE ( 'NONE', #915, #6049 ) ;
#3631 = LINE ( 'NONE', #2110, #1408 ) ;
#3632 = DIRECTION ( 'NONE',  ( 1.000000000000000000, 0.000000000000000000, 0.000000000000000000 ) ) ;
#3633 = EDGE_CURVE ( 'NONE', #5422, #4571, #243, .T. ) ;
#3634 = CARTESIAN_POINT ( 'NONE',  ( 153.2011697012675597, -26.25789166916414530, 97.50188770989259979 ) ) ;
#3635 = ADVANCED_FACE ( 'NONE', ( #5019 ), #4989, .T. ) ;
#3636 = VECTOR ( 'NONE', #3711, 1000.000000000000000 ) ;
#3637 = VERTEX_POINT ( 'NONE', #6910 ) ;
#3638 = ORIENTED_EDGE ( 'NONE', *, *, #563, .F. ) ;
#3639 = AXIS2_PLACEMENT_3D ( 'NONE', #6112, #198, #3397 ) ;
#3640 = FACE_OUTER_BOUND ( 'NONE', #4541, .T. ) ;
#3641 = DIRECTION ( 'NONE',  ( -1.000000000000000000, 0.000000000000000000, -7.718458180190502343E-16 ) ) ;
#3642 = PLANE ( 'NONE',  #4178 ) ;
#3643 = EDGE_CURVE ( 'NONE', #3798, #38, #2025, .T. ) ;
#3644 = LINE ( 'NONE', #2707, #4157 ) ;
#3645 = CARTESIAN_POINT ( 'NONE',  ( 122.2211697014853087, 4.999999999999999112, 36.02827608974846640 ) ) ;
#3646 = CYLINDRICAL_SURFACE ( 'NONE', #4074, 4.000000000000003553 ) ;
#3647 = VERTEX_POINT ( 'NONE', #5261 ) ;
#3648 = VECTOR ( 'NONE', #1224, 1000.000000000000000 ) ;
#3649 = EDGE_CURVE ( 'NONE', #6363, #1925, #6081, .T. ) ;
#3650 = ORIENTED_EDGE ( 'NONE', *, *, #7077, .F. ) ;
#3651 = VERTEX_POINT ( 'NONE', #6368 ) ;
#3652 = DIRECTION ( 'NONE',  ( 0.000000000000000000, 0.000000000000000000, 1.000000000000000000 ) ) ;
#3653 = DIRECTION ( 'NONE',  ( 0.000000000000000000, 0.000000000000000000, -1.000000000000000000 ) ) ;
#3654 = CARTESIAN_POINT ( 'NONE',  ( 95.24116970170310026, 2.000000000000001776, 159.9717239102517681 ) ) ;
#3655 = VERTEX_POINT ( 'NONE', #906 ) ;
#3656 = ORIENTED_EDGE ( 'NONE', *, *, #1574, .T. ) ;
#3657 = VECTOR ( 'NONE', #6416, 1000.000000000000000 ) ;
#3658 = ORIENTED_EDGE ( 'NONE', *, *, #1150, .F. ) ;
#3659 = DIRECTION ( 'NONE',  ( 0.000000000000000000, 0.000000000000000000, -1.000000000000000000 ) ) ;
#3660 = CARTESIAN_POINT ( 'NONE',  ( 126.2211697014853087, 9.500000000000000000, 159.9717239102517681 ) ) ;
#3661 = MANIFOLD_SOLID_BREP ( 'Boss-Extrude4', #1564 ) ;
#3662 = CARTESIAN_POINT ( 'NONE',  ( 182.5411697017031258, 0.000000000000000000, 163.3000063471202452 ) ) ;
#3663 = DIRECTION ( 'NONE',  ( 0.000000000000000000, -0.000000000000000000, -1.000000000000000000 ) ) ;
#3664 = ORIENTED_EDGE ( 'NONE', *, *, #76, .T. ) ;
#3665 = ORIENTED_EDGE ( 'NONE', *, *, #905, .F. ) ;
#3666 = EDGE_CURVE ( 'NONE', #6788, #1339, #4732, .T. ) ;
#3667 = CARTESIAN_POINT ( 'NONE',  ( 68.26116970192092026, 1.999999999999998224, 58.26711895504224969 ) ) ;
#3668 = DIRECTION ( 'NONE',  ( 0.000000000000000000, 1.000000000000000000, 0.000000000000000000 ) ) ;
#3669 = CARTESIAN_POINT ( 'NONE',  ( 21.91891372578183450, 2.000000000000000000, 97.50188770989295506 ) ) ;
#3670 = FACE_BOUND ( 'NONE', #6501, .T. ) ;
#3671 = LINE ( 'NONE', #2218, #5342 ) ;
#3672 = EDGE_LOOP ( 'NONE', ( #6188, #4010, #3259, #4191 ) ) ;
#3673 = VECTOR ( 'NONE', #216, 1000.000000000000000 ) ;
#3674 = FACE_OUTER_BOUND ( 'NONE', #3595, .T. ) ;
#3675 = DIRECTION ( 'NONE',  ( 0.000000000000000000, 0.000000000000000000, -1.000000000000000000 ) ) ;
#3676 = FACE_OUTER_BOUND ( 'NONE', #4739, .T. ) ;
#3677 = ADVANCED_FACE ( 'NONE', ( #3624 ), #1464, .F. ) ;
#3678 = LINE ( 'NONE', #502, #6546 ) ;
#3679 = CARTESIAN_POINT ( 'NONE',  ( 104.2411697017031003, -26.25789166916415240, 141.7328810449583614 ) ) ;
#3680 = DIRECTION ( 'NONE',  ( 1.214306433183764966E-16, -1.000000000000000000, 4.330091167351559933E-32 ) ) ;
#3681 = ORIENTED_EDGE ( 'NONE', *, *, #1250, .F. ) ;
#3682 = AXIS2_PLACEMENT_3D ( 'NONE', #6700, #5052, #2312 ) ;
#3683 = EDGE_CURVE ( 'NONE', #4224, #4143, #5700, .T. ) ;
#3684 = EDGE_CURVE ( 'NONE', #1575, #1031, #466, .T. ) ;
#3685 = ORIENTED_EDGE ( 'NONE', *, *, #6400, .T. ) ;
#3686 = ORIENTED_EDGE ( 'NONE', *, *, #3683, .F. ) ;
#3687 = DIRECTION ( 'NONE',  ( 0.000000000000000000, 0.000000000000000000, 1.000000000000000000 ) ) ;
#3688 = CIRCLE ( 'NONE', #1868, 4.000000000000031086 ) ;
#3689 = CARTESIAN_POINT ( 'NONE',  ( 68.26116970192092026, 9.500000000000000000, 58.26711895504224969 ) ) ;
#3690 = DIRECTION ( 'NONE',  ( 1.214306433183764966E-16, -1.000000000000000000, 0.000000000000000000 ) ) ;
#3691 = FACE_OUTER_BOUND ( 'NONE', #3166, .T. ) ;
#3692 = EDGE_LOOP ( 'NONE', ( #4129, #5639, #2711, #5389 ) ) ;
#3693 = LINE ( 'NONE', #5874, #793 ) ;
#3694 = EDGE_CURVE ( 'NONE', #2390, #5436, #2986, .T. ) ;
#3695 = VECTOR ( 'NONE', #787, 1000.000000000000000 ) ;
#3696 = EDGE_CURVE ( 'NONE', #4298, #4255, #2446, .T. ) ;
#3697 = EDGE_LOOP ( 'NONE', ( #1510, #3686, #6115, #5574 ) ) ;
#3698 = ORIENTED_EDGE ( 'NONE', *, *, #2811, .F. ) ;
#3699 = DIRECTION ( 'NONE',  ( 1.000000000000000000, 1.214306433183764966E-16, 0.000000000000000000 ) ) ;
#3700 = CARTESIAN_POINT ( 'NONE',  ( 177.5810351238890235, 2.000000000000000000, 137.7328810449583330 ) ) ;
#3701 = VECTOR ( 'NONE', #4075, 1000.000000000000000 ) ;
#3702 = CARTESIAN_POINT ( 'NONE',  ( 104.2411697017031003, 9.500000000000000000, 128.7369805438819697 ) ) ;
#3703 = LINE ( 'NONE', #2520, #903 ) ;
#3704 = ORIENTED_EDGE ( 'NONE', *, *, #1538, .T. ) ;
#3705 = ORIENTED_EDGE ( 'NONE', *, *, #3728, .F. ) ;
#3706 = VECTOR ( 'NONE', #5028, 1000.000000000000000 ) ;
#3707 = DIRECTION ( 'NONE',  ( 0.000000000000000000, 0.000000000000000000, -1.000000000000000000 ) ) ;
#3708 = DIRECTION ( 'NONE',  ( -1.000000000000000000, 0.000000000000000000, 0.000000000000000000 ) ) ;
#3709 = DIRECTION ( 'NONE',  ( 0.000000000000000000, 0.000000000000000000, -1.000000000000000000 ) ) ;
#3710 = CIRCLE ( 'NONE', #2005, 4.000000000000003553 ) ;
#3711 = DIRECTION ( 'NONE',  ( -1.214306433183764966E-16, 1.000000000000000000, -0.000000000000000000 ) ) ;
#3712 = VERTEX_POINT ( 'NONE', #3017 ) ;
#3713 = DIRECTION ( 'NONE',  ( 1.000000000000000000, 1.214306433183763240E-16, 0.000000000000000000 ) ) ;
#3714 = CARTESIAN_POINT ( 'NONE',  ( 45.28116970213874737, 2.000000000000001776, 58.26711895504224969 ) ) ;
#3715 = DIRECTION ( 'NONE',  ( -0.000000000000000000, 0.000000000000000000, -1.000000000000000000 ) ) ;
#3716 = CARTESIAN_POINT ( 'NONE',  ( 50.28116970213873316, -26.25789166916415951, 106.4981376785882219 ) ) ;
#3717 = CARTESIAN_POINT ( 'NONE',  ( 181.5810351238890519, 0.000000000000000000, 141.7328810449583614 ) ) ;
#3718 = DIRECTION ( 'NONE',  ( 1.000000000000000000, 0.000000000000000000, 0.000000000000000000 ) ) ;
#3719 = VERTEX_POINT ( 'NONE', #275 ) ;
#3720 = EDGE_CURVE ( 'NONE', #3934, #1575, #2481, .T. ) ;
#3721 = EDGE_LOOP ( 'NONE', ( #4707, #1079, #3095, #126 ) ) ;
#3722 = VERTEX_POINT ( 'NONE', #5228 ) ;
#3723 = DIRECTION ( 'NONE',  ( -0.000000000000000000, 1.000000000000000000, -0.000000000000000000 ) ) ;
#3724 = VECTOR ( 'NONE', #1752, 1000.000000000000000 ) ;
#3725 = CARTESIAN_POINT ( 'NONE',  ( 73.26116970192092026, -7.723691345436736938E-31, 93.50188770989296927 ) ) ;
#3726 = CYLINDRICAL_SURFACE ( 'NONE', #5770, 4.000000000000003553 ) ;
#3727 = ORIENTED_EDGE ( 'NONE', *, *, #1481, .F. ) ;
#3728 = EDGE_CURVE ( 'NONE', #252, #2930, #3688, .T. ) ;
#3729 = CARTESIAN_POINT ( 'NONE',  ( 182.5411697017031258, 9.500000000000000000, 173.3000063471202452 ) ) ;
#3730 = EDGE_CURVE ( 'NONE', #2433, #4298, #5850, .T. ) ;
#3731 = ORIENTED_EDGE ( 'NONE', *, *, #76, .F. ) ;
#3732 = ORIENTED_EDGE ( 'NONE', *, *, #2089, .F. ) ;
#3733 = LINE ( 'NONE', #977, #6881 ) ;
#3734 = LINE ( 'NONE', #6680, #3778 ) ;
#3735 = AXIS2_PLACEMENT_3D ( 'NONE', #5187, #2017, #375 ) ;
#3736 = DIRECTION ( 'NONE',  ( 1.000000000000000000, 1.214306433183763240E-16, 0.000000000000000000 ) ) ;
#3737 = ORIENTED_EDGE ( 'NONE', *, *, #826, .F. ) ;
#3738 = VECTOR ( 'NONE', #6533, 1000.000000000000000 ) ;
#3739 = DIRECTION ( 'NONE',  ( -1.214306433183764966E-16, 1.000000000000000000, 0.000000000000000000 ) ) ;
#3740 = EDGE_CURVE ( 'NONE', #2226, #2295, #4702, .T. ) ;
#3741 = CARTESIAN_POINT ( 'NONE',  ( 99.24116970170310026, -26.25789166916415240, 163.9717239102513986 ) ) ;
#3742 = CARTESIAN_POINT ( 'NONE',  ( 72.26116970192092026, -7.723691345436736938E-31, 40.02827608974843088 ) ) ;
#3743 = FACE_BOUND ( 'NONE', #1193, .T. ) ;
#3744 = CARTESIAN_POINT ( 'NONE',  ( 177.5912666817638126, 2.000000000000000000, 102.4981376785883072 ) ) ;
#3745 = VERTEX_POINT ( 'NONE', #3800 ) ;
#3746 = CARTESIAN_POINT ( 'NONE',  ( 45.28116970213873316, 9.500000000000000000, 58.26711895504224259 ) ) ;
#3747 = CARTESIAN_POINT ( 'NONE',  ( 177.5912666817638126, 2.000000000000000000, 102.4981376785883072 ) ) ;
#3748 = CARTESIAN_POINT ( 'NONE',  ( 158.2011697012675882, 5.000000000000010658, 62.26711895504224969 ) ) ;
#3749 = CARTESIAN_POINT ( 'NONE',  ( 131.2211697014853087, 9.500000000000000000, 93.50188770989299769 ) ) ;
#3750 = CARTESIAN_POINT ( 'NONE',  ( 126.2211697014853087, 9.500000000000000000, 93.50188770989299769 ) ) ;
#3751 = AXIS2_PLACEMENT_3D ( 'NONE', #3971, #3308, #6138 ) ;
#3752 = DIRECTION ( 'NONE',  ( 1.214306433183764966E-16, -1.000000000000000000, 0.000000000000000000 ) ) ;
#3753 = ORIENTED_EDGE ( 'NONE', *, *, #5144, .T. ) ;
#3754 = EDGE_CURVE ( 'NONE', #5975, #4397, #5619, .T. ) ;
#3755 = AXIS2_PLACEMENT_3D ( 'NONE', #5307, #3172, #4746 ) ;
#3756 = ORIENTED_EDGE ( 'NONE', *, *, #1265, .T. ) ;
#3757 = ORIENTED_EDGE ( 'NONE', *, *, #2209, .F. ) ;
#3758 = CARTESIAN_POINT ( 'NONE',  ( 181.5912666817638126, 2.000000000000000000, 58.26711895504225680 ) ) ;
#3759 = CARTESIAN_POINT ( 'NONE',  ( 73.26116970192092026, 2.000000000000000000, 58.26711895504224969 ) ) ;
#3760 = DIRECTION ( 'NONE',  ( -0.000000000000000000, 1.000000000000000000, -0.000000000000000000 ) ) ;
#3761 = FACE_OUTER_BOUND ( 'NONE', #2740, .T. ) ;
#3762 = ORIENTED_EDGE ( 'NONE', *, *, #2732, .T. ) ;
#3763 = AXIS2_PLACEMENT_3D ( 'NONE', #3164, #1014, #5333 ) ;
#3764 = PLANE ( 'NONE',  #1593 ) ;
#3765 = CIRCLE ( 'NONE', #4679, 4.000000000000003553 ) ;
#3766 = ORIENTED_EDGE ( 'NONE', *, *, #6740, .F. ) ;
#3767 = PLANE ( 'NONE',  #6088 ) ;
#3768 = FACE_OUTER_BOUND ( 'NONE', #6764, .T. ) ;
#3769 = VECTOR ( 'NONE', #3256, 1000.000000000000000 ) ;
#3770 = EDGE_LOOP ( 'NONE', ( #1283, #5198, #1946, #1248 ) ) ;
#3771 = ADVANCED_FACE ( 'NONE', ( #1502 ), #562, .F. ) ;
#3772 = ADVANCED_FACE ( 'NONE', ( #2174 ), #6446, .F. ) ;
#3773 = FACE_OUTER_BOUND ( 'NONE', #373, .T. ) ;
#3774 = CIRCLE ( 'NONE', #5027, 4.000000000000003553 ) ;
#3775 = DIRECTION ( 'NONE',  ( 1.000000000000000000, 0.000000000000000000, 0.000000000000000000 ) ) ;
#3776 = CARTESIAN_POINT ( 'NONE',  ( 41.28116970213874026, 2.000000000000001776, 128.7369805438819981 ) ) ;
#3777 = CARTESIAN_POINT ( 'NONE',  ( 99.24116970170310026, 9.500000000000000000, 124.7369805438819697 ) ) ;
#3778 = VECTOR ( 'NONE', #1542, 1000.000000000000000 ) ;
#3779 = CARTESIAN_POINT ( 'NONE',  ( 149.2011697012675597, 9.500000000000000000, 106.4981376785883072 ) ) ;
#3780 = EDGE_CURVE ( 'NONE', #785, #5104, #2622, .T. ) ;
#3781 = ORIENTED_EDGE ( 'NONE', *, *, #4595, .F. ) ;
#3782 = PLANE ( 'NONE',  #2618 ) ;
#3783 = CARTESIAN_POINT ( 'NONE',  ( 21.91891372578183450, 9.500000000000000000, 159.9717492987328171 ) ) ;
#3784 = CARTESIAN_POINT ( 'NONE',  ( 181.5912666817638126, 0.000000000000000000, 58.26711895504225680 ) ) ;
#3785 = PLANE ( 'NONE',  #59 ) ;
#3786 = ORIENTED_EDGE ( 'NONE', *, *, #39, .T. ) ;
#3787 = AXIS2_PLACEMENT_3D ( 'NONE', #2315, #720, #1297 ) ;
#3788 = ORIENTED_EDGE ( 'NONE', *, *, #6300, .F. ) ;
#3789 = ORIENTED_EDGE ( 'NONE', *, *, #4193, .T. ) ;
#3790 = CARTESIAN_POINT ( 'NONE',  ( 68.26116970192092026, 2.000000000000000000, 75.26304484459959099 ) ) ;
#3791 = DIRECTION ( 'NONE',  ( 1.214306433183764966E-16, -1.000000000000000000, 0.000000000000000000 ) ) ;
#3792 = CARTESIAN_POINT ( 'NONE',  ( 182.5411697017031258, 2.000000000000000000, 163.3000063471202452 ) ) ;
#3793 = AXIS2_PLACEMENT_3D ( 'NONE', #1399, #4126, #6304 ) ;
#3794 = LINE ( 'NONE', #25, #2838 ) ;
#3795 = ORIENTED_EDGE ( 'NONE', *, *, #4926, .F. ) ;
#3796 = CYLINDRICAL_SURFACE ( 'NONE', #667, 4.000000000000003553 ) ;
#3797 = EDGE_LOOP ( 'NONE', ( #6579, #6322, #1320, #2761 ) ) ;
#3798 = VERTEX_POINT ( 'NONE', #5879 ) ;
#3799 = VERTEX_POINT ( 'NONE', #2727 ) ;
#3800 = CARTESIAN_POINT ( 'NONE',  ( 131.2211697014853087, 2.000000000000000000, 128.7369805438819697 ) ) ;
#3801 = DIRECTION ( 'NONE',  ( -0.000000000000000000, 1.000000000000000000, -0.000000000000000000 ) ) ;
#3802 = AXIS2_PLACEMENT_3D ( 'NONE', #6408, #6980, #6545 ) ;
#3803 = VECTOR ( 'NONE', #2260, 1000.000000000000000 ) ;
#3804 = ORIENTED_EDGE ( 'NONE', *, *, #6256, .T. ) ;
#3805 = DIRECTION ( 'NONE',  ( -1.214306433183764966E-16, 1.000000000000000000, 0.000000000000000000 ) ) ;
#3806 = AXIS2_PLACEMENT_3D ( 'NONE', #933, #823, #4050 ) ;
#3807 = FACE_OUTER_BOUND ( 'NONE', #3358, .T. ) ;
#3808 = CARTESIAN_POINT ( 'NONE',  ( 17.91893948763057054, 0.000000000000000000, 58.26711895504225680 ) ) ;
#3809 = DIRECTION ( 'NONE',  ( -1.214306433183764966E-16, 1.000000000000000000, -8.660182334703126435E-32 ) ) ;
#3810 = DIRECTION ( 'NONE',  ( 1.214306433183764966E-16, -1.000000000000000000, -2.165045941964102761E-32 ) ) ;
#3811 = EDGE_CURVE ( 'NONE', #2521, #1024, #3733, .T. ) ;
#3812 = ADVANCED_FACE ( 'NONE', ( #5987 ), #5918, .F. ) ;
#3813 = LINE ( 'NONE', #7070, #5923 ) ;
#3814 = ORIENTED_EDGE ( 'NONE', *, *, #6329, .T. ) ;
#3815 = VECTOR ( 'NONE', #1740, 1000.000000000000000 ) ;
#3816 = LINE ( 'NONE', #3312, #3706 ) ;
#3817 = CARTESIAN_POINT ( 'NONE',  ( 122.2211697014853229, 9.500000000000000000, 71.26304484459957678 ) ) ;
#3818 = CARTESIAN_POINT ( 'NONE',  ( 73.26116970192092026, 9.500000000000000000, 58.26711895504224259 ) ) ;
#3819 = ORIENTED_EDGE ( 'NONE', *, *, #873, .F. ) ;
#3820 = PRODUCT_DEFINITION_CONTEXT ( 'detailed design', #4369, 'design' ) ;
#3821 = AXIS2_PLACEMENT_3D ( 'NONE', #222, #765, #4131 ) ;
#3822 = VERTEX_POINT ( 'NONE', #6018 ) ;
#3823 = FACE_OUTER_BOUND ( 'NONE', #4407, .T. ) ;
#3824 = ORIENTED_EDGE ( 'NONE', *, *, #6283, .F. ) ;
#3825 = CARTESIAN_POINT ( 'NONE',  ( 153.2011697012675597, -3.871831456662263918E-31, 40.02827608974848062 ) ) ;
#3826 = DIRECTION ( 'NONE',  ( 0.000000000000000000, -0.000000000000000000, -1.000000000000000000 ) ) ;
#3827 = EDGE_CURVE ( 'NONE', #4146, #6724, #2543, .T. ) ;
#3828 = CARTESIAN_POINT ( 'NONE',  ( 177.5912666817638126, 2.000000000000000000, 102.4981376785883072 ) ) ;
#3829 = ORIENTED_EDGE ( 'NONE', *, *, #427, .F. ) ;
#3830 = CARTESIAN_POINT ( 'NONE',  ( 126.2211697014853087, 1.999999999999998224, 93.50188770989299769 ) ) ;
#3831 = ORIENTED_EDGE ( 'NONE', *, *, #7067, .F. ) ;
#3832 = ORIENTED_EDGE ( 'NONE', *, *, #2505, .T. ) ;
#3833 = VERTEX_POINT ( 'NONE', #4373 ) ;
#3834 = DIRECTION ( 'NONE',  ( 1.214306433183764966E-16, -1.000000000000000000, 8.660182334703126435E-32 ) ) ;
#3835 = PLANE ( 'NONE',  #1462 ) ;
#3836 = VECTOR ( 'NONE', #2688, 1000.000000000000000 ) ;
#3837 = ADVANCED_FACE ( 'NONE', ( #3160 ), #5402, .F. ) ;
#3838 = AXIS2_PLACEMENT_3D ( 'NONE', #1234, #1165, #577 ) ;
#3839 = DIRECTION ( 'NONE',  ( 1.214306433183764966E-16, -1.000000000000000000, 4.330091167351559933E-32 ) ) ;
#3840 = DIRECTION ( 'NONE',  ( 1.214306433183764966E-16, -1.000000000000000000, 0.000000000000000000 ) ) ;
#3841 = EDGE_CURVE ( 'NONE', #1528, #3044, #3454, .T. ) ;
#3842 = CARTESIAN_POINT ( 'NONE',  ( 50.28116970213873316, -26.25789166916415951, 75.26304484459959099 ) ) ;
#3843 = CIRCLE ( 'NONE', #3735, 3.999999999999948042 ) ;
#3844 = ORIENTED_EDGE ( 'NONE', *, *, #2504, .F. ) ;
#3845 = DIRECTION ( 'NONE',  ( 0.0005581709247440136542, 0.000000000000000000, 0.9999998442225971340 ) ) ;
#3846 = EDGE_CURVE ( 'NONE', #2557, #877, #5366, .T. ) ;
#3847 = ORIENTED_EDGE ( 'NONE', *, *, #3694, .F. ) ;
#3848 = ADVANCED_FACE ( 'NONE', ( #1081 ), #3767, .F. ) ;
#3849 = CARTESIAN_POINT ( 'NONE',  ( 72.26116970192092026, 1.999999999999998224, 124.7369805438819981 ) ) ;
#3850 = PLANE ( 'NONE',  #4144 ) ;
#3851 = FACE_OUTER_BOUND ( 'NONE', #3507, .T. ) ;
#3852 = ORIENTED_EDGE ( 'NONE', *, *, #4642, .F. ) ;
#3853 = ORIENTED_EDGE ( 'NONE', *, *, #1088, .F. ) ;
#3854 = EDGE_CURVE ( 'NONE', #5456, #3258, #5438, .T. ) ;
#3855 = ORIENTED_EDGE ( 'NONE', *, *, #3049, .F. ) ;
#3856 = LINE ( 'NONE', #1782, #2466 ) ;
#3857 = DIRECTION ( 'NONE',  ( 0.000000000000000000, 0.000000000000000000, 1.000000000000000000 ) ) ;
#3858 = DIRECTION ( 'NONE',  ( -1.000000000000000000, -1.214306433183764966E-16, 0.000000000000000000 ) ) ;
#3859 = EDGE_CURVE ( 'NONE', #2803, #2905, #5862, .T. ) ;
#3860 = DIRECTION ( 'NONE',  ( -1.214306433183764966E-16, 1.000000000000000000, -0.000000000000000000 ) ) ;
#3861 = DIRECTION ( 'NONE',  ( 0.000000000000000000, 0.000000000000000000, 1.000000000000000000 ) ) ;
#3862 = ORIENTED_EDGE ( 'NONE', *, *, #3988, .T. ) ;
#3863 = DIRECTION ( 'NONE',  ( 0.0005581717017172993858, 0.000000000000000000, 0.9999998442221635919 ) ) ;
#3864 = VECTOR ( 'NONE', #4868, 1000.000000000000000 ) ;
#3865 = ORIENTED_EDGE ( 'NONE', *, *, #1149, .T. ) ;
#3866 = VERTEX_POINT ( 'NONE', #5330 ) ;
#3867 = VERTEX_POINT ( 'NONE', #1112 ) ;
#3868 = DIRECTION ( 'NONE',  ( 0.000000000000000000, 0.000000000000000000, -1.000000000000000000 ) ) ;
#3869 = AXIS2_PLACEMENT_3D ( 'NONE', #3842, #2285, #4883 ) ;
#3870 = LINE ( 'NONE', #1877, #5129 ) ;
#3871 = ORIENTED_EDGE ( 'NONE', *, *, #325, .T. ) ;
#3872 = AXIS2_PLACEMENT_3D ( 'NONE', #721, #5094, #2381 ) ;
#3873 = CARTESIAN_POINT ( 'NONE',  ( 177.5810351238890235, 2.000000000000000000, 137.7328810449583330 ) ) ;
#3874 = FACE_OUTER_BOUND ( 'NONE', #3200, .T. ) ;
#3875 = CARTESIAN_POINT ( 'NONE',  ( 126.2211697014853087, 1.999999999999998224, 124.7369805438819839 ) ) ;
#3876 = CARTESIAN_POINT ( 'NONE',  ( 177.5810351238888813, 2.000000000000000000, 71.26304484459957678 ) ) ;
#3877 = CARTESIAN_POINT ( 'NONE',  ( 131.2211697014853087, 9.500000000000000000, 62.26711895504224969 ) ) ;
#3878 = VECTOR ( 'NONE', #3675, 1000.000000000000000 ) ;
#3879 = DIRECTION ( 'NONE',  ( 0.000000000000000000, 0.000000000000000000, -1.000000000000000000 ) ) ;
#3880 = EDGE_LOOP ( 'NONE', ( #7016, #4441, #3621, #6899 ) ) ;
#3881 = AXIS2_PLACEMENT_3D ( 'NONE', #3486, #1188, #5548 ) ;
#3882 = LINE ( 'NONE', #50, #3815 ) ;
#3883 = CARTESIAN_POINT ( 'NONE',  ( 41.28116970213874026, 2.000000000000001776, 159.9717239102517681 ) ) ;
#3884 = CARTESIAN_POINT ( 'NONE',  ( 21.91893948763057409, 9.500000000000000000, 128.7369805438819981 ) ) ;
#3885 = ORIENTED_EDGE ( 'NONE', *, *, #1517, .F. ) ;
#3886 = VECTOR ( 'NONE', #2826, 1000.000000000000000 ) ;
#3887 = EDGE_CURVE ( 'NONE', #3932, #3799, #1653, .T. ) ;
#3888 = ORIENTED_EDGE ( 'NONE', *, *, #3740, .F. ) ;
#3889 = ORIENTED_EDGE ( 'NONE', *, *, #5829, .T. ) ;
#3890 = DIRECTION ( 'NONE',  ( 0.000000000000000000, 0.000000000000000000, -1.000000000000000000 ) ) ;
#3891 = LINE ( 'NONE', #1206, #362 ) ;
#3892 = DIRECTION ( 'NONE',  ( 6.240319029684725998E-16, 0.000000000000000000, -1.000000000000000000 ) ) ;
#3893 = CARTESIAN_POINT ( 'NONE',  ( 17.90873331823641834, 9.500000000000000000, 141.7328810449583614 ) ) ;
#3894 = DIRECTION ( 'NONE',  ( 0.000000000000000000, 0.000000000000000000, -1.000000000000000000 ) ) ;
#3895 = ORIENTED_EDGE ( 'NONE', *, *, #408, .T. ) ;
#3896 = EDGE_CURVE ( 'NONE', #69, #3048, #3296, .T. ) ;
#3897 = EDGE_CURVE ( 'NONE', #1111, #724, #7007, .T. ) ;
#3898 = ORIENTED_EDGE ( 'NONE', *, *, #4667, .F. ) ;
#3899 = ORIENTED_EDGE ( 'NONE', *, *, #4553, .T. ) ;
#3900 = ORIENTED_EDGE ( 'NONE', *, *, #4740, .T. ) ;
#3901 = AXIS2_PLACEMENT_3D ( 'NONE', #3205, #2284, #2213 ) ;
#3902 = LINE ( 'NONE', #5014, #20 ) ;
#3903 = DIRECTION ( 'NONE',  ( -0.000000000000000000, 0.000000000000000000, 1.000000000000000000 ) ) ;
#3904 = AXIS2_PLACEMENT_3D ( 'NONE', #2749, #3320, #5493 ) ;
#3905 = ORIENTED_EDGE ( 'NONE', *, *, #5336, .F. ) ;
#3906 = DIRECTION ( 'NONE',  ( 0.000000000000000000, 0.000000000000000000, -1.000000000000000000 ) ) ;
#3907 = CARTESIAN_POINT ( 'NONE',  ( 131.2211697014853087, 0.000000000000000000, 71.26304484459957678 ) ) ;
#3908 = AXIS2_PLACEMENT_3D ( 'NONE', #4483, #3943, #5088 ) ;
#3909 = CARTESIAN_POINT ( 'NONE',  ( 158.2011697012675882, 0.000000000000000000, 36.02827608974848772 ) ) ;
#3910 = DIRECTION ( 'NONE',  ( 0.000000000000000000, -0.000000000000000000, -1.000000000000000000 ) ) ;
#3911 = CIRCLE ( 'NONE', #5394, 4.000000000000003553 ) ;
#3912 = LINE ( 'NONE', #1624, #2964 ) ;
#3913 = ADVANCED_FACE ( 'NONE', ( #1285 ), #6691, .F. ) ;
#3914 = ORIENTED_EDGE ( 'NONE', *, *, #2219, .T. ) ;
#3915 = AXIS2_PLACEMENT_3D ( 'NONE', #6582, #2834, #6194 ) ;
#3916 = CARTESIAN_POINT ( 'NONE',  ( 95.24116970170310026, 4.999999999999999112, 102.4981376785882645 ) ) ;
#3917 = LINE ( 'NONE', #6099, #5023 ) ;
#3918 = CARTESIAN_POINT ( 'NONE',  ( 122.2211697014853087, 2.000000000000000000, 75.26304484459959099 ) ) ;
#3919 = CYLINDRICAL_SURFACE ( 'NONE', #1628, 4.000000000000003553 ) ;
#3920 = CARTESIAN_POINT ( 'NONE',  ( 177.5912666817638126, 0.000000000000000000, 36.02827608974849483 ) ) ;
#3921 = ADVANCED_FACE ( 'NONE', ( #632 ), #6084, .F. ) ;
#3922 = AXIS2_PLACEMENT_3D ( 'NONE', #1239, #6679, #5460 ) ;
#3923 = ORIENTED_EDGE ( 'NONE', *, *, #2722, .F. ) ;
#3924 = AXIS2_PLACEMENT_3D ( 'NONE', #924, #1596, #7003 ) ;
#3925 = EDGE_CURVE ( 'NONE', #1168, #4265, #3902, .T. ) ;
#3926 = ORIENTED_EDGE ( 'NONE', *, *, #6336, .F. ) ;
#3927 = LINE ( 'NONE', #3825, #6455 ) ;
#3928 = DIRECTION ( 'NONE',  ( -1.214306433183764966E-16, 1.000000000000000000, -0.000000000000000000 ) ) ;
#3929 = FACE_OUTER_BOUND ( 'NONE', #2382, .T. ) ;
#3930 = LINE ( 'NONE', #6111, #616 ) ;
#3931 = PLANE ( 'NONE',  #3639 ) ;
#3932 = VERTEX_POINT ( 'NONE', #4546 ) ;
#3933 = VECTOR ( 'NONE', #4238, 1000.000000000000000 ) ;
#3934 = VERTEX_POINT ( 'NONE', #104 ) ;
#3935 = ORIENTED_EDGE ( 'NONE', *, *, #5323, .T. ) ;
#3936 = ORIENTED_EDGE ( 'NONE', *, *, #5676, .T. ) ;
#3937 = AXIS2_PLACEMENT_3D ( 'NONE', #2772, #1222, #529 ) ;
#3938 = EDGE_CURVE ( 'NONE', #3655, #5102, #4263, .T. ) ;
#3939 = FACE_OUTER_BOUND ( 'NONE', #3216, .T. ) ;
#3940 = EDGE_CURVE ( 'NONE', #2747, #2299, #6051, .T. ) ;
#3941 = CARTESIAN_POINT ( 'NONE',  ( 104.2411697017031003, 2.000000000000001776, 102.4981376785882645 ) ) ;
#3942 = VERTEX_POINT ( 'NONE', #1794 ) ;
#3943 = DIRECTION ( 'NONE',  ( 0.000000000000000000, 1.000000000000000000, 0.000000000000000000 ) ) ;
#3944 = LINE ( 'NONE', #214, #6850 ) ;
#3945 = AXIS2_PLACEMENT_3D ( 'NONE', #7082, #3284, #129 ) ;
#3946 = CIRCLE ( 'NONE', #6917, 4.000000000000003553 ) ;
#3947 = CARTESIAN_POINT ( 'NONE',  ( 45.28116970213874026, -26.25789166916415951, 102.4981376785893161 ) ) ;
#3948 = CARTESIAN_POINT ( 'NONE',  ( 46.28116970213873316, 9.500000000000000000, 159.9717239102517681 ) ) ;
#3949 = CARTESIAN_POINT ( 'NONE',  ( 104.2411697017031003, 0.000000000000000000, 137.7328810449583330 ) ) ;
#3950 = ORIENTED_EDGE ( 'NONE', *, *, #6967, .F. ) ;
#3951 = ORIENTED_EDGE ( 'NONE', *, *, #2950, .F. ) ;
#3952 = EDGE_CURVE ( 'NONE', #5868, #6650, #5510, .T. ) ;
#3953 = AXIS2_PLACEMENT_3D ( 'NONE', #4719, #6255, #6321 ) ;
#3954 = DIRECTION ( 'NONE',  ( 0.000000000000000000, 1.000000000000000000, 0.000000000000000000 ) ) ;
#3955 = ADVANCED_FACE ( 'NONE', ( #3939 ), #3974, .F. ) ;
#3956 = CYLINDRICAL_SURFACE ( 'NONE', #6323, 4.000000000000003553 ) ;
#3957 = LINE ( 'NONE', #3029, #2550 ) ;
#3958 = ADVANCED_FACE ( 'NONE', ( #4983 ), #2342, .F. ) ;
#3959 = DIRECTION ( 'NONE',  ( 0.000000000000000000, 0.000000000000000000, 1.000000000000000000 ) ) ;
#3960 = VECTOR ( 'NONE', #5512, 1000.000000000000000 ) ;
#3961 = VECTOR ( 'NONE', #5531, 1000.000000000000000 ) ;
#3962 = ORIENTED_EDGE ( 'NONE', *, *, #5155, .T. ) ;
#3963 = DIRECTION ( 'NONE',  ( -1.214306433183764966E-16, 1.000000000000000000, 0.000000000000000000 ) ) ;
#3964 = ORIENTED_EDGE ( 'NONE', *, *, #1066, .F. ) ;
#3965 = DIRECTION ( 'NONE',  ( 0.000000000000000000, 0.000000000000000000, -1.000000000000000000 ) ) ;
#3966 = CARTESIAN_POINT ( 'NONE',  ( 122.2211697014853087, 9.500000000000000000, 58.26711895504224969 ) ) ;
#3967 = CARTESIAN_POINT ( 'NONE',  ( 182.5411697017030974, 0.000000000000000000, 26.70000634712027221 ) ) ;
#3968 = CARTESIAN_POINT ( 'NONE',  ( 21.91891372578183450, 2.000000000000000000, 102.4981376785882077 ) ) ;
#3969 = DIRECTION ( 'NONE',  ( 0.000000000000000000, 1.000000000000000000, 0.000000000000000000 ) ) ;
#3970 = ORIENTED_EDGE ( 'NONE', *, *, #336, .T. ) ;
#3971 = CARTESIAN_POINT ( 'NONE',  ( 122.2211697014853087, 9.500000000000000000, 40.02827608974846640 ) ) ;
#3972 = VERTEX_POINT ( 'NONE', #1247 ) ;
#3973 = ORIENTED_EDGE ( 'NONE', *, *, #3623, .F. ) ;
#3974 = PLANE ( 'NONE',  #4720 ) ;
#3975 = ORIENTED_EDGE ( 'NONE', *, *, #1009, .F. ) ;
#3976 = AXIS2_PLACEMENT_3D ( 'NONE', #4008, #1279, #3471 ) ;
#3977 = CARTESIAN_POINT ( 'NONE',  ( 68.26116970192092026, -1.327478158566790924E-14, 75.26304484459959099 ) ) ;
#3978 = ORIENTED_EDGE ( 'NONE', *, *, #3525, .T. ) ;
#3979 = AXIS2_PLACEMENT_3D ( 'NONE', #2111, #3099, #2527 ) ;
#3980 = CIRCLE ( 'NONE', #3533, 4.000000000000003553 ) ;
#3981 = VERTEX_POINT ( 'NONE', #3371 ) ;
#3982 = CARTESIAN_POINT ( 'NONE',  ( 72.26116970192092026, 9.500000000000000000, 58.26711895504224259 ) ) ;
#3983 = DIRECTION ( 'NONE',  ( 1.214306433183764966E-16, -1.000000000000000000, -0.000000000000000000 ) ) ;
#3984 = CYLINDRICAL_SURFACE ( 'NONE', #4742, 4.000000000000003553 ) ;
#3985 = DIRECTION ( 'NONE',  ( 1.214306433183764966E-16, -1.000000000000000000, 0.000000000000000000 ) ) ;
#3986 = CARTESIAN_POINT ( 'NONE',  ( 17.91891372578183805, 9.500000000000000000, 93.50188770989296927 ) ) ;
#3987 = AXIS2_PLACEMENT_3D ( 'NONE', #3132, #4233, #2067 ) ;
#3988 = EDGE_CURVE ( 'NONE', #2829, #521, #2945, .T. ) ;
#3989 = ORIENTED_EDGE ( 'NONE', *, *, #5936, .F. ) ;
#3990 = ORIENTED_EDGE ( 'NONE', *, *, #3554, .T. ) ;
#3991 = EDGE_CURVE ( 'NONE', #1457, #2060, #3439, .T. ) ;
#3992 = CARTESIAN_POINT ( 'NONE',  ( 149.2011697012675597, 9.500000000000000000, 124.7369805438819697 ) ) ;
#3993 = AXIS2_PLACEMENT_3D ( 'NONE', #2007, #5857, #5819 ) ;
#3994 = DIRECTION ( 'NONE',  ( 1.214306433183764966E-16, -1.000000000000000000, 0.000000000000000000 ) ) ;
#3995 = CARTESIAN_POINT ( 'NONE',  ( 41.28116970213874026, 9.500000000000000000, 36.02827608974841667 ) ) ;
#3996 = EDGE_CURVE ( 'NONE', #5687, #14, #5624, .T. ) ;
#3997 = EDGE_CURVE ( 'NONE', #6441, #3192, #3402, .T. ) ;
#3998 = VECTOR ( 'NONE', #796, 1000.000000000000000 ) ;
#3999 = ORIENTED_EDGE ( 'NONE', *, *, #4689, .F. ) ;
#4000 = CARTESIAN_POINT ( 'NONE',  ( 17.91891372578179187, 0.000000000000000000, 159.9717492987328171 ) ) ;
#4001 = VERTEX_POINT ( 'NONE', #6654 ) ;
#4002 = LINE ( 'NONE', #5748, #5552 ) ;
#4003 = DIRECTION ( 'NONE',  ( 1.214306433183764966E-16, -1.000000000000000000, -0.000000000000000000 ) ) ;
#4004 = DIRECTION ( 'NONE',  ( -0.000000000000000000, 1.000000000000000000, -0.000000000000000000 ) ) ;
#4005 = CARTESIAN_POINT ( 'NONE',  ( 41.28116970213874026, 2.000000000000001776, 58.26711895504224969 ) ) ;
#4006 = PLANE ( 'NONE',  #199 ) ;
#4007 = EDGE_CURVE ( 'NONE', #4397, #6511, #1759, .T. ) ;
#4008 = CARTESIAN_POINT ( 'NONE',  ( 41.28116970213874026, -26.25789166916415951, 58.26711895504224969 ) ) ;
#4009 = ORIENTED_EDGE ( 'NONE', *, *, #5418, .F. ) ;
#4010 = ORIENTED_EDGE ( 'NONE', *, *, #6390, .F. ) ;
#4011 = CARTESIAN_POINT ( 'NONE',  ( 41.28116970213874026, 9.500000000000000000, 62.26711895504224969 ) ) ;
#4012 = FACE_OUTER_BOUND ( 'NONE', #6542, .T. ) ;
#4013 = EDGE_LOOP ( 'NONE', ( #5530, #3307, #6706, #3853 ) ) ;
#4014 = FACE_OUTER_BOUND ( 'NONE', #1491, .T. ) ;
#4015 = ADVANCED_FACE ( 'NONE', ( #4012 ), #5576, .F. ) ;
#4016 = ORIENTED_EDGE ( 'NONE', *, *, #5556, .T. ) ;
#4017 = VECTOR ( 'NONE', #3236, 1000.000000000000000 ) ;
#4018 = LINE ( 'NONE', #6200, #7042 ) ;
#4019 = EDGE_LOOP ( 'NONE', ( #6297, #5111, #1425, #31 ) ) ;
#4020 = FACE_OUTER_BOUND ( 'NONE', #6716, .T. ) ;
#4021 = FACE_OUTER_BOUND ( 'NONE', #6968, .T. ) ;
#4022 = DIRECTION ( 'NONE',  ( 0.000000000000000000, 0.000000000000000000, -1.000000000000000000 ) ) ;
#4023 = FACE_OUTER_BOUND ( 'NONE', #2952, .T. ) ;
#4024 = DIRECTION ( 'NONE',  ( 0.000000000000000000, 0.000000000000000000, -1.000000000000000000 ) ) ;
#4025 = ORIENTED_EDGE ( 'NONE', *, *, #508, .T. ) ;
#4026 = EDGE_LOOP ( 'NONE', ( #3452, #4047, #2472, #1101, #581, #3231, #5952, #5378 ) ) ;
#4027 = ADVANCED_FACE ( 'NONE', ( #5656 ), #2369, .F. ) ;
#4028 = AXIS2_PLACEMENT_3D ( 'NONE', #3495, #766, #5136 ) ;
#4029 = EDGE_CURVE ( 'NONE', #1530, #4328, #205, .T. ) ;
#4030 = DIRECTION ( 'NONE',  ( 1.000000000000000000, 0.000000000000000000, 0.000000000000000000 ) ) ;
#4031 = EDGE_CURVE ( 'NONE', #4859, #4589, #6763, .T. ) ;
#4032 = EDGE_CURVE ( 'NONE', #5102, #6794, #6327, .T. ) ;
#4033 = AXIS2_PLACEMENT_3D ( 'NONE', #5322, #3791, #4794 ) ;
#4034 = AXIS2_PLACEMENT_3D ( 'NONE', #6380, #1020, #987 ) ;
#4035 = ORIENTED_EDGE ( 'NONE', *, *, #4202, .T. ) ;
#4036 = DIRECTION ( 'NONE',  ( -0.000000000000000000, 1.000000000000000000, -0.000000000000000000 ) ) ;
#4037 = ORIENTED_EDGE ( 'NONE', *, *, #789, .F. ) ;
#4038 = CARTESIAN_POINT ( 'NONE',  ( 154.2011697012675597, 2.000000000000001776, 106.4981376785883072 ) ) ;
#4039 = AXIS2_PLACEMENT_3D ( 'NONE', #6937, #5908, #3826 ) ;
#4040 = PLANE ( 'NONE',  #2224 ) ;
#4041 = DIRECTION ( 'NONE',  ( 1.214306433183764966E-16, -1.000000000000000000, 7.577659542865232346E-32 ) ) ;
#4042 = CARTESIAN_POINT ( 'NONE',  ( 21.90466215730799249, 2.000000000000000000, 163.9717239102517681 ) ) ;
#4043 = LINE ( 'NONE', #164, #6834 ) ;
#4044 = ORIENTED_EDGE ( 'NONE', *, *, #3311, .F. ) ;
#4045 = CIRCLE ( 'NONE', #4844, 4.000000000000003553 ) ;
#4046 = ORIENTED_EDGE ( 'NONE', *, *, #6614, .T. ) ;
#4047 = ORIENTED_EDGE ( 'NONE', *, *, #3996, .T. ) ;
#4048 = EDGE_LOOP ( 'NONE', ( #5058, #3732, #2646, #771 ) ) ;
#4049 = CARTESIAN_POINT ( 'NONE',  ( 182.5411697017030974, 0.000000000000000000, 26.70000634712027221 ) ) ;
#4050 = DIRECTION ( 'NONE',  ( -1.000000000000000000, 0.000000000000000000, 0.000000000000000000 ) ) ;
#4051 = AXIS2_PLACEMENT_3D ( 'NONE', #494, #3268, #5410 ) ;
#4052 = ORIENTED_EDGE ( 'NONE', *, *, #6916, .T. ) ;
#4053 = DIRECTION ( 'NONE',  ( -0.000000000000000000, 1.000000000000000000, -0.000000000000000000 ) ) ;
#4054 = AXIS2_PLACEMENT_3D ( 'NONE', #3120, #3522, #2448 ) ;
#4055 = ORIENTED_EDGE ( 'NONE', *, *, #4963, .F. ) ;
#4056 = EDGE_CURVE ( 'NONE', #3942, #2220, #5399, .T. ) ;
#4057 = PLANE ( 'NONE',  #6422 ) ;
#4058 = DIRECTION ( 'NONE',  ( -0.000000000000000000, 1.000000000000000000, -0.000000000000000000 ) ) ;
#4059 = LINE ( 'NONE', #6239, #607 ) ;
#4060 = LINE ( 'NONE', #2843, #2762 ) ;
#4061 = CARTESIAN_POINT ( 'NONE',  ( 149.2011697012675597, 4.999999999999999112, 137.7328810449583330 ) ) ;
#4062 = EDGE_CURVE ( 'NONE', #1635, #2924, #4727, .T. ) ;
#4063 = ORIENTED_EDGE ( 'NONE', *, *, #989, .T. ) ;
#4064 = ORIENTED_EDGE ( 'NONE', *, *, #4595, .T. ) ;
#4065 = CIRCLE ( 'NONE', #2468, 4.000000000000003553 ) ;
#4066 = ADVANCED_FACE ( 'NONE', ( #4116 ), #6294, .F. ) ;
#4067 = LINE ( 'NONE', #5674, #4965 ) ;
#4068 = DIRECTION ( 'NONE',  ( 0.000000000000000000, 0.000000000000000000, -1.000000000000000000 ) ) ;
#4069 = AXIS2_PLACEMENT_3D ( 'NONE', #3003, #5785, #1379 ) ;
#4070 = ORIENTED_EDGE ( 'NONE', *, *, #1180, .F. ) ;
#4071 = LINE ( 'NONE', #1308, #5271 ) ;
#4072 = VERTEX_POINT ( 'NONE', #3119 ) ;
#4073 = DIRECTION ( 'NONE',  ( 1.000000000000000000, 0.000000000000000000, 3.565896588391270872E-16 ) ) ;
#4074 = AXIS2_PLACEMENT_3D ( 'NONE', #4688, #3075, #2467 ) ;
#4075 = DIRECTION ( 'NONE',  ( -1.214306433183764966E-16, 1.000000000000000000, -7.577659542865232346E-32 ) ) ;
#4076 = CARTESIAN_POINT ( 'NONE',  ( 104.2411697017031003, 2.000000000000000000, 163.9717239102517681 ) ) ;
#4077 = LINE ( 'NONE', #3040, #5098 ) ;
#4078 = AXIS2_PLACEMENT_3D ( 'NONE', #5976, #2649, #4219 ) ;
#4079 = EDGE_CURVE ( 'NONE', #1757, #3009, #238, .T. ) ;
#4080 = ORIENTED_EDGE ( 'NONE', *, *, #5913, .T. ) ;
#4081 = EDGE_LOOP ( 'NONE', ( #3852, #5004, #5580, #3436 ) ) ;
#4082 = EDGE_LOOP ( 'NONE', ( #6273, #4682, #4423, #4547, #2507, #3656, #6933, #6209 ) ) ;
#4083 = DIRECTION ( 'NONE',  ( -0.000000000000000000, 1.000000000000000000, -0.000000000000000000 ) ) ;
#4084 = DIRECTION ( 'NONE',  ( 1.000000000000000000, 0.000000000000000000, 0.000000000000000000 ) ) ;
#4085 = ORIENTED_EDGE ( 'NONE', *, *, #2600, .F. ) ;
#4086 = CARTESIAN_POINT ( 'NONE',  ( 177.5912666817638126, 0.000000000000000000, 36.02827608974849483 ) ) ;
#4087 = VECTOR ( 'NONE', #5348, 1000.000000000000000 ) ;
#4088 = VERTEX_POINT ( 'NONE', #1910 ) ;
#4089 = ORIENTED_EDGE ( 'NONE', *, *, #4056, .T. ) ;
#4090 = DIRECTION ( 'NONE',  ( 0.000000000000000000, 0.000000000000000000, 1.000000000000000000 ) ) ;
#4091 = CARTESIAN_POINT ( 'NONE',  ( 177.5810351238890235, 0.000000000000000000, 137.7328810449583330 ) ) ;
#4092 = CARTESIAN_POINT ( 'NONE',  ( 177.5912666817638126, 2.000000000000000000, 106.4981376785882361 ) ) ;
#4093 = DIRECTION ( 'NONE',  ( 0.000000000000000000, -1.000000000000000000, 0.000000000000000000 ) ) ;
#4094 = EDGE_LOOP ( 'NONE', ( #6119, #5805, #2373, #4472 ) ) ;
#4095 = AXIS2_PLACEMENT_3D ( 'NONE', #3384, #4494, #648 ) ;
#4096 = ORIENTED_EDGE ( 'NONE', *, *, #1488, .F. ) ;
#4097 = EDGE_LOOP ( 'NONE', ( #6742, #3104, #1270, #3474 ) ) ;
#4098 = DIRECTION ( 'NONE',  ( 0.000000000000000000, 0.000000000000000000, 1.000000000000000000 ) ) ;
#4099 = CARTESIAN_POINT ( 'NONE',  ( 46.28116970213874026, 7.022521612574186056E-32, 58.26711895504224969 ) ) ;
#4100 = DIRECTION ( 'NONE',  ( 0.000000000000000000, 0.000000000000000000, 1.000000000000000000 ) ) ;
#4101 = VECTOR ( 'NONE', #1022, 1000.000000000000000 ) ;
#4102 = AXIS2_PLACEMENT_3D ( 'NONE', #2103, #4269, #4160 ) ;
#4103 = ORIENTED_EDGE ( 'NONE', *, *, #2625, .T. ) ;
#4104 = CARTESIAN_POINT ( 'NONE',  ( 131.2211697014853087, 9.500000000000000000, 75.26304484459959099 ) ) ;
#4105 = VERTEX_POINT ( 'NONE', #3046 ) ;
#4106 = DIRECTION ( 'NONE',  ( 1.214306433183764966E-16, -1.000000000000000000, 8.660182334703126435E-32 ) ) ;
#4107 = DIRECTION ( 'NONE',  ( 1.000000000000000000, 0.000000000000000000, 3.565896588391270872E-16 ) ) ;
#4108 = LINE ( 'NONE', #2429, #2885 ) ;
#4109 = EDGE_CURVE ( 'NONE', #1031, #5671, #6902, .T. ) ;
#4110 = CARTESIAN_POINT ( 'NONE',  ( 72.26116970192092026, 1.999999999999998224, 97.50188770989215925 ) ) ;
#4111 = AXIS2_PLACEMENT_3D ( 'NONE', #5398, #5948, #3863 ) ;
#4112 = ORIENTED_EDGE ( 'NONE', *, *, #4007, .T. ) ;
#4113 = VECTOR ( 'NONE', #2588, 1000.000000000000000 ) ;
#4114 = ORIENTED_EDGE ( 'NONE', *, *, #5304, .T. ) ;
#4115 = LINE ( 'NONE', #2977, #627 ) ;
#4116 = FACE_OUTER_BOUND ( 'NONE', #1629, .T. ) ;
#4117 = CYLINDRICAL_SURFACE ( 'NONE', #1811, 4.000000000000003553 ) ;
#4118 = ORIENTED_EDGE ( 'NONE', *, *, #1772, .F. ) ;
#4119 = EDGE_CURVE ( 'NONE', #5150, #2115, #2018, .T. ) ;
#4120 = EDGE_CURVE ( 'NONE', #3182, #3867, #6534, .T. ) ;
#4121 = VECTOR ( 'NONE', #978, 1000.000000000000000 ) ;
#4122 = ORIENTED_EDGE ( 'NONE', *, *, #1772, .T. ) ;
#4123 = EDGE_LOOP ( 'NONE', ( #258, #2551, #4834, #4368 ) ) ;
#4124 = CARTESIAN_POINT ( 'NONE',  ( 21.91891372578183450, 9.500000000000000000, 106.4981376785882361 ) ) ;
#4125 = LINE ( 'NONE', #6303, #2637 ) ;
#4126 = DIRECTION ( 'NONE',  ( -0.000000000000000000, 1.000000000000000000, -0.000000000000000000 ) ) ;
#4127 = CARTESIAN_POINT ( 'NONE',  ( 16.94116970170313863, 9.500000000000000000, 173.3000063471202736 ) ) ;
#4128 = ORIENTED_EDGE ( 'NONE', *, *, #4986, .T. ) ;
#4129 = ORIENTED_EDGE ( 'NONE', *, *, #1906, .F. ) ;
#4130 = CARTESIAN_POINT ( 'NONE',  ( 21.91893948763057409, 2.000000000000000000, 58.26711895504224969 ) ) ;
#4131 = DIRECTION ( 'NONE',  ( 1.000000000000000000, 0.000000000000000000, 0.000000000000000000 ) ) ;
#4132 = PLANE ( 'NONE',  #6986 ) ;
#4133 = CIRCLE ( 'NONE', #1977, 3.999999999999996447 ) ;
#4134 = VECTOR ( 'NONE', #6056, 1000.000000000000000 ) ;
#4135 = ORIENTED_EDGE ( 'NONE', *, *, #6797, .F. ) ;
#4136 = CARTESIAN_POINT ( 'NONE',  ( 182.5411697017030974, 9.500000000000000000, 36.70000634712027932 ) ) ;
#4137 = DIRECTION ( 'NONE',  ( 0.000000000000000000, 1.000000000000000000, 0.000000000000000000 ) ) ;
#4138 = DIRECTION ( 'NONE',  ( 1.000000000000000000, 0.000000000000000000, -1.782948589251572672E-16 ) ) ;
#4139 = DIRECTION ( 'NONE',  ( 1.214306433183764966E-16, -1.000000000000000000, 4.330091167351559933E-32 ) ) ;
#4140 = FACE_OUTER_BOUND ( 'NONE', #4544, .T. ) ;
#4141 = DIRECTION ( 'NONE',  ( 1.000000000000000000, 0.000000000000000000, -1.782948589251572672E-16 ) ) ;
#4142 = VECTOR ( 'NONE', #4911, 1000.000000000000000 ) ;
#4143 = VERTEX_POINT ( 'NONE', #6830 ) ;
#4144 = AXIS2_PLACEMENT_3D ( 'NONE', #4967, #2817, #6497 ) ;
#4145 = EDGE_CURVE ( 'NONE', #3155, #1915, #6865, .T. ) ;
#4146 = VERTEX_POINT ( 'NONE', #5725 ) ;
#4147 = VECTOR ( 'NONE', #2475, 1000.000000000000000 ) ;
#4148 = VERTEX_POINT ( 'NONE', #4185 ) ;
#4149 = CARTESIAN_POINT ( 'NONE',  ( 77.26116970192093447, 9.500000000000000000, 106.4981376785882503 ) ) ;
#4150 = DIRECTION ( 'NONE',  ( 1.000000000000000000, 0.000000000000000000, -1.782948589251572672E-16 ) ) ;
#4151 = LINE ( 'NONE', #5759, #6143 ) ;
#4152 = ORIENTED_EDGE ( 'NONE', *, *, #4703, .F. ) ;
#4153 = ORIENTED_EDGE ( 'NONE', *, *, #2765, .F. ) ;
#4154 = PRODUCT_RELATED_PRODUCT_CATEGORY ( 'part', '', ( #6833 ) ) ;
#4155 = EDGE_CURVE ( 'NONE', #3078, #4982, #5791, .T. ) ;
#4156 = ORIENTED_EDGE ( 'NONE', *, *, #1655, .F. ) ;
#4157 = VECTOR ( 'NONE', #5280, 1000.000000000000000 ) ;
#4158 = CARTESIAN_POINT ( 'NONE',  ( 181.5810351238888813, 2.000000000000000000, 93.78780339365886221 ) ) ;
#4159 = LINE ( 'NONE', #870, #2884 ) ;
#4160 = DIRECTION ( 'NONE',  ( 1.000000000000000000, 1.214306433183764966E-16, 0.000000000000000000 ) ) ;
#4161 = CIRCLE ( 'NONE', #6445, 4.000000000000003553 ) ;
#4162 = ORIENTED_EDGE ( 'NONE', *, *, #4650, .F. ) ;
#4163 = ORIENTED_EDGE ( 'NONE', *, *, #5219, .T. ) ;
#4164 = EDGE_CURVE ( 'NONE', #2905, #6398, #861, .T. ) ;
#4165 = DIRECTION ( 'NONE',  ( 0.000000000000000000, 0.000000000000000000, -1.000000000000000000 ) ) ;
#4166 = AXIS2_PLACEMENT_3D ( 'NONE', #2881, #1847, #5625 ) ;
#4167 = DIRECTION ( 'NONE',  ( -1.214306433183764966E-16, 1.000000000000000000, 0.000000000000000000 ) ) ;
#4168 = CYLINDRICAL_SURFACE ( 'NONE', #4034, 4.000000000000003553 ) ;
#4169 = FACE_OUTER_BOUND ( 'NONE', #4863, .T. ) ;
#4170 = ADVANCED_FACE ( 'NONE', ( #1387 ), #6798, .F. ) ;
#4171 = EDGE_CURVE ( 'NONE', #3440, #271, #4375, .T. ) ;
#4172 = VERTEX_POINT ( 'NONE', #3011 ) ;
#4173 = LINE ( 'NONE', #5244, #4364 ) ;
#4174 = DIRECTION ( 'NONE',  ( 1.000000000000000000, 1.214306433183764966E-16, 0.000000000000000000 ) ) ;
#4175 = LINE ( 'NONE', #119, #4895 ) ;
#4176 = CARTESIAN_POINT ( 'NONE',  ( 68.26116970192092026, 9.500000000000000000, 159.9717239102517681 ) ) ;
#4177 = DIRECTION ( 'NONE',  ( -0.000000000000000000, 0.000000000000000000, 1.000000000000000000 ) ) ;
#4178 = AXIS2_PLACEMENT_3D ( 'NONE', #4785, #3715, #1557 ) ;
#4179 = CYLINDRICAL_SURFACE ( 'NONE', #5434, 10.00000000000000178 ) ;
#4180 = ORIENTED_EDGE ( 'NONE', *, *, #4378, .T. ) ;
#4181 = AXIS2_PLACEMENT_3D ( 'NONE', #5937, #4284, #4355 ) ;
#4182 = ORIENTED_EDGE ( 'NONE', *, *, #5072, .T. ) ;
#4183 = EDGE_LOOP ( 'NONE', ( #4135, #1389, #1997, #5148 ) ) ;
#4184 = LINE ( 'NONE', #1566, #1211 ) ;
#4185 = CARTESIAN_POINT ( 'NONE',  ( 77.26116970192093447, 1.999999999999998224, 71.26304484459957678 ) ) ;
#4186 = DIRECTION ( 'NONE',  ( 0.000000000000000000, 1.000000000000000000, 0.000000000000000000 ) ) ;
#4187 = ORIENTED_EDGE ( 'NONE', *, *, #3720, .T. ) ;
#4188 = AXIS2_PLACEMENT_3D ( 'NONE', #4554, #5050, #1728 ) ;
#4189 = EDGE_CURVE ( 'NONE', #73, #4146, #5188, .T. ) ;
#4190 = ORIENTED_EDGE ( 'NONE', *, *, #6484, .T. ) ;
#4191 = ORIENTED_EDGE ( 'NONE', *, *, #4232, .F. ) ;
#4192 = CARTESIAN_POINT ( 'NONE',  ( 21.91891372578183450, 0.000000000000000000, 40.02827608974840246 ) ) ;
#4193 = EDGE_CURVE ( 'NONE', #6594, #3479, #1991, .T. ) ;
#4194 = CARTESIAN_POINT ( 'NONE',  ( 181.5810351238888813, 9.500000000000000000, 93.78780339365886221 ) ) ;
#4195 = LINE ( 'NONE', #5232, #663 ) ;
#4196 = VERTEX_POINT ( 'NONE', #3759 ) ;
#4197 = ORIENTED_EDGE ( 'NONE', *, *, #5731, .F. ) ;
#4198 = FACE_OUTER_BOUND ( 'NONE', #4082, .T. ) ;
#4199 = CARTESIAN_POINT ( 'NONE',  ( 182.5411697017031258, 9.500000000000000000, 163.3000063471202452 ) ) ;
#4200 = CARTESIAN_POINT ( 'NONE',  ( 50.28116970213873316, 9.500000000000000000, 128.7369805438819981 ) ) ;
#4201 = DIRECTION ( 'NONE',  ( 1.214306433183764966E-16, -1.000000000000000000, 4.330091167351559933E-32 ) ) ;
#4202 = EDGE_CURVE ( 'NONE', #1954, #5436, #1103, .T. ) ;
#4203 = VECTOR ( 'NONE', #2703, 1000.000000000000000 ) ;
#4204 = ADVANCED_FACE ( 'NONE', ( #6974 ), #2130, .T. ) ;
#4205 = ORIENTED_EDGE ( 'NONE', *, *, #6776, .F. ) ;
#4206 = ORIENTED_EDGE ( 'NONE', *, *, #784, .T. ) ;
#4207 = VECTOR ( 'NONE', #2397, 1000.000000000000000 ) ;
#4208 = CARTESIAN_POINT ( 'NONE',  ( 95.24116970170310026, 2.000000000000000000, 102.4981376785882645 ) ) ;
#4209 = PLANE ( 'NONE',  #5358 ) ;
#4210 = LINE ( 'NONE', #6389, #6377 ) ;
#4211 = FACE_OUTER_BOUND ( 'NONE', #5877, .T. ) ;
#4212 = DIRECTION ( 'NONE',  ( -0.000000000000000000, 1.000000000000000000, -0.000000000000000000 ) ) ;
#4213 = ADVANCED_FACE ( 'NONE', ( #2093 ), #5943, .F. ) ;
#4214 = CARTESIAN_POINT ( 'NONE',  ( 127.2211697014853087, 9.500000000000000000, 124.7369805438819697 ) ) ;
#4215 = VERTEX_POINT ( 'NONE', #1494 ) ;
#4216 = AXIS2_PLACEMENT_3D ( 'NONE', #4086, #5659, #5543 ) ;
#4217 = ORIENTED_EDGE ( 'NONE', *, *, #2148, .F. ) ;
#4218 = ORIENTED_EDGE ( 'NONE', *, *, #5403, .F. ) ;
#4219 = DIRECTION ( 'NONE',  ( 1.000000000000000000, 1.214306433183761268E-16, 0.000000000000000000 ) ) ;
#4220 = PLANE ( 'NONE',  #4039 ) ;
#4221 = CIRCLE ( 'NONE', #6163, 4.000000000000003553 ) ;
#4222 = CARTESIAN_POINT ( 'NONE',  ( 177.5810351238888813, 2.000000000000000000, 71.26304484459957678 ) ) ;
#4223 = DIRECTION ( 'NONE',  ( 1.214306433183764966E-16, -1.000000000000000000, 4.330091167351559933E-32 ) ) ;
#4224 = VERTEX_POINT ( 'NONE', #6535 ) ;
#4225 = ADVANCED_FACE ( 'NONE', ( #376 ), #971, .F. ) ;
#4226 = VERTEX_POINT ( 'NONE', #4259 ) ;
#4227 = AXIS2_PLACEMENT_3D ( 'NONE', #4769, #907, #6839 ) ;
#4228 = VERTEX_POINT ( 'NONE', #2164 ) ;
#4229 = CARTESIAN_POINT ( 'NONE',  ( 177.5912666817637842, 0.000000000000000000, 62.26711895504224969 ) ) ;
#4230 = DIRECTION ( 'NONE',  ( 1.214306433183764966E-16, -1.000000000000000000, 0.000000000000000000 ) ) ;
#4231 = DIRECTION ( 'NONE',  ( 1.214306433183764966E-16, -1.000000000000000000, 7.577659542865232346E-32 ) ) ;
#4232 = EDGE_CURVE ( 'NONE', #4088, #3419, #4899, .T. ) ;
#4233 = DIRECTION ( 'NONE',  ( -3.565896588391270872E-16, 0.000000000000000000, 1.000000000000000000 ) ) ;
#4234 = ORIENTED_EDGE ( 'NONE', *, *, #1142, .T. ) ;
#4235 = VERTEX_POINT ( 'NONE', #5289 ) ;
#4236 = DIRECTION ( 'NONE',  ( 1.214306433183764966E-16, -1.000000000000000000, 8.660182334703126435E-32 ) ) ;
#4237 = CARTESIAN_POINT ( 'NONE',  ( 6.941169701703125305, 0.000000000000000000, 26.70000634712029708 ) ) ;
#4238 = DIRECTION ( 'NONE',  ( -1.214306433183764966E-16, 1.000000000000000000, -7.577659542865232346E-32 ) ) ;
#4239 = CARTESIAN_POINT ( 'NONE',  ( 122.2211697014853087, 9.500000000000000000, 163.9717239102517681 ) ) ;
#4240 = ADVANCED_FACE ( 'NONE', ( #5978 ), #1533, .F. ) ;
#4241 = CARTESIAN_POINT ( 'NONE',  ( 46.28116970213873316, 9.500000000000000000, 93.50188770989296927 ) ) ;
#4242 = ORIENTED_EDGE ( 'NONE', *, *, #5109, .F. ) ;
#4243 = VECTOR ( 'NONE', #5196, 1000.000000000000000 ) ;
#4244 = EDGE_CURVE ( 'NONE', #2309, #3472, #1872, .T. ) ;
#4245 = EDGE_CURVE ( 'NONE', #4215, #2930, #1072, .T. ) ;
#4246 = FACE_OUTER_BOUND ( 'NONE', #3158, .T. ) ;
#4247 = CYLINDRICAL_SURFACE ( 'NONE', #2296, 4.000000000000003553 ) ;
#4248 = DIRECTION ( 'NONE',  ( 0.000000000000000000, 0.000000000000000000, -1.000000000000000000 ) ) ;
#4249 = CARTESIAN_POINT ( 'NONE',  ( 122.2211697014853229, 9.500000000000000000, 71.26304484459957678 ) ) ;
#4250 = DIRECTION ( 'NONE',  ( 6.240319029684725998E-16, 0.000000000000000000, -1.000000000000000000 ) ) ;
#4251 = EDGE_CURVE ( 'NONE', #4298, #3867, #481, .T. ) ;
#4252 = FACE_OUTER_BOUND ( 'NONE', #5286, .T. ) ;
#4253 = ORIENTED_EDGE ( 'NONE', *, *, #6634, .F. ) ;
#4254 = CIRCLE ( 'NONE', #1738, 4.000000000000003553 ) ;
#4255 = VERTEX_POINT ( 'NONE', #7046 ) ;
#4256 = ORIENTED_EDGE ( 'NONE', *, *, #4887, .F. ) ;
#4257 = DIRECTION ( 'NONE',  ( -1.214306433183764966E-16, 1.000000000000000000, -8.660182334703126435E-32 ) ) ;
#4258 = VECTOR ( 'NONE', #1220, 1000.000000000000000 ) ;
#4259 = CARTESIAN_POINT ( 'NONE',  ( 104.2411697017031003, 2.000000000000000000, 128.7369805438819697 ) ) ;
#4260 = AXIS2_PLACEMENT_3D ( 'NONE', #4283, #6463, #2086 ) ;
#4261 = LINE ( 'NONE', #6439, #3497 ) ;
#4262 = ORIENTED_EDGE ( 'NONE', *, *, #4608, .F. ) ;
#4263 = CIRCLE ( 'NONE', #4836, 4.000000000000003553 ) ;
#4264 = VERTEX_POINT ( 'NONE', #2056 ) ;
#4265 = VERTEX_POINT ( 'NONE', #4761 ) ;
#4266 = DIRECTION ( 'NONE',  ( 0.000000000000000000, 0.000000000000000000, -1.000000000000000000 ) ) ;
#4267 = CARTESIAN_POINT ( 'NONE',  ( 153.2011697012675597, 5.000000000000019540, 124.7369805438819697 ) ) ;
#4268 = VECTOR ( 'NONE', #696, 1000.000000000000000 ) ;
#4269 = DIRECTION ( 'NONE',  ( 1.214306433183764966E-16, -1.000000000000000000, 0.000000000000000000 ) ) ;
#4270 = ORIENTED_EDGE ( 'NONE', *, *, #2774, .T. ) ;
#4271 = AXIS2_PLACEMENT_3D ( 'NONE', #4495, #6671, #2744 ) ;
#4272 = CARTESIAN_POINT ( 'NONE',  ( 158.2011697012675882, 1.654883888770502882E-14, 58.26711895504224969 ) ) ;
#4273 = LINE ( 'NONE', #6452, #4849 ) ;
#4274 = CARTESIAN_POINT ( 'NONE',  ( 72.26116970192092026, 9.500000000000000000, 75.26304484459959099 ) ) ;
#4275 = DIRECTION ( 'NONE',  ( 1.000000000000000000, 1.214306433183764966E-16, 0.000000000000000000 ) ) ;
#4276 = VECTOR ( 'NONE', #2808, 1000.000000000000000 ) ;
#4277 = CYLINDRICAL_SURFACE ( 'NONE', #6263, 4.000000000000003553 ) ;
#4278 = EDGE_LOOP ( 'NONE', ( #3299, #6512, #4640, #723 ) ) ;
#4279 = PLANE ( 'NONE',  #2767 ) ;
#4280 = CARTESIAN_POINT ( 'NONE',  ( 77.26116970192093447, 9.500000000000000000, 128.7369805438819981 ) ) ;
#4281 = CYLINDRICAL_SURFACE ( 'NONE', #1459, 4.000000000000003553 ) ;
#4282 = DIRECTION ( 'NONE',  ( -1.000000000000000000, 0.000000000000000000, 3.041173862484785799E-15 ) ) ;
#4283 = CARTESIAN_POINT ( 'NONE',  ( 73.26116970192092026, -26.25789166916415596, 163.9717239102512281 ) ) ;
#4284 = DIRECTION ( 'NONE',  ( -0.000000000000000000, 1.000000000000000000, -0.000000000000000000 ) ) ;
#4285 = ORIENTED_EDGE ( 'NONE', *, *, #806, .F. ) ;
#4286 = ORIENTED_EDGE ( 'NONE', *, *, #6474, .F. ) ;
#4287 = ORIENTED_EDGE ( 'NONE', *, *, #4630, .F. ) ;
#4288 = AXIS2_PLACEMENT_3D ( 'NONE', #2194, #5495, #3965 ) ;
#4289 = CARTESIAN_POINT ( 'NONE',  ( 45.28116970213873316, 9.500000000000000000, 141.7328810449583614 ) ) ;
#4290 = DIRECTION ( 'NONE',  ( 0.000000000000000000, 0.000000000000000000, 1.000000000000000000 ) ) ;
#4291 = PLANE ( 'NONE',  #3379 ) ;
#4292 = ORIENTED_EDGE ( 'NONE', *, *, #6434, .F. ) ;
#4293 = PLANE ( 'NONE',  #6846 ) ;
#4294 = EDGE_CURVE ( 'NONE', #1954, #3519, #5749, .T. ) ;
#4295 = VECTOR ( 'NONE', #6600, 1000.000000000000000 ) ;
#4296 = EDGE_CURVE ( 'NONE', #5301, #2444, #6541, .T. ) ;
#4297 = ORIENTED_EDGE ( 'NONE', *, *, #2125, .F. ) ;
#4298 = VERTEX_POINT ( 'NONE', #1605 ) ;
#4299 = DIRECTION ( 'NONE',  ( 1.214306433183764966E-16, -1.000000000000000000, 0.000000000000000000 ) ) ;
#4300 = AXIS2_PLACEMENT_3D ( 'NONE', #5321, #2162, #5427 ) ;
#4301 = FACE_OUTER_BOUND ( 'NONE', #5329, .T. ) ;
#4302 = ORIENTED_EDGE ( 'NONE', *, *, #670, .T. ) ;
#4303 = CIRCLE ( 'NONE', #3607, 4.000000000000003553 ) ;
#4304 = CARTESIAN_POINT ( 'NONE',  ( 50.28116970213873316, 0.000000000000000000, 137.7328810449583330 ) ) ;
#4305 = FACE_OUTER_BOUND ( 'NONE', #5138, .T. ) ;
#4306 = CARTESIAN_POINT ( 'NONE',  ( 100.2411697017031003, -26.25789166916415240, 36.02830147822988494 ) ) ;
#4307 = FACE_BOUND ( 'NONE', #4414, .T. ) ;
#4308 = EDGE_CURVE ( 'NONE', #931, #2062, #3252, .T. ) ;
#4309 = EDGE_CURVE ( 'NONE', #1010, #6162, #1006, .T. ) ;
#4310 = DIRECTION ( 'NONE',  ( 0.000000000000000000, 1.000000000000000000, 0.000000000000000000 ) ) ;
#4311 = ORIENTED_EDGE ( 'NONE', *, *, #3006, .T. ) ;
#4312 = CYLINDRICAL_SURFACE ( 'NONE', #910, 4.000000000000003553 ) ;
#4313 = CARTESIAN_POINT ( 'NONE',  ( 177.5810351238888813, 2.000000000000000000, 71.26304484459957678 ) ) ;
#4314 = CARTESIAN_POINT ( 'NONE',  ( 122.2211697014853087, 4.999999999999999112, 71.26304484459957678 ) ) ;
#4315 = CARTESIAN_POINT ( 'NONE',  ( 21.90466215730799249, 2.000000000000000000, 163.9717239102517681 ) ) ;
#4316 = VECTOR ( 'NONE', #1663, 1000.000000000000000 ) ;
#4317 = DIRECTION ( 'NONE',  ( -0.000000000000000000, 0.000000000000000000, 1.000000000000000000 ) ) ;
#4318 = ADVANCED_FACE ( 'NONE', ( #1642 ), #4220, .F. ) ;
#4319 = ORIENTED_EDGE ( 'NONE', *, *, #4573, .F. ) ;
#4320 = CIRCLE ( 'NONE', #5572, 4.000000000000003553 ) ;
#4321 = ORIENTED_EDGE ( 'NONE', *, *, #4963, .T. ) ;
#4322 = EDGE_CURVE ( 'NONE', #5102, #1111, #3187, .T. ) ;
#4323 = VERTEX_POINT ( 'NONE', #1172 ) ;
#4324 = DIRECTION ( 'NONE',  ( 0.000000000000000000, 0.000000000000000000, 1.000000000000000000 ) ) ;
#4325 = DIRECTION ( 'NONE',  ( -0.000000000000000000, 1.000000000000000000, -0.000000000000000000 ) ) ;
#4326 = LINE ( 'NONE', #3828, #2256 ) ;
#4327 = LINE ( 'NONE', #6508, #3532 ) ;
#4328 = VERTEX_POINT ( 'NONE', #5606 ) ;
#4329 = AXIS2_PLACEMENT_3D ( 'NONE', #4549, #4629, #1762 ) ;
#4330 = CARTESIAN_POINT ( 'NONE',  ( 127.2211697014853087, 9.500000000000000000, 106.4981376785882929 ) ) ;
#4331 = ORIENTED_EDGE ( 'NONE', *, *, #1517, .T. ) ;
#4332 = ORIENTED_EDGE ( 'NONE', *, *, #905, .T. ) ;
#4333 = EDGE_CURVE ( 'NONE', #547, #1608, #6641, .T. ) ;
#4334 = AXIS2_PLACEMENT_3D ( 'NONE', #27, #3290, #2170 ) ;
#4335 = ORIENTED_EDGE ( 'NONE', *, *, #3579, .F. ) ;
#4336 = EDGE_CURVE ( 'NONE', #2788, #2453, #6042, .T. ) ;
#4337 = DIRECTION ( 'NONE',  ( 1.000000000000000000, 0.000000000000000000, 0.000000000000000000 ) ) ;
#4338 = EDGE_CURVE ( 'NONE', #5930, #4491, #2554, .T. ) ;
#4339 = DIRECTION ( 'NONE',  ( -1.000000000000000000, 0.000000000000000000, 0.000000000000000000 ) ) ;
#4340 = EDGE_CURVE ( 'NONE', #67, #5335, #60, .T. ) ;
#4341 = DIRECTION ( 'NONE',  ( 0.000000000000000000, -0.000000000000000000, -1.000000000000000000 ) ) ;
#4342 = VECTOR ( 'NONE', #2313, 1000.000000000000000 ) ;
#4343 = ORIENTED_EDGE ( 'NONE', *, *, #4079, .T. ) ;
#4344 = EDGE_CURVE ( 'NONE', #1657, #6097, #5567, .T. ) ;
#4345 = AXIS2_PLACEMENT_3D ( 'NONE', #4469, #3892, #4937 ) ;
#4346 = CARTESIAN_POINT ( 'NONE',  ( 95.24116970170310026, 9.500000000000000000, 36.02827608974845219 ) ) ;
#4347 = DIRECTION ( 'NONE',  ( 0.000000000000000000, 0.000000000000000000, -1.000000000000000000 ) ) ;
#4348 = DIRECTION ( 'NONE',  ( 1.214306433183764966E-16, -1.000000000000000000, 0.000000000000000000 ) ) ;
#4349 = EDGE_CURVE ( 'NONE', #1608, #3125, #3465, .T. ) ;
#4350 = CARTESIAN_POINT ( 'NONE',  ( 158.2011697012675882, 9.500000000000000000, 71.26304484459957678 ) ) ;
#4351 = CARTESIAN_POINT ( 'NONE',  ( 122.2211697014853087, 9.500000000000000000, 106.4981376785882787 ) ) ;
#4352 = ORIENTED_EDGE ( 'NONE', *, *, #5745, .T. ) ;
#4353 = DIRECTION ( 'NONE',  ( 0.000000000000000000, 0.000000000000000000, -1.000000000000000000 ) ) ;
#4354 = CARTESIAN_POINT ( 'NONE',  ( 45.28116970213873316, 2.000000000000001776, 159.9717239102517681 ) ) ;
#4355 = DIRECTION ( 'NONE',  ( 0.000000000000000000, 0.000000000000000000, 1.000000000000000000 ) ) ;
#4356 = ORIENTED_EDGE ( 'NONE', *, *, #3271, .T. ) ;
#4357 = VECTOR ( 'NONE', #3090, 1000.000000000000000 ) ;
#4358 = ORIENTED_EDGE ( 'NONE', *, *, #2548, .T. ) ;
#4359 = EDGE_CURVE ( 'NONE', #1640, #1214, #6779, .T. ) ;
#4360 = ORIENTED_EDGE ( 'NONE', *, *, #6614, .F. ) ;
#4361 = LINE ( 'NONE', #1748, #3961 ) ;
#4362 = CARTESIAN_POINT ( 'NONE',  ( 177.5912666817638126, 0.000000000000000000, 102.4981376785883072 ) ) ;
#4363 = CARTESIAN_POINT ( 'NONE',  ( 131.2211697014853087, 1.999999999999998224, 40.02827608974847351 ) ) ;
#4364 = VECTOR ( 'NONE', #1693, 1000.000000000000000 ) ;
#4365 = DIRECTION ( 'NONE',  ( -0.000000000000000000, 0.000000000000000000, -1.000000000000000000 ) ) ;
#4366 = ORIENTED_EDGE ( 'NONE', *, *, #5061, .F. ) ;
#4367 = CARTESIAN_POINT ( 'NONE',  ( 46.28116970213873316, 9.500000000000000000, 124.7369805438819981 ) ) ;
#4368 = ORIENTED_EDGE ( 'NONE', *, *, #6999, .F. ) ;
#4369 = APPLICATION_CONTEXT ( 'automotive_design' ) ;
#4370 = ORIENTED_EDGE ( 'NONE', *, *, #6998, .F. ) ;
#4371 = MECHANICAL_DESIGN_GEOMETRIC_PRESENTATION_REPRESENTATION (  '', ( #6198 ), #6652 ) ;
#4372 = ORIENTED_EDGE ( 'NONE', *, *, #718, .F. ) ;
#4373 = CARTESIAN_POINT ( 'NONE',  ( 99.24116970170310026, 9.500000000000000000, 58.26711895504224259 ) ) ;
#4374 = PLANE ( 'NONE',  #5577 ) ;
#4375 = CIRCLE ( 'NONE', #140, 4.000000000000003553 ) ;
#4376 = VECTOR ( 'NONE', #1668, 1000.000000000000000 ) ;
#4377 = ADVANCED_FACE ( 'NONE', ( #585 ), #3323, .F. ) ;
#4378 = EDGE_CURVE ( 'NONE', #6097, #6667, #6210, .T. ) ;
#4379 = CARTESIAN_POINT ( 'NONE',  ( 50.28116970213873316, 0.000000000000000000, 102.4981376785882219 ) ) ;
#4380 = VECTOR ( 'NONE', #4536, 1000.000000000000000 ) ;
#4381 = CARTESIAN_POINT ( 'NONE',  ( 126.2211697014853087, 2.000000000000000000, 141.7328810449583614 ) ) ;
#4382 = DIRECTION ( 'NONE',  ( -0.000000000000000000, 1.000000000000000000, -0.000000000000000000 ) ) ;
#4383 = CARTESIAN_POINT ( 'NONE',  ( 45.28116970213873316, 9.500000000000000000, 40.02827608974841667 ) ) ;
#4384 = DIRECTION ( 'NONE',  ( -0.000000000000000000, 1.000000000000000000, -0.000000000000000000 ) ) ;
#4385 = CIRCLE ( 'NONE', #6897, 4.000000000000003553 ) ;
#4386 = EDGE_CURVE ( 'NONE', #619, #4264, #3361, .T. ) ;
#4387 = ORIENTED_EDGE ( 'NONE', *, *, #6300, .T. ) ;
#4388 = DIRECTION ( 'NONE',  ( 0.000000000000000000, 1.000000000000000000, 0.000000000000000000 ) ) ;
#4389 = ORIENTED_EDGE ( 'NONE', *, *, #698, .T. ) ;
#4390 = VECTOR ( 'NONE', #5305, 1000.000000000000000 ) ;
#4391 = DIRECTION ( 'NONE',  ( 0.000000000000000000, 0.000000000000000000, -1.000000000000000000 ) ) ;
#4392 = DIRECTION ( 'NONE',  ( -0.000000000000000000, 1.000000000000000000, -0.000000000000000000 ) ) ;
#4393 = DIRECTION ( 'NONE',  ( 1.000000000000000000, 0.000000000000000000, 0.000000000000000000 ) ) ;
#4394 = VERTEX_POINT ( 'NONE', #3430 ) ;
#4395 = EDGE_CURVE ( 'NONE', #4088, #2043, #2752, .T. ) ;
#4396 = EDGE_CURVE ( 'NONE', #4516, #226, #4504, .T. ) ;
#4397 = VERTEX_POINT ( 'NONE', #4973 ) ;
#4398 = ORIENTED_EDGE ( 'NONE', *, *, #2077, .F. ) ;
#4399 = DIRECTION ( 'NONE',  ( 0.000000000000000000, 0.000000000000000000, -1.000000000000000000 ) ) ;
#4400 = CARTESIAN_POINT ( 'NONE',  ( 99.24116970170310026, 2.000000000000001776, 102.4981376785889466 ) ) ;
#4401 = CARTESIAN_POINT ( 'NONE',  ( 154.2011697012675597, -26.25789166916414530, 36.02830147822938756 ) ) ;
#4402 = DIRECTION ( 'NONE',  ( 3.041173862484785799E-15, 0.000000000000000000, 1.000000000000000000 ) ) ;
#4403 = CARTESIAN_POINT ( 'NONE',  ( 131.2211697014853087, 5.000000000000000888, 163.9717239102517681 ) ) ;
#4404 = ORIENTED_EDGE ( 'NONE', *, *, #6766, .F. ) ;
#4405 = LINE ( 'NONE', #4330, #1709 ) ;
#4406 = ADVANCED_FACE ( 'NONE', ( #94 ), #4936, .F. ) ;
#4407 = EDGE_LOOP ( 'NONE', ( #5254, #1115, #5964, #4439 ) ) ;
#4408 = EDGE_CURVE ( 'NONE', #1951, #16, #6608, .T. ) ;
#4409 = VERTEX_POINT ( 'NONE', #1715 ) ;
#4410 = ORIENTED_EDGE ( 'NONE', *, *, #5292, .T. ) ;
#4411 = DIRECTION ( 'NONE',  ( -0.000000000000000000, 1.000000000000000000, -0.000000000000000000 ) ) ;
#4412 = DIRECTION ( 'NONE',  ( 1.000000000000000000, 0.000000000000000000, 0.000000000000000000 ) ) ;
#4413 = EDGE_CURVE ( 'NONE', #5199, #785, #3891, .T. ) ;
#4414 = EDGE_LOOP ( 'NONE', ( #4658, #1131, #3013, #2435, #6529, #6851, #3058, #746 ) ) ;
#4415 = CARTESIAN_POINT ( 'NONE',  ( 99.24116970170310026, 9.500000000000000000, 106.4981376785882645 ) ) ;
#4416 = AXIS2_PLACEMENT_3D ( 'NONE', #3276, #2681, #6966 ) ;
#4417 = FACE_OUTER_BOUND ( 'NONE', #5236, .T. ) ;
#4418 = CARTESIAN_POINT ( 'NONE',  ( 181.5912666817638126, 0.000000000000000000, 124.7369805438819839 ) ) ;
#4419 = LINE ( 'NONE', #6059, #2916 ) ;
#4420 = CARTESIAN_POINT ( 'NONE',  ( 16.94116970170312442, 9.500000000000000000, 36.70000634712030063 ) ) ;
#4421 = EDGE_CURVE ( 'NONE', #6136, #5051, #1177, .T. ) ;
#4422 = CIRCLE ( 'NONE', #6929, 4.000000000000003553 ) ;
#4423 = ORIENTED_EDGE ( 'NONE', *, *, #544, .T. ) ;
#4424 = CARTESIAN_POINT ( 'NONE',  ( 41.28116970213874026, 9.500000000000000000, 97.50188770989295506 ) ) ;
#4425 = EDGE_CURVE ( 'NONE', #2905, #4668, #622, .T. ) ;
#4426 = DIRECTION ( 'NONE',  ( 0.000000000000000000, 0.000000000000000000, -1.000000000000000000 ) ) ;
#4427 = PLANE ( 'NONE',  #6082 ) ;
#4428 = ADVANCED_FACE ( 'NONE', ( #658 ), #2862, .F. ) ;
#4429 = FACE_OUTER_BOUND ( 'NONE', #6733, .T. ) ;
#4430 = EDGE_LOOP ( 'NONE', ( #783, #6307, #6543, #5168 ) ) ;
#4431 = ORIENTED_EDGE ( 'NONE', *, *, #1026, .T. ) ;
#4432 = LINE ( 'NONE', #6607, #1423 ) ;
#4433 = CARTESIAN_POINT ( 'NONE',  ( 95.24116970170310026, 9.500000000000000000, 137.7328810449583330 ) ) ;
#4434 = CARTESIAN_POINT ( 'NONE',  ( 177.5912666817638410, 9.500000000000000000, 102.4981376785883072 ) ) ;
#4435 = CARTESIAN_POINT ( 'NONE',  ( 41.28116970213874026, 0.000000000000000000, 163.9717239102517681 ) ) ;
#4436 = DIRECTION ( 'NONE',  ( 0.000000000000000000, -0.000000000000000000, -1.000000000000000000 ) ) ;
#4437 = ORIENTED_EDGE ( 'NONE', *, *, #6783, .F. ) ;
#4438 = AXIS2_PLACEMENT_3D ( 'NONE', #3779, #4310, #5892 ) ;
#4439 = ORIENTED_EDGE ( 'NONE', *, *, #5123, .T. ) ;
#4440 = VERTEX_POINT ( 'NONE', #1938 ) ;
#4441 = ORIENTED_EDGE ( 'NONE', *, *, #325, .F. ) ;
#4442 = DIRECTION ( 'NONE',  ( -0.000000000000000000, 1.000000000000000000, -0.000000000000000000 ) ) ;
#4443 = VECTOR ( 'NONE', #361, 1000.000000000000000 ) ;
#4444 = ADVANCED_FACE ( 'NONE', ( #1311 ), #4040, .F. ) ;
#4445 = CARTESIAN_POINT ( 'NONE',  ( 192.5411697017030974, 0.000000000000000000, 36.70000634712027932 ) ) ;
#4446 = ORIENTED_EDGE ( 'NONE', *, *, #4408, .F. ) ;
#4447 = VECTOR ( 'NONE', #352, 1000.000000000000000 ) ;
#4448 = CARTESIAN_POINT ( 'NONE',  ( 158.2011697012675882, 9.500000000000000000, 124.7369805438819697 ) ) ;
#4449 = LINE ( 'NONE', #1294, #700 ) ;
#4450 = CARTESIAN_POINT ( 'NONE',  ( 181.5912666817637842, 2.000000000000000000, 106.4981376785882503 ) ) ;
#4451 = DIRECTION ( 'NONE',  ( -1.214306433183764966E-16, 1.000000000000000000, 0.000000000000000000 ) ) ;
#4452 = FACE_OUTER_BOUND ( 'NONE', #4797, .T. ) ;
#4453 = VECTOR ( 'NONE', #6364, 1000.000000000000000 ) ;
#4454 = CARTESIAN_POINT ( 'NONE',  ( 68.26116970192092026, 1.999999999999998224, 128.7369805438819981 ) ) ;
#4455 = ADVANCED_FACE ( 'NONE', ( #2970 ), #773, .F. ) ;
#4456 = EDGE_LOOP ( 'NONE', ( #5064, #5352, #6880, #2877 ) ) ;
#4457 = CARTESIAN_POINT ( 'NONE',  ( 99.24116970170310026, -7.723691345436736938E-31, 106.4981376785882645 ) ) ;
#4458 = AXIS2_PLACEMENT_3D ( 'NONE', #1658, #3839, #2210 ) ;
#4459 = CARTESIAN_POINT ( 'NONE',  ( 126.2211697014853087, -26.25789166916414885, 36.02830147822969309 ) ) ;
#4460 = DIRECTION ( 'NONE',  ( -0.000000000000000000, 0.000000000000000000, -1.000000000000000000 ) ) ;
#4461 = PLANE ( 'NONE',  #3266 ) ;
#4462 = EDGE_CURVE ( 'NONE', #234, #3822, #1069, .T. ) ;
#4463 = ADVANCED_FACE ( 'NONE', ( #1377 ), #6219, .F. ) ;
#4464 = EDGE_CURVE ( 'NONE', #662, #937, #1864, .T. ) ;
#4465 = ORIENTED_EDGE ( 'NONE', *, *, #1602, .F. ) ;
#4466 = ORIENTED_EDGE ( 'NONE', *, *, #4232, .T. ) ;
#4467 = DIRECTION ( 'NONE',  ( -0.000000000000000000, 1.000000000000000000, -0.000000000000000000 ) ) ;
#4468 = CARTESIAN_POINT ( 'NONE',  ( 21.91893948763057409, 9.500000000000000000, 58.26711895504224969 ) ) ;
#4469 = CARTESIAN_POINT ( 'NONE',  ( 177.5912666817638126, 0.000000000000000000, 36.02827608974849483 ) ) ;
#4470 = DIRECTION ( 'NONE',  ( 0.000000000000000000, 1.000000000000000000, 0.000000000000000000 ) ) ;
#4471 = DIRECTION ( 'NONE',  ( 0.000000000000000000, -1.000000000000000000, 0.000000000000000000 ) ) ;
#4472 = ORIENTED_EDGE ( 'NONE', *, *, #2336, .T. ) ;
#4473 = VERTEX_POINT ( 'NONE', #3503 ) ;
#4474 = VERTEX_POINT ( 'NONE', #297 ) ;
#4475 = ORIENTED_EDGE ( 'NONE', *, *, #5686, .F. ) ;
#4476 = AXIS2_PLACEMENT_3D ( 'NONE', #6410, #5837, #5263 ) ;
#4477 = DIRECTION ( 'NONE',  ( -0.000000000000000000, 1.000000000000000000, -0.000000000000000000 ) ) ;
#4478 = EDGE_CURVE ( 'NONE', #4564, #521, #5063, .T. ) ;
#4479 = PLANE ( 'NONE',  #4216 ) ;
#4480 = AXIS2_PLACEMENT_3D ( 'NONE', #470, #1483, #1520 ) ;
#4481 = ORIENTED_EDGE ( 'NONE', *, *, #1989, .F. ) ;
#4482 = LINE ( 'NONE', #3410, #5327 ) ;
#4483 = CARTESIAN_POINT ( 'NONE',  ( 122.2211697014853087, 9.500000000000000000, 159.9717239102517681 ) ) ;
#4484 = CARTESIAN_POINT ( 'NONE',  ( 126.2211697014853087, -7.723691345436736938E-31, 75.26304484459959099 ) ) ;
#4485 = VECTOR ( 'NONE', #6236, 1000.000000000000000 ) ;
#4486 = DIRECTION ( 'NONE',  ( -0.000000000000000000, 1.000000000000000000, -0.000000000000000000 ) ) ;
#4487 = CARTESIAN_POINT ( 'NONE',  ( 77.26116970192093447, 9.500000000000000000, 128.7369805438819981 ) ) ;
#4488 = AXIS2_PLACEMENT_3D ( 'NONE', #3883, #6066, #3353 ) ;
#4489 = PLANE ( 'NONE',  #2845 ) ;
#4490 = ADVANCED_FACE ( 'NONE', ( #3036 ), #263, .F. ) ;
#4491 = VERTEX_POINT ( 'NONE', #5681 ) ;
#4492 = EDGE_LOOP ( 'NONE', ( #2190, #631, #4321, #830 ) ) ;
#4493 = AXIS2_PLACEMENT_3D ( 'NONE', #1835, #4625, #4663 ) ;
#4494 = DIRECTION ( 'NONE',  ( 0.000000000000000000, 1.000000000000000000, 0.000000000000000000 ) ) ;
#4495 = CARTESIAN_POINT ( 'NONE',  ( 177.5912666817638126, 2.000000000000000000, 58.26711895504224969 ) ) ;
#4496 = CARTESIAN_POINT ( 'NONE',  ( 17.90873331823641834, 9.500000000000000000, 75.26304484459959099 ) ) ;
#4497 = DIRECTION ( 'NONE',  ( -0.000000000000000000, 1.000000000000000000, -0.000000000000000000 ) ) ;
#4498 = VECTOR ( 'NONE', #1678, 1000.000000000000000 ) ;
#4499 = EDGE_LOOP ( 'NONE', ( #5915, #5472, #3043, #202 ) ) ;
#4500 = VECTOR ( 'NONE', #2643, 1000.000000000000000 ) ;
#4501 = CARTESIAN_POINT ( 'NONE',  ( 45.28116970213874026, -26.25789166916415951, 97.50188770989196030 ) ) ;
#4502 = ORIENTED_EDGE ( 'NONE', *, *, #6605, .F. ) ;
#4503 = CARTESIAN_POINT ( 'NONE',  ( 73.26116970192092026, 9.500000000000000000, 141.7328810449583614 ) ) ;
#4504 = LINE ( 'NONE', #3394, #3014 ) ;
#4505 = DIRECTION ( 'NONE',  ( -1.214306433183764966E-16, 1.000000000000000000, 2.165045941964102761E-32 ) ) ;
#4506 = DIRECTION ( 'NONE',  ( 0.000000000000000000, -1.000000000000000000, 0.000000000000000000 ) ) ;
#4507 = CARTESIAN_POINT ( 'NONE',  ( 158.2011697012675882, 9.500000000000000000, 40.02827608974848772 ) ) ;
#4508 = VECTOR ( 'NONE', #1404, 1000.000000000000000 ) ;
#4509 = CARTESIAN_POINT ( 'NONE',  ( 46.28116970213873316, 2.000000000000001776, 40.02827608974841667 ) ) ;
#4510 = ORIENTED_EDGE ( 'NONE', *, *, #284, .F. ) ;
#4511 = ORIENTED_EDGE ( 'NONE', *, *, #2871, .F. ) ;
#4512 = DIRECTION ( 'NONE',  ( -1.000000000000000000, -1.214306433183764966E-16, 0.000000000000000000 ) ) ;
#4513 = EDGE_CURVE ( 'NONE', #4668, #4628, #4655, .T. ) ;
#4514 = EDGE_CURVE ( 'NONE', #6124, #1951, #6822, .T. ) ;
#4515 = PLANE ( 'NONE',  #3543 ) ;
#4516 = VERTEX_POINT ( 'NONE', #853 ) ;
#4517 = DIRECTION ( 'NONE',  ( 0.000000000000000000, 1.000000000000000000, 0.000000000000000000 ) ) ;
#4518 = ORIENTED_EDGE ( 'NONE', *, *, #815, .F. ) ;
#4519 = DIRECTION ( 'NONE',  ( -0.000000000000000000, 1.000000000000000000, -0.000000000000000000 ) ) ;
#4520 = DIRECTION ( 'NONE',  ( 1.000000000000000000, 1.214306433183764966E-16, 0.000000000000000000 ) ) ;
#4521 = VECTOR ( 'NONE', #3144, 1000.000000000000000 ) ;
#4522 = DIRECTION ( 'NONE',  ( 3.043567601368434558E-15, 0.000000000000000000, -1.000000000000000000 ) ) ;
#4523 = FACE_OUTER_BOUND ( 'NONE', #3618, .T. ) ;
#4524 = LINE ( 'NONE', #3449, #1125 ) ;
#4525 = VERTEX_POINT ( 'NONE', #1344 ) ;
#4526 = ORIENTED_EDGE ( 'NONE', *, *, #2710, .F. ) ;
#4527 = VECTOR ( 'NONE', #1415, 1000.000000000000000 ) ;
#4528 = DIRECTION ( 'NONE',  ( 1.214306433183764966E-16, -1.000000000000000000, 0.000000000000000000 ) ) ;
#4529 = CARTESIAN_POINT ( 'NONE',  ( 177.5810351238890235, 0.000000000000000000, 137.7328810449583330 ) ) ;
#4530 = FACE_OUTER_BOUND ( 'NONE', #593, .T. ) ;
#4531 = VECTOR ( 'NONE', #4106, 1000.000000000000000 ) ;
#4532 = ORIENTED_EDGE ( 'NONE', *, *, #1482, .T. ) ;
#4533 = LINE ( 'NONE', #1935, #4939 ) ;
#4534 = VERTEX_POINT ( 'NONE', #6856 ) ;
#4535 = DIRECTION ( 'NONE',  ( -1.000000000000000000, 0.000000000000000000, 0.000000000000000000 ) ) ;
#4536 = DIRECTION ( 'NONE',  ( 0.000000000000000000, 0.000000000000000000, 1.000000000000000000 ) ) ;
#4537 = CYLINDRICAL_SURFACE ( 'NONE', #6987, 4.000000000000003553 ) ;
#4538 = FACE_OUTER_BOUND ( 'NONE', #4971, .T. ) ;
#4539 = LINE ( 'NONE', #6721, #4207 ) ;
#4540 = ORIENTED_EDGE ( 'NONE', *, *, #1411, .T. ) ;
#4541 = EDGE_LOOP ( 'NONE', ( #4370, #2574, #1335, #261 ) ) ;
#4542 = CIRCLE ( 'NONE', #1446, 4.000000000000003553 ) ;
#4543 = ADVANCED_FACE ( 'NONE', ( #890 ), #1274, .F. ) ;
#4544 = EDGE_LOOP ( 'NONE', ( #6384, #3134, #1292, #1146 ) ) ;
#4545 = VERTEX_POINT ( 'NONE', #4717 ) ;
#4546 = CARTESIAN_POINT ( 'NONE',  ( 177.5912666817637842, 2.000000000000000000, 62.26711895504224969 ) ) ;
#4547 = ORIENTED_EDGE ( 'NONE', *, *, #5693, .T. ) ;
#4548 = CIRCLE ( 'NONE', #4438, 4.000000000000003553 ) ;
#4549 = CARTESIAN_POINT ( 'NONE',  ( 177.5810351238890235, 0.000000000000000000, 137.7328810449583330 ) ) ;
#4550 = ADVANCED_FACE ( 'NONE', ( #5717 ), #2499, .F. ) ;
#4551 = EDGE_LOOP ( 'NONE', ( #389, #2913, #2985, #2460 ) ) ;
#4552 = AXIS2_PLACEMENT_3D ( 'NONE', #6521, #4921, #5 ) ;
#4553 = EDGE_CURVE ( 'NONE', #4628, #2295, #7018, .T. ) ;
#4554 = CARTESIAN_POINT ( 'NONE',  ( 177.5912666817638126, 9.500000000000000000, 93.50188770989298348 ) ) ;
#4555 = ORIENTED_EDGE ( 'NONE', *, *, #6755, .F. ) ;
#4556 = EDGE_CURVE ( 'NONE', #3866, #2560, #331, .T. ) ;
#4557 = DIRECTION ( 'NONE',  ( 0.000000000000000000, 0.000000000000000000, -1.000000000000000000 ) ) ;
#4558 = PLANE ( 'NONE',  #217 ) ;
#4559 = CARTESIAN_POINT ( 'NONE',  ( 122.2211697014853087, 9.500000000000000000, 128.7369805438819697 ) ) ;
#4560 = DIRECTION ( 'NONE',  ( 1.000000000000000000, 1.214306433183764966E-16, 0.000000000000000000 ) ) ;
#4561 = LINE ( 'NONE', #1298, #5705 ) ;
#4562 = AXIS2_PLACEMENT_3D ( 'NONE', #6264, #4053, #791 ) ;
#4563 = EDGE_LOOP ( 'NONE', ( #6048, #6003, #91, #1880 ) ) ;
#4564 = VERTEX_POINT ( 'NONE', #2009 ) ;
#4565 = CARTESIAN_POINT ( 'NONE',  ( 154.2011697012675597, -2.313113090053462464E-30, 58.26711895504224969 ) ) ;
#4566 = ADVANCED_FACE ( 'NONE', ( #736 ), #5106, .F. ) ;
#4567 = AXIS2_PLACEMENT_3D ( 'NONE', #2497, #888, #851 ) ;
#4568 = DIRECTION ( 'NONE',  ( 0.000000000000000000, 0.000000000000000000, -1.000000000000000000 ) ) ;
#4569 = DIRECTION ( 'NONE',  ( 1.000000000000000000, 0.000000000000000000, 0.000000000000000000 ) ) ;
#4570 = VECTOR ( 'NONE', #248, 1000.000000000000000 ) ;
#4571 = VERTEX_POINT ( 'NONE', #2085 ) ;
#4572 = CYLINDRICAL_SURFACE ( 'NONE', #237, 4.000000000000031086 ) ;
#4573 = EDGE_CURVE ( 'NONE', #5476, #1024, #2912, .T. ) ;
#4574 = ORIENTED_EDGE ( 'NONE', *, *, #1784, .T. ) ;
#4575 = CARTESIAN_POINT ( 'NONE',  ( 72.26116970192092026, -7.723691345436736938E-31, 106.4981376785882361 ) ) ;
#4576 = DIRECTION ( 'NONE',  ( 1.000000000000000000, 1.214306433183764966E-16, 0.000000000000000000 ) ) ;
#4577 = DIRECTION ( 'NONE',  ( 0.000000000000000000, -1.000000000000000000, 0.000000000000000000 ) ) ;
#4578 = AXIS2_PLACEMENT_3D ( 'NONE', #6806, #1919, #313 ) ;
#4579 = LINE ( 'NONE', #6222, #2934 ) ;
#4580 = FACE_OUTER_BOUND ( 'NONE', #6356, .T. ) ;
#4581 = ORIENTED_EDGE ( 'NONE', *, *, #3897, .T. ) ;
#4582 = ORIENTED_EDGE ( 'NONE', *, *, #1324, .T. ) ;
#4583 = ORIENTED_EDGE ( 'NONE', *, *, #2947, .T. ) ;
#4584 = CYLINDRICAL_SURFACE ( 'NONE', #6813, 4.000000000000003553 ) ;
#4585 = DIRECTION ( 'NONE',  ( 0.0005581709247432527611, 0.000000000000000000, 0.9999998442225971340 ) ) ;
#4586 = EDGE_CURVE ( 'NONE', #1962, #2099, #6353, .T. ) ;
#4587 = VERTEX_POINT ( 'NONE', #5821 ) ;
#4588 = CARTESIAN_POINT ( 'NONE',  ( 100.2411697017031003, 2.000000000000001776, 75.26304484459959099 ) ) ;
#4589 = VERTEX_POINT ( 'NONE', #4752 ) ;
#4590 = EDGE_CURVE ( 'NONE', #3239, #3419, #2559, .T. ) ;
#4591 = VECTOR ( 'NONE', #5239, 1000.000000000000000 ) ;
#4592 = ORIENTED_EDGE ( 'NONE', *, *, #5695, .T. ) ;
#4593 = CARTESIAN_POINT ( 'NONE',  ( 181.5810351238889666, 2.000000000000000000, 75.26304484459961941 ) ) ;
#4594 = DIRECTION ( 'NONE',  ( 1.214306433183764966E-16, -1.000000000000000000, 0.000000000000000000 ) ) ;
#4595 = EDGE_CURVE ( 'NONE', #4758, #817, #3678, .T. ) ;
#4596 = CARTESIAN_POINT ( 'NONE',  ( 68.26116970192092026, 9.500000000000000000, 128.7369805438819981 ) ) ;
#4597 = CARTESIAN_POINT ( 'NONE',  ( 153.2011697012675597, -26.25789166916414530, 163.9717239102516544 ) ) ;
#4598 = DIRECTION ( 'NONE',  ( 0.000000000000000000, -0.000000000000000000, -1.000000000000000000 ) ) ;
#4599 = AXIS2_PLACEMENT_3D ( 'NONE', #4803, #1580, #4339 ) ;
#4600 = ADVANCED_FACE ( 'NONE', ( #5349 ), #6496, .F. ) ;
#4601 = ORIENTED_EDGE ( 'NONE', *, *, #3030, .T. ) ;
#4602 = ORIENTED_EDGE ( 'NONE', *, *, #5731, .T. ) ;
#4603 = ORIENTED_EDGE ( 'NONE', *, *, #5403, .T. ) ;
#4604 = AXIS2_PLACEMENT_3D ( 'NONE', #1882, #5585, #5622 ) ;
#4605 = AXIS2_PLACEMENT_3D ( 'NONE', #6746, #3565, #4569 ) ;
#4606 = CYLINDRICAL_SURFACE ( 'NONE', #378, 4.000000000000003553 ) ;
#4607 = CARTESIAN_POINT ( 'NONE',  ( 177.5912666817638126, 9.500000000000000000, 124.7369805438819697 ) ) ;
#4608 = EDGE_CURVE ( 'NONE', #5950, #6768, #1881, .T. ) ;
#4609 = VECTOR ( 'NONE', #70, 1000.000000000000000 ) ;
#4610 = ORIENTED_EDGE ( 'NONE', *, *, #3241, .T. ) ;
#4611 = EDGE_CURVE ( 'NONE', #3559, #3833, #845, .T. ) ;
#4612 = CARTESIAN_POINT ( 'NONE',  ( 21.91891372578183450, 9.500000000000000000, 97.50188770989295506 ) ) ;
#4613 = ORIENTED_EDGE ( 'NONE', *, *, #4109, .F. ) ;
#4614 = CARTESIAN_POINT ( 'NONE',  ( 122.2211697014853087, 1.999999999999998224, 93.50188770989299769 ) ) ;
#4615 = DIRECTION ( 'NONE',  ( 0.000000000000000000, 1.000000000000000000, 0.000000000000000000 ) ) ;
#4616 = DIRECTION ( 'NONE',  ( 0.000000000000000000, -0.000000000000000000, -1.000000000000000000 ) ) ;
#4617 = CARTESIAN_POINT ( 'NONE',  ( 127.2211697014853087, 9.500000000000000000, 159.9717239102517681 ) ) ;
#4618 = ORIENTED_EDGE ( 'NONE', *, *, #2208, .T. ) ;
#4619 = EDGE_CURVE ( 'NONE', #1306, #2398, #1559, .T. ) ;
#4620 = AXIS2_PLACEMENT_3D ( 'NONE', #2292, #6065, #4927 ) ;
#4621 = EDGE_LOOP ( 'NONE', ( #317, #3698, #597, #6585 ) ) ;
#4622 = ORIENTED_EDGE ( 'NONE', *, *, #3335, .F. ) ;
#4623 = ORIENTED_EDGE ( 'NONE', *, *, #4413, .T. ) ;
#4624 = CARTESIAN_POINT ( 'NONE',  ( 68.26116970192092026, 1.999999999999998224, 159.9717239102517681 ) ) ;
#4625 = DIRECTION ( 'NONE',  ( 1.214306433183764966E-16, -1.000000000000000000, 8.660182334703126435E-32 ) ) ;
#4626 = VECTOR ( 'NONE', #2562, 1000.000000000000000 ) ;
#4627 = CARTESIAN_POINT ( 'NONE',  ( 126.2211697014853087, 9.500000000000000000, 40.02827608974846640 ) ) ;
#4628 = VERTEX_POINT ( 'NONE', #5419 ) ;
#4629 = DIRECTION ( 'NONE',  ( -0.000000000000000000, 0.000000000000000000, -1.000000000000000000 ) ) ;
#4630 = EDGE_CURVE ( 'NONE', #2444, #5687, #3644, .T. ) ;
#4631 = EDGE_LOOP ( 'NONE', ( #4287, #4806, #1160, #4837 ) ) ;
#4632 = VECTOR ( 'NONE', #4522, 1000.000000000000000 ) ;
#4633 = ORIENTED_EDGE ( 'NONE', *, *, #2860, .F. ) ;
#4634 = CARTESIAN_POINT ( 'NONE',  ( 46.28116970213874026, 2.000000000000001776, 102.4981376785893161 ) ) ;
#4635 = DIRECTION ( 'NONE',  ( 0.000000000000000000, 0.000000000000000000, 1.000000000000000000 ) ) ;
#4636 = CYLINDRICAL_SURFACE ( 'NONE', #2575, 4.000000000000003553 ) ;
#4637 = DIRECTION ( 'NONE',  ( 0.000000000000000000, 0.000000000000000000, -1.000000000000000000 ) ) ;
#4638 = DIRECTION ( 'NONE',  ( -0.000000000000000000, 1.000000000000000000, -0.000000000000000000 ) ) ;
#4639 = ORIENTED_EDGE ( 'NONE', *, *, #739, .F. ) ;
#4640 = ORIENTED_EDGE ( 'NONE', *, *, #1585, .T. ) ;
#4641 = EDGE_LOOP ( 'NONE', ( #4613, #859, #684, #1599, #794, #460, #3795, #399 ) ) ;
#4642 = EDGE_CURVE ( 'NONE', #5013, #1980, #1076, .T. ) ;
#4643 = VECTOR ( 'NONE', #1447, 1000.000000000000000 ) ;
#4644 = CARTESIAN_POINT ( 'NONE',  ( 153.2011697012675597, 9.500000000000000000, 40.02827608974848062 ) ) ;
#4645 = CYLINDRICAL_SURFACE ( 'NONE', #3821, 4.000000000000003553 ) ;
#4646 = DIRECTION ( 'NONE',  ( 1.214306433183764966E-16, -1.000000000000000000, -2.165045941964102761E-32 ) ) ;
#4647 = AXIS2_PLACEMENT_3D ( 'NONE', #6673, #6633, #2853 ) ;
#4648 = ORIENTED_EDGE ( 'NONE', *, *, #5545, .T. ) ;
#4649 = EDGE_CURVE ( 'NONE', #220, #5492, #4045, .T. ) ;
#4650 = EDGE_CURVE ( 'NONE', #4072, #3155, #960, .T. ) ;
#4651 = DIRECTION ( 'NONE',  ( 1.214306433183764966E-16, -1.000000000000000000, 8.660182334703126435E-32 ) ) ;
#4652 = EDGE_LOOP ( 'NONE', ( #1043, #4648, #6685, #5583 ) ) ;
#4653 = DIRECTION ( 'NONE',  ( -0.000000000000000000, 1.000000000000000000, -0.000000000000000000 ) ) ;
#4654 = VECTOR ( 'NONE', #4257, 1000.000000000000000 ) ;
#4655 = LINE ( 'NONE', #6893, #2784 ) ;
#4656 = FACE_OUTER_BOUND ( 'NONE', #3770, .T. ) ;
#4657 = CARTESIAN_POINT ( 'NONE',  ( 16.94116970170314218, 0.000000000000000000, 173.3000063471202736 ) ) ;
#4658 = ORIENTED_EDGE ( 'NONE', *, *, #1324, .F. ) ;
#4659 = VECTOR ( 'NONE', #3604, 1000.000000000000000 ) ;
#4660 = ORIENTED_EDGE ( 'NONE', *, *, #6123, .F. ) ;
#4661 = ORIENTED_EDGE ( 'NONE', *, *, #1576, .T. ) ;
#4662 = CARTESIAN_POINT ( 'NONE',  ( 181.5810351238890519, 9.500000000000000000, 141.7328810449583614 ) ) ;
#4663 = DIRECTION ( 'NONE',  ( 1.000000000000000000, 1.214306433183763980E-16, 0.000000000000000000 ) ) ;
#4664 = DIRECTION ( 'NONE',  ( 1.000000000000000000, 0.000000000000000000, 0.000000000000000000 ) ) ;
#4665 = ORIENTED_EDGE ( 'NONE', *, *, #3568, .T. ) ;
#4666 = EDGE_LOOP ( 'NONE', ( #3126, #673, #5723, #98 ) ) ;
#4667 = EDGE_CURVE ( 'NONE', #1573, #5916, #3357, .T. ) ;
#4668 = VERTEX_POINT ( 'NONE', #4856 ) ;
#4669 =( NAMED_UNIT ( * ) SI_UNIT ( $, .STERADIAN. ) SOLID_ANGLE_UNIT ( ) );
#4670 = DIRECTION ( 'NONE',  ( 1.000000000000000000, 0.000000000000000000, -1.782948589251572672E-16 ) ) ;
#4671 = FACE_OUTER_BOUND ( 'NONE', #4901, .T. ) ;
#4672 = DIRECTION ( 'NONE',  ( 1.000000000000000000, 0.000000000000000000, 0.000000000000000000 ) ) ;
#4673 = ORIENTED_EDGE ( 'NONE', *, *, #5502, .T. ) ;
#4674 = CIRCLE ( 'NONE', #3189, 4.000000000000003553 ) ;
#4675 = EDGE_LOOP ( 'NONE', ( #6935, #1536, #6818, #4016 ) ) ;
#4676 = LINE ( 'NONE', #431, #2068 ) ;
#4677 = CARTESIAN_POINT ( 'NONE',  ( 21.90466215730799249, 2.000000000000000000, 163.9717239102517681 ) ) ;
#4678 = CARTESIAN_POINT ( 'NONE',  ( 21.91893948763057409, 2.000000000000000000, 62.26711895504224969 ) ) ;
#4679 = AXIS2_PLACEMENT_3D ( 'NONE', #2766, #2139, #5509 ) ;
#4680 = EDGE_CURVE ( 'NONE', #5885, #4699, #7036, .T. ) ;
#4681 = AXIS2_PLACEMENT_3D ( 'NONE', #1609, #2198, #3223 ) ;
#4682 = ORIENTED_EDGE ( 'NONE', *, *, #1617, .T. ) ;
#4683 = CARTESIAN_POINT ( 'NONE',  ( 104.2411697017031003, 9.996441374298318612E-15, 58.26711895504224969 ) ) ;
#4684 = DIRECTION ( 'NONE',  ( 0.000000000000000000, 0.000000000000000000, 1.000000000000000000 ) ) ;
#4685 = LINE ( 'NONE', #5105, #6686 ) ;
#4686 = DIRECTION ( 'NONE',  ( 1.000000000000000000, 0.000000000000000000, 0.000000000000000000 ) ) ;
#4687 = FACE_OUTER_BOUND ( 'NONE', #4621, .T. ) ;
#4688 = CARTESIAN_POINT ( 'NONE',  ( 131.2211697014853087, 1.327264325927953536E-14, 93.50188770989299769 ) ) ;
#4689 = EDGE_CURVE ( 'NONE', #100, #1528, #441, .T. ) ;
#4690 = ORIENTED_EDGE ( 'NONE', *, *, #2324, .T. ) ;
#4691 = VECTOR ( 'NONE', #3603, 1000.000000000000000 ) ;
#4692 = ADVANCED_FACE ( 'NONE', ( #4211 ), #1486, .F. ) ;
#4693 = EDGE_LOOP ( 'NONE', ( #5736, #7055, #4756, #4218, #224, #3629, #2896, #4807 ) ) ;
#4694 = VECTOR ( 'NONE', #3983, 1000.000000000000000 ) ;
#4695 = EDGE_LOOP ( 'NONE', ( #3990, #1166, #819, #5755, #3157, #1743, #419, #1226 ) ) ;
#4696 = CYLINDRICAL_SURFACE ( 'NONE', #2819, 4.000000000000003553 ) ;
#4697 = DIRECTION ( 'NONE',  ( 0.000000000000000000, 1.000000000000000000, 0.000000000000000000 ) ) ;
#4698 = PLANE ( 'NONE',  #2721 ) ;
#4699 = VERTEX_POINT ( 'NONE', #4249 ) ;
#4700 = ORIENTED_EDGE ( 'NONE', *, *, #6086, .T. ) ;
#4701 = ORIENTED_EDGE ( 'NONE', *, *, #2159, .T. ) ;
#4702 = LINE ( 'NONE', #3227, #4142 ) ;
#4703 = EDGE_CURVE ( 'NONE', #5916, #338, #6428, .T. ) ;
#4704 = DIRECTION ( 'NONE',  ( -0.000000000000000000, 1.000000000000000000, -0.000000000000000000 ) ) ;
#4705 = CARTESIAN_POINT ( 'NONE',  ( 50.28116970213873316, 9.500000000000000000, 124.7369805438819981 ) ) ;
#4706 = DIRECTION ( 'NONE',  ( 1.214306433183764966E-16, -1.000000000000000000, -0.000000000000000000 ) ) ;
#4707 = ORIENTED_EDGE ( 'NONE', *, *, #497, .F. ) ;
#4708 = EDGE_LOOP ( 'NONE', ( #2344, #5825, #2071, #3871 ) ) ;
#4709 = LINE ( 'NONE', #6883, #799 ) ;
#4710 = VECTOR ( 'NONE', #693, 1000.000000000000000 ) ;
#4711 = FACE_OUTER_BOUND ( 'NONE', #2743, .T. ) ;
#4712 = FACE_OUTER_BOUND ( 'NONE', #4695, .T. ) ;
#4713 = EDGE_LOOP ( 'NONE', ( #3829, #4511, #5677, #2776 ) ) ;
#4714 = DIRECTION ( 'NONE',  ( -1.214306433183764966E-16, 1.000000000000000000, 0.000000000000000000 ) ) ;
#4715 = DIRECTION ( 'NONE',  ( 1.214306433183764966E-16, -1.000000000000000000, 0.000000000000000000 ) ) ;
#4716 = CARTESIAN_POINT ( 'NONE',  ( 41.28116970213873316, 9.500000000000000000, 124.7369805438819981 ) ) ;
#4717 = CARTESIAN_POINT ( 'NONE',  ( 95.24116970170310026, 9.500000000000000000, 102.4981376785882645 ) ) ;
#4718 = DIRECTION ( 'NONE',  ( -0.000000000000000000, 1.000000000000000000, -0.000000000000000000 ) ) ;
#4719 = CARTESIAN_POINT ( 'NONE',  ( 154.2011697012675597, -26.25789166916414530, 97.50188770989259979 ) ) ;
#4720 = AXIS2_PLACEMENT_3D ( 'NONE', #1215, #5115, #2911 ) ;
#4721 = EDGE_LOOP ( 'NONE', ( #862, #6862, #4103, #4465 ) ) ;
#4722 = VECTOR ( 'NONE', #4928, 1000.000000000000000 ) ;
#4723 = VERTEX_POINT ( 'NONE', #649 ) ;
#4724 = AXIS2_PLACEMENT_3D ( 'NONE', #708, #669, #170 ) ;
#4725 = ORIENTED_EDGE ( 'NONE', *, *, #3159, .T. ) ;
#4726 = LINE ( 'NONE', #1321, #1552 ) ;
#4727 = LINE ( 'NONE', #1353, #949 ) ;
#4728 = ORIENTED_EDGE ( 'NONE', *, *, #5204, .F. ) ;
#4729 = ORIENTED_EDGE ( 'NONE', *, *, #1113, .T. ) ;
#4730 = ORIENTED_EDGE ( 'NONE', *, *, #2148, .T. ) ;
#4731 = EDGE_CURVE ( 'NONE', #67, #654, #1406, .T. ) ;
#4732 = LINE ( 'NONE', #6332, #3575 ) ;
#4733 = EDGE_CURVE ( 'NONE', #226, #3712, #4960, .T. ) ;
#4734 = DIRECTION ( 'NONE',  ( 1.782948589251572672E-16, 0.000000000000000000, 1.000000000000000000 ) ) ;
#4735 = DIRECTION ( 'NONE',  ( -0.000000000000000000, 1.000000000000000000, 0.000000000000000000 ) ) ;
#4736 = PLANE ( 'NONE',  #653 ) ;
#4737 = AXIS2_PLACEMENT_3D ( 'NONE', #1695, #3380, #6552 ) ;
#4738 = ORIENTED_EDGE ( 'NONE', *, *, #211, .F. ) ;
#4739 = EDGE_LOOP ( 'NONE', ( #5017, #4602, #4618, #1923 ) ) ;
#4740 = EDGE_CURVE ( 'NONE', #3258, #1757, #4385, .T. ) ;
#4741 = DIRECTION ( 'NONE',  ( 1.000000000000000000, 0.000000000000000000, -1.495451272393799296E-16 ) ) ;
#4742 = AXIS2_PLACEMENT_3D ( 'NONE', #5290, #1332, #2921 ) ;
#4743 = DIRECTION ( 'NONE',  ( 0.000000000000000000, 0.000000000000000000, 1.000000000000000000 ) ) ;
#4744 = LINE ( 'NONE', #2251, #1048 ) ;
#4745 = ADVANCED_FACE ( 'NONE', ( #5524 ), #3956, .F. ) ;
#4746 = DIRECTION ( 'NONE',  ( -1.000000000000000000, 0.000000000000000000, -7.131793176782546675E-16 ) ) ;
#4747 = VERTEX_POINT ( 'NONE', #3849 ) ;
#4748 = ORIENTED_EDGE ( 'NONE', *, *, #173, .F. ) ;
#4749 = DIRECTION ( 'NONE',  ( 0.000000000000000000, 0.000000000000000000, 1.000000000000000000 ) ) ;
#4750 = FACE_OUTER_BOUND ( 'NONE', #1430, .T. ) ;
#4751 = DIRECTION ( 'NONE',  ( 0.000000000000000000, 0.000000000000000000, -1.000000000000000000 ) ) ;
#4752 = CARTESIAN_POINT ( 'NONE',  ( 21.91891372578175279, 2.000000000000000000, 36.02827608974838824 ) ) ;
#4753 = CARTESIAN_POINT ( 'NONE',  ( 77.26116970192093447, 1.999999999999998224, 75.26304484459959099 ) ) ;
#4754 = DIRECTION ( 'NONE',  ( 1.214306433183764966E-16, -1.000000000000000000, 8.660182334703126435E-32 ) ) ;
#4755 = AXIS2_PLACEMENT_3D ( 'NONE', #3468, #4506, #2792 ) ;
#4756 = ORIENTED_EDGE ( 'NONE', *, *, #2907, .F. ) ;
#4757 = AXIS2_PLACEMENT_3D ( 'NONE', #2430, #3752, #5453 ) ;
#4758 = VERTEX_POINT ( 'NONE', #6561 ) ;
#4759 = ORIENTED_EDGE ( 'NONE', *, *, #6283, .T. ) ;
#4760 = CARTESIAN_POINT ( 'NONE',  ( 41.28116970213874026, 4.999999999999999112, 36.02827608974841667 ) ) ;
#4761 = CARTESIAN_POINT ( 'NONE',  ( 100.2411697017031003, 2.000000000000000000, 93.50188770989298348 ) ) ;
#4762 = DIRECTION ( 'NONE',  ( 0.000000000000000000, 0.000000000000000000, 1.000000000000000000 ) ) ;
#4763 = ORIENTED_EDGE ( 'NONE', *, *, #2836, .T. ) ;
#4764 = CIRCLE ( 'NONE', #71, 4.000000000000031086 ) ;
#4765 = ORIENTED_EDGE ( 'NONE', *, *, #109, .T. ) ;
#4766 = ORIENTED_EDGE ( 'NONE', *, *, #705, .F. ) ;
#4767 = ADVANCED_FACE ( 'NONE', ( #1231 ), #6031, .F. ) ;
#4768 = CARTESIAN_POINT ( 'NONE',  ( 122.2211697014853087, 0.000000000000000000, 97.50188770989299769 ) ) ;
#4769 = CARTESIAN_POINT ( 'NONE',  ( 50.28116970213873316, 9.500000000000000000, 58.26711895504224969 ) ) ;
#4770 = LINE ( 'NONE', #278, #4357 ) ;
#4771 = DIRECTION ( 'NONE',  ( 1.000000000000000000, 0.000000000000000000, -1.676061329446190724E-16 ) ) ;
#4772 = ORIENTED_EDGE ( 'NONE', *, *, #380, .T. ) ;
#4773 = VERTEX_POINT ( 'NONE', #1667 ) ;
#4774 = EDGE_CURVE ( 'NONE', #5335, #5904, #5293, .T. ) ;
#4775 = DIRECTION ( 'NONE',  ( -0.000000000000000000, 1.000000000000000000, -0.000000000000000000 ) ) ;
#4776 = DIRECTION ( 'NONE',  ( -1.214306433183764966E-16, 1.000000000000000000, -8.660182334703126435E-32 ) ) ;
#4777 = FACE_BOUND ( 'NONE', #141, .T. ) ;
#4778 = LINE ( 'NONE', #1518, #3636 ) ;
#4779 = EDGE_CURVE ( 'NONE', #1272, #2070, #3882, .T. ) ;
#4780 = ORIENTED_EDGE ( 'NONE', *, *, #3294, .T. ) ;
#4781 = VECTOR ( 'NONE', #6026, 1000.000000000000000 ) ;
#4782 = CARTESIAN_POINT ( 'NONE',  ( 154.2011697012675597, 2.000000000000001776, 97.50188770989259979 ) ) ;
#4783 = FACE_OUTER_BOUND ( 'NONE', #2629, .T. ) ;
#4784 = AXIS2_PLACEMENT_3D ( 'NONE', #1665, #2815, #6030 ) ;
#4785 = CARTESIAN_POINT ( 'NONE',  ( 177.5810351238888813, 0.000000000000000000, 71.26304484459957678 ) ) ;
#4786 = DIRECTION ( 'NONE',  ( 0.000000000000000000, 1.000000000000000000, 0.000000000000000000 ) ) ;
#4787 = CARTESIAN_POINT ( 'NONE',  ( 21.90466215730799249, 0.000000000000000000, 163.9717239102517681 ) ) ;
#4788 = CARTESIAN_POINT ( 'NONE',  ( 6.941169701703125305, 0.000000000000000000, 26.70000634712029708 ) ) ;
#4789 = VERTEX_POINT ( 'NONE', #5999 ) ;
#4790 = EDGE_CURVE ( 'NONE', #2351, #1106, #3816, .T. ) ;
#4791 = ORIENTED_EDGE ( 'NONE', *, *, #5854, .T. ) ;
#4792 = ORIENTED_EDGE ( 'NONE', *, *, #6780, .F. ) ;
#4793 = LINE ( 'NONE', #5869, #5213 ) ;
#4794 = DIRECTION ( 'NONE',  ( 1.000000000000000000, 1.214306433183764966E-16, 0.000000000000000000 ) ) ;
#4795 = CARTESIAN_POINT ( 'NONE',  ( 21.90466215730799249, 0.000000000000000000, 163.9717239102517681 ) ) ;
#4796 = ORIENTED_EDGE ( 'NONE', *, *, #4513, .T. ) ;
#4797 = EDGE_LOOP ( 'NONE', ( #1649, #1327, #1449, #4763, #5177, #1983, #3115, #2091 ) ) ;
#4798 = CIRCLE ( 'NONE', #5367, 4.000000000000003553 ) ;
#4799 = ORIENTED_EDGE ( 'NONE', *, *, #6158, .F. ) ;
#4800 = EDGE_CURVE ( 'NONE', #2012, #1407, #2321, .T. ) ;
#4801 = DIRECTION ( 'NONE',  ( -0.000000000000000000, 1.000000000000000000, -0.000000000000000000 ) ) ;
#4802 = LINE ( 'NONE', #6981, #326 ) ;
#4803 = CARTESIAN_POINT ( 'NONE',  ( 177.5810351238888813, 0.000000000000000000, 71.26304484459957678 ) ) ;
#4804 = AXIS2_PLACEMENT_3D ( 'NONE', #2465, #3431, #6719 ) ;
#4805 = CARTESIAN_POINT ( 'NONE',  ( 68.26116970192092026, 9.500000000000000000, 36.02827608974843088 ) ) ;
#4806 = ORIENTED_EDGE ( 'NONE', *, *, #7091, .T. ) ;
#4807 = ORIENTED_EDGE ( 'NONE', *, *, #4056, .F. ) ;
#4808 = CARTESIAN_POINT ( 'NONE',  ( 95.24116970170310026, 9.500000000000000000, 137.7328810449583330 ) ) ;
#4809 = DIRECTION ( 'NONE',  ( 0.000000000000000000, 1.000000000000000000, 0.000000000000000000 ) ) ;
#4810 = DIRECTION ( 'NONE',  ( 1.214306433183764966E-16, -1.000000000000000000, 7.577659542865232346E-32 ) ) ;
#4811 = FACE_BOUND ( 'NONE', #117, .T. ) ;
#4812 = EDGE_CURVE ( 'NONE', #4394, #3246, #5640, .T. ) ;
#4813 = DIRECTION ( 'NONE',  ( -0.000000000000000000, 1.000000000000000000, -0.000000000000000000 ) ) ;
#4814 = ORIENTED_EDGE ( 'NONE', *, *, #4109, .T. ) ;
#4815 = VECTOR ( 'NONE', #642, 1000.000000000000000 ) ;
#4816 = PLANE ( 'NONE',  #5973 ) ;
#4817 = LINE ( 'NONE', #3747, #3083 ) ;
#4818 = CARTESIAN_POINT ( 'NONE',  ( 21.91891372578183450, 2.000000000000000000, 97.50188770989295506 ) ) ;
#4819 = EDGE_CURVE ( 'NONE', #6235, #5885, #1184, .T. ) ;
#4820 = DIRECTION ( 'NONE',  ( 0.000000000000000000, 0.000000000000000000, 1.000000000000000000 ) ) ;
#4821 = CARTESIAN_POINT ( 'NONE',  ( 73.26116970192092026, -26.25789166916415596, 36.02830147823004836 ) ) ;
#4822 = CARTESIAN_POINT ( 'NONE',  ( 131.2211697014853087, 9.500000000000000000, 97.50188770989299769 ) ) ;
#4823 = VERTEX_POINT ( 'NONE', #3386 ) ;
#4824 = EDGE_CURVE ( 'NONE', #5494, #1384, #2227, .T. ) ;
#4825 = AXIS2_PLACEMENT_3D ( 'NONE', #4104, #3462, #2967 ) ;
#4826 = ORIENTED_EDGE ( 'NONE', *, *, #5676, .F. ) ;
#4827 = ORIENTED_EDGE ( 'NONE', *, *, #6214, .F. ) ;
#4828 = DIRECTION ( 'NONE',  ( 0.000000000000000000, 0.000000000000000000, 1.000000000000000000 ) ) ;
#4829 = EDGE_CURVE ( 'NONE', #4105, #4564, #6101, .T. ) ;
#4830 = CIRCLE ( 'NONE', #1277, 4.000000000000003553 ) ;
#4831 = CARTESIAN_POINT ( 'NONE',  ( 99.24116970170310026, 5.000000000000012434, 124.7369805438819839 ) ) ;
#4832 = CIRCLE ( 'NONE', #136, 4.000000000000003553 ) ;
#4833 = CARTESIAN_POINT ( 'NONE',  ( 131.2211697014853087, 1.327264013100166977E-14, 124.7369805438819839 ) ) ;
#4834 = ORIENTED_EDGE ( 'NONE', *, *, #6275, .T. ) ;
#4835 = LINE ( 'NONE', #1075, #3769 ) ;
#4836 = AXIS2_PLACEMENT_3D ( 'NONE', #2872, #4442, #3868 ) ;
#4837 = ORIENTED_EDGE ( 'NONE', *, *, #5633, .T. ) ;
#4838 = VERTEX_POINT ( 'NONE', #2781 ) ;
#4839 = CARTESIAN_POINT ( 'NONE',  ( 122.2211697014853087, 0.000000000000000000, 128.7369805438819697 ) ) ;
#4840 = AXIS2_PLACEMENT_3D ( 'NONE', #5036, #4139, #4686 ) ;
#4841 = EDGE_CURVE ( 'NONE', #2552, #57, #2891, .T. ) ;
#4842 = LINE ( 'NONE', #5474, #6955 ) ;
#4843 = EDGE_LOOP ( 'NONE', ( #354, #1952, #4410, #4197 ) ) ;
#4844 = AXIS2_PLACEMENT_3D ( 'NONE', #2155, #2679, #2047 ) ;
#4845 = DIRECTION ( 'NONE',  ( 1.214306433183764966E-16, -1.000000000000000000, -0.000000000000000000 ) ) ;
#4846 = LINE ( 'NONE', #1435, #3933 ) ;
#4847 = DIRECTION ( 'NONE',  ( 1.000000000000000000, 0.000000000000000000, 0.000000000000000000 ) ) ;
#4848 = FACE_BOUND ( 'NONE', #3553, .T. ) ;
#4849 = VECTOR ( 'NONE', #4743, 1000.000000000000000 ) ;
#4850 = EDGE_CURVE ( 'NONE', #3932, #6616, #5184, .T. ) ;
#4851 = CARTESIAN_POINT ( 'NONE',  ( 100.2411697017031003, 9.500000000000000000, 75.26304484459959099 ) ) ;
#4852 = EDGE_LOOP ( 'NONE', ( #7044, #1244, #2478, #2371 ) ) ;
#4853 = DIRECTION ( 'NONE',  ( -1.000000000000000000, 0.000000000000000000, 0.000000000000000000 ) ) ;
#4854 = DIRECTION ( 'NONE',  ( 1.214306433183764966E-16, -1.000000000000000000, 0.000000000000000000 ) ) ;
#4855 = CARTESIAN_POINT ( 'NONE',  ( 154.2011697012675597, 5.000000000000017764, 106.4981376785883072 ) ) ;
#4856 = CARTESIAN_POINT ( 'NONE',  ( 50.28116970213873316, 9.500000000000000000, 163.9717239102517681 ) ) ;
#4857 = FACE_OUTER_BOUND ( 'NONE', #3569, .T. ) ;
#4858 = CARTESIAN_POINT ( 'NONE',  ( 21.91893948763057409, 0.000000000000000000, 62.26711895504224969 ) ) ;
#4859 = VERTEX_POINT ( 'NONE', #5062 ) ;
#4860 = ADVANCED_FACE ( 'NONE', ( #3352 ), #154, .F. ) ;
#4861 = EDGE_CURVE ( 'NONE', #5591, #2245, #540, .T. ) ;
#4862 = ORIENTED_EDGE ( 'NONE', *, *, #6801, .F. ) ;
#4863 = EDGE_LOOP ( 'NONE', ( #1774, #3594, #5565, #5670 ) ) ;
#4864 = CIRCLE ( 'NONE', #3390, 4.000000000000003553 ) ;
#4865 = CARTESIAN_POINT ( 'NONE',  ( 149.2011697012675597, 9.500000000000000000, 93.50188770989299769 ) ) ;
#4866 = DIRECTION ( 'NONE',  ( -0.000000000000000000, 1.000000000000000000, -0.000000000000000000 ) ) ;
#4867 = CARTESIAN_POINT ( 'NONE',  ( 45.28116970213873316, 9.500000000000000000, 124.7369805438819981 ) ) ;
#4868 = DIRECTION ( 'NONE',  ( -1.214306433183764966E-16, 1.000000000000000000, -8.660182334703126435E-32 ) ) ;
#4869 = ORIENTED_EDGE ( 'NONE', *, *, #1932, .F. ) ;
#4870 = DIRECTION ( 'NONE',  ( 0.000000000000000000, 1.000000000000000000, 0.000000000000000000 ) ) ;
#4871 = CIRCLE ( 'NONE', #3838, 4.000000000000003553 ) ;
#4872 = VERTEX_POINT ( 'NONE', #6245 ) ;
#4873 = ORIENTED_EDGE ( 'NONE', *, *, #4336, .T. ) ;
#4874 = DIRECTION ( 'NONE',  ( -0.000000000000000000, 1.000000000000000000, -0.000000000000000000 ) ) ;
#4875 = CIRCLE ( 'NONE', #6128, 4.000000000000003553 ) ;
#4876 = CARTESIAN_POINT ( 'NONE',  ( 177.5912666817638126, 2.000000000000000000, 36.02827608974849483 ) ) ;
#4877 = EDGE_CURVE ( 'NONE', #4545, #1049, #4067, .T. ) ;
#4878 = EDGE_LOOP ( 'NONE', ( #1682, #6653, #1871, #203 ) ) ;
#4879 = VECTOR ( 'NONE', #3035, 1000.000000000000000 ) ;
#4880 = DIRECTION ( 'NONE',  ( 1.214306433183764966E-16, -1.000000000000000000, -2.165045941964102761E-32 ) ) ;
#4881 = CARTESIAN_POINT ( 'NONE',  ( 177.5912666817638126, 0.000000000000000000, 36.02827608974849483 ) ) ;
#4882 = DIRECTION ( 'NONE',  ( 0.000000000000000000, 1.000000000000000000, 0.000000000000000000 ) ) ;
#4883 = DIRECTION ( 'NONE',  ( 1.000000000000000000, 0.000000000000000000, 0.000000000000000000 ) ) ;
#4884 = EDGE_CURVE ( 'NONE', #1810, #5833, #3063, .T. ) ;
#4885 = DIRECTION ( 'NONE',  ( -1.214306433183764966E-16, 1.000000000000000000, 0.000000000000000000 ) ) ;
#4886 = ORIENTED_EDGE ( 'NONE', *, *, #5149, .F. ) ;
#4887 = EDGE_CURVE ( 'NONE', #3547, #1908, #3022, .T. ) ;
#4888 = CARTESIAN_POINT ( 'NONE',  ( 99.24116970170310026, 5.000000000000012434, 93.50188770989298348 ) ) ;
#4889 = DIRECTION ( 'NONE',  ( 1.214306433183764966E-16, -1.000000000000000000, 0.000000000000000000 ) ) ;
#4890 = VECTOR ( 'NONE', #4962, 1000.000000000000000 ) ;
#4891 = CARTESIAN_POINT ( 'NONE',  ( 122.2211697014853087, 2.000000000000000000, 71.26304484459957678 ) ) ;
#4892 = ORIENTED_EDGE ( 'NONE', *, *, #692, .T. ) ;
#4893 = EDGE_CURVE ( 'NONE', #801, #5003, #6786, .T. ) ;
#4894 = VECTOR ( 'NONE', #6454, 1000.000000000000000 ) ;
#4895 = VECTOR ( 'NONE', #1702, 1000.000000000000000 ) ;
#4896 = ORIENTED_EDGE ( 'NONE', *, *, #6474, .T. ) ;
#4897 = ORIENTED_EDGE ( 'NONE', *, *, #6320, .F. ) ;
#4898 = CARTESIAN_POINT ( 'NONE',  ( 41.28116970213874026, 2.000000000000001776, 97.50188770989295506 ) ) ;
#4899 = LINE ( 'NONE', #4831, #3123 ) ;
#4900 = CARTESIAN_POINT ( 'NONE',  ( 45.28116970213873316, 9.500000000000000000, 93.50188770989295506 ) ) ;
#4901 = EDGE_LOOP ( 'NONE', ( #4242, #2822, #2887, #4085 ) ) ;
#4902 = PRODUCT_DEFINITION ( 'UNKNOWN', '', #6603, #3820 ) ;
#4903 = VECTOR ( 'NONE', #1429, 1000.000000000000000 ) ;
#4904 = ADVANCED_FACE ( 'NONE', ( #5742 ), #2354, .F. ) ;
#4905 = DIRECTION ( 'NONE',  ( 0.000000000000000000, 1.000000000000000000, 0.000000000000000000 ) ) ;
#4906 = ADVANCED_FACE ( 'NONE', ( #6211 ), #1337, .F. ) ;
#4907 = ORIENTED_EDGE ( 'NONE', *, *, #713, .T. ) ;
#4908 = ORIENTED_EDGE ( 'NONE', *, *, #1722, .T. ) ;
#4909 = VECTOR ( 'NONE', #4854, 1000.000000000000000 ) ;
#4910 = ORIENTED_EDGE ( 'NONE', *, *, #4029, .T. ) ;
#4911 = DIRECTION ( 'NONE',  ( -1.214306433183764966E-16, 1.000000000000000000, -0.000000000000000000 ) ) ;
#4912 = ADVANCED_FACE ( 'NONE', ( #3530 ), #4645, .F. ) ;
#4913 = LINE ( 'NONE', #6584, #1235 ) ;
#4914 = VECTOR ( 'NONE', #42, 1000.000000000000000 ) ;
#4915 = ORIENTED_EDGE ( 'NONE', *, *, #4245, .F. ) ;
#4916 = DIRECTION ( 'NONE',  ( 0.000000000000000000, 0.000000000000000000, 1.000000000000000000 ) ) ;
#4917 = AXIS2_PLACEMENT_3D ( 'NONE', #6642, #1679, #3395 ) ;
#4918 = DIRECTION ( 'NONE',  ( -1.000000000000000000, 0.000000000000000000, -7.718458180190537841E-16 ) ) ;
#4919 = CARTESIAN_POINT ( 'NONE',  ( 100.2411697017031003, 9.500000000000000000, 40.02827608974845219 ) ) ;
#4920 = DIRECTION ( 'NONE',  ( 0.000000000000000000, -1.000000000000000000, 0.000000000000000000 ) ) ;
#4921 = DIRECTION ( 'NONE',  ( 0.000000000000000000, 1.000000000000000000, 0.000000000000000000 ) ) ;
#4922 = ADVANCED_FACE ( 'NONE', ( #1816 ), #2386, .F. ) ;
#4923 = VERTEX_POINT ( 'NONE', #6279 ) ;
#4924 = CARTESIAN_POINT ( 'NONE',  ( 72.26116970192092026, 9.500000000000000000, 124.7369805438819981 ) ) ;
#4925 = ORIENTED_EDGE ( 'NONE', *, *, #52, .T. ) ;
#4926 = EDGE_CURVE ( 'NONE', #4838, #6723, #1266, .T. ) ;
#4927 = DIRECTION ( 'NONE',  ( 0.000000000000000000, 0.000000000000000000, -1.000000000000000000 ) ) ;
#4928 = DIRECTION ( 'NONE',  ( 1.214306433183764966E-16, -1.000000000000000000, 0.000000000000000000 ) ) ;
#4929 = CARTESIAN_POINT ( 'NONE',  ( 21.91891372578183450, 0.000000000000000000, 106.4981376785882361 ) ) ;
#4930 = VERTEX_POINT ( 'NONE', #2993 ) ;
#4931 = CIRCLE ( 'NONE', #6866, 4.000000000000003553 ) ;
#4932 = ORIENTED_EDGE ( 'NONE', *, *, #1586, .F. ) ;
#4933 = ORIENTED_EDGE ( 'NONE', *, *, #6484, .F. ) ;
#4934 = PLANE ( 'NONE',  #3945 ) ;
#4935 = ADVANCED_FACE ( 'NONE', ( #3028 ), #5710, .F. ) ;
#4936 = CYLINDRICAL_SURFACE ( 'NONE', #6892, 4.000000000000003553 ) ;
#4937 = DIRECTION ( 'NONE',  ( -1.000000000000000000, 0.000000000000000000, -6.240319029684725998E-16 ) ) ;
#4938 = DIRECTION ( 'NONE',  ( 0.000000000000000000, 1.000000000000000000, 0.000000000000000000 ) ) ;
#4939 = VECTOR ( 'NONE', #2461, 1000.000000000000000 ) ;
#4940 = CARTESIAN_POINT ( 'NONE',  ( 154.2011697012675597, 9.500000000000000000, 75.26304484459959099 ) ) ;
#4941 = VERTEX_POINT ( 'NONE', #1303 ) ;
#4942 = LINE ( 'NONE', #5432, #3421 ) ;
#4943 = VERTEX_POINT ( 'NONE', #3494 ) ;
#4944 = ORIENTED_EDGE ( 'NONE', *, *, #1722, .F. ) ;
#4945 = CIRCLE ( 'NONE', #5392, 4.000000000000003553 ) ;
#4946 = VECTOR ( 'NONE', #5822, 1000.000000000000000 ) ;
#4947 = VERTEX_POINT ( 'NONE', #6815 ) ;
#4948 = DIRECTION ( 'NONE',  ( -0.000000000000000000, 1.000000000000000000, -0.000000000000000000 ) ) ;
#4949 = FACE_OUTER_BOUND ( 'NONE', #3697, .T. ) ;
#4950 = ORIENTED_EDGE ( 'NONE', *, *, #3279, .T. ) ;
#4951 = EDGE_CURVE ( 'NONE', #6697, #5503, #1927, .T. ) ;
#4952 = ADVANCED_FACE ( 'NONE', ( #807 ), #4606, .F. ) ;
#4953 = LINE ( 'NONE', #5620, #1329 ) ;
#4954 = VECTOR ( 'NONE', #2268, 1000.000000000000000 ) ;
#4955 = EDGE_CURVE ( 'NONE', #2150, #4072, #286, .T. ) ;
#4956 = DIRECTION ( 'NONE',  ( 1.214306433183764966E-16, -1.000000000000000000, 0.000000000000000000 ) ) ;
#4957 = DIRECTION ( 'NONE',  ( 0.000000000000000000, 1.000000000000000000, 0.000000000000000000 ) ) ;
#4958 = CARTESIAN_POINT ( 'NONE',  ( 21.90873331823642189, 9.500000000000000000, 137.7328810449583330 ) ) ;
#4959 = CARTESIAN_POINT ( 'NONE',  ( 68.26116970192092026, 9.500000000000000000, 102.4981376785882361 ) ) ;
#4960 = CIRCLE ( 'NONE', #3240, 4.000000000000003553 ) ;
#4961 = EDGE_LOOP ( 'NONE', ( #7033, #2758, #5706, #2593 ) ) ;
#4962 = DIRECTION ( 'NONE',  ( -1.214306433183764966E-16, 1.000000000000000000, -7.577659542865232346E-32 ) ) ;
#4963 = EDGE_CURVE ( 'NONE', #1129, #2060, #1964, .T. ) ;
#4964 = EDGE_CURVE ( 'NONE', #6616, #4105, #3599, .T. ) ;
#4965 = VECTOR ( 'NONE', #5634, 1000.000000000000000 ) ;
#4966 = DIRECTION ( 'NONE',  ( 0.000000000000000000, 1.000000000000000000, 0.000000000000000000 ) ) ;
#4967 = CARTESIAN_POINT ( 'NONE',  ( 21.91893948763057409, 0.000000000000000000, 128.7369805438819981 ) ) ;
#4968 = DIRECTION ( 'NONE',  ( 0.000000000000000000, 0.000000000000000000, 1.000000000000000000 ) ) ;
#4969 = EDGE_LOOP ( 'NONE', ( #5435, #7090, #2974, #3537, #2856, #1975, #3814, #6492 ) ) ;
#4970 = VERTEX_POINT ( 'NONE', #916 ) ;
#4971 = EDGE_LOOP ( 'NONE', ( #4025, #319, #487, #5971, #246, #2991, #3936, #7011 ) ) ;
#4972 = LINE ( 'NONE', #1102, #3378 ) ;
#4973 = CARTESIAN_POINT ( 'NONE',  ( 131.2211697014853087, 2.000000000000000000, 163.9717239102517681 ) ) ;
#4974 = CYLINDRICAL_SURFACE ( 'NONE', #5719, 4.000000000000003553 ) ;
#4975 = LINE ( 'NONE', #2270, #390 ) ;
#4976 = ORIENTED_EDGE ( 'NONE', *, *, #1302, .F. ) ;
#4977 = EDGE_CURVE ( 'NONE', #6778, #4148, #6379, .T. ) ;
#4978 = EDGE_CURVE ( 'NONE', #2951, #4474, #489, .T. ) ;
#4979 = ORIENTED_EDGE ( 'NONE', *, *, #6797, .T. ) ;
#4980 = CIRCLE ( 'NONE', #5539, 4.000000000000003553 ) ;
#4981 = ORIENTED_EDGE ( 'NONE', *, *, #2015, .T. ) ;
#4982 = VERTEX_POINT ( 'NONE', #3776 ) ;
#4983 = FACE_OUTER_BOUND ( 'NONE', #30, .T. ) ;
#4984 = DIRECTION ( 'NONE',  ( -0.000000000000000000, 1.000000000000000000, -0.000000000000000000 ) ) ;
#4985 = ORIENTED_EDGE ( 'NONE', *, *, #1090, .T. ) ;
#4986 = EDGE_CURVE ( 'NONE', #5893, #2375, #5846, .T. ) ;
#4987 = LINE ( 'NONE', #2246, #3960 ) ;
#4988 = AXIS2_PLACEMENT_3D ( 'NONE', #6055, #601, #6732 ) ;
#4989 = CYLINDRICAL_SURFACE ( 'NONE', #6309, 10.00000000000000178 ) ;
#4990 = CARTESIAN_POINT ( 'NONE',  ( 127.2211697014853087, 9.500000000000000000, 141.7328810449583614 ) ) ;
#4991 = PLANE ( 'NONE',  #4737 ) ;
#4992 = DIRECTION ( 'NONE',  ( 0.000000000000000000, 0.000000000000000000, -1.000000000000000000 ) ) ;
#4993 = LINE ( 'NONE', #1157, #6036 ) ;
#4994 = EDGE_CURVE ( 'NONE', #619, #1031, #4846, .T. ) ;
#4995 = VECTOR ( 'NONE', #4236, 1000.000000000000000 ) ;
#4996 = ORIENTED_EDGE ( 'NONE', *, *, #1538, .F. ) ;
#4997 = CARTESIAN_POINT ( 'NONE',  ( 73.26116970192092026, -26.25789166916415596, 97.50188770989215925 ) ) ;
#4998 = CARTESIAN_POINT ( 'NONE',  ( 100.2411697017031003, 9.500000000000000000, 93.50188770989298348 ) ) ;
#4999 = DIRECTION ( 'NONE',  ( -0.000000000000000000, 1.000000000000000000, -0.000000000000000000 ) ) ;
#5000 = DIRECTION ( 'NONE',  ( -1.000000000000000000, 0.000000000000000000, 0.000000000000000000 ) ) ;
#5001 = DIRECTION ( 'NONE',  ( -0.000000000000000000, 1.000000000000000000, -0.000000000000000000 ) ) ;
#5002 = ORIENTED_EDGE ( 'NONE', *, *, #5116, .T. ) ;
#5003 = VERTEX_POINT ( 'NONE', #2667 ) ;
#5004 = ORIENTED_EDGE ( 'NONE', *, *, #966, .F. ) ;
#5005 = DIRECTION ( 'NONE',  ( 1.000000000000000000, 1.214306433183764966E-16, -0.000000000000000000 ) ) ;
#5006 = DIRECTION ( 'NONE',  ( 1.000000000000000000, 0.000000000000000000, 0.000000000000000000 ) ) ;
#5007 = DIRECTION ( 'NONE',  ( 1.214306433183764966E-16, -1.000000000000000000, 0.000000000000000000 ) ) ;
#5008 = DIRECTION ( 'NONE',  ( -1.000000000000000000, 0.000000000000000000, 0.000000000000000000 ) ) ;
#5009 = CARTESIAN_POINT ( 'NONE',  ( 149.2011697012675597, 2.000000000000000000, 36.02827608974848062 ) ) ;
#5010 = EDGE_LOOP ( 'NONE', ( #2106, #1470, #2197, #7089 ) ) ;
#5011 = ORIENTED_EDGE ( 'NONE', *, *, #534, .F. ) ;
#5012 = ORIENTED_EDGE ( 'NONE', *, *, #1026, .F. ) ;
#5013 = VERTEX_POINT ( 'NONE', #5339 ) ;
#5014 = CARTESIAN_POINT ( 'NONE',  ( 100.2411697017031003, 2.000000000000001776, 97.50188770989231557 ) ) ;
#5015 = CIRCLE ( 'NONE', #5455, 4.000000000000003553 ) ;
#5016 = PLANE ( 'NONE',  #3416 ) ;
#5017 = ORIENTED_EDGE ( 'NONE', *, *, #109, .F. ) ;
#5018 = AXIS2_PLACEMENT_3D ( 'NONE', #5300, #980, #3736 ) ;
#5019 = FACE_OUTER_BOUND ( 'NONE', #1853, .T. ) ;
#5020 = CARTESIAN_POINT ( 'NONE',  ( 181.5912666817638126, 9.500000000000000000, 124.7369805438819839 ) ) ;
#5021 = CARTESIAN_POINT ( 'NONE',  ( 95.24116970170310026, 2.000000000000001776, 93.50188770989298348 ) ) ;
#5022 = DIRECTION ( 'NONE',  ( 1.214306433183764966E-16, -1.000000000000000000, -0.000000000000000000 ) ) ;
#5023 = VECTOR ( 'NONE', #3385, 1000.000000000000000 ) ;
#5024 = DIRECTION ( 'NONE',  ( 0.000000000000000000, 0.000000000000000000, 1.000000000000000000 ) ) ;
#5025 = ORIENTED_EDGE ( 'NONE', *, *, #4553, .F. ) ;
#5026 = CARTESIAN_POINT ( 'NONE',  ( 182.5411697017031258, 2.000000000000000000, 163.3000063471202452 ) ) ;
#5027 = AXIS2_PLACEMENT_3D ( 'NONE', #4130, #6952, #1514 ) ;
#5028 = DIRECTION ( 'NONE',  ( 1.000000000000000000, 0.000000000000000000, 3.565896588391270872E-16 ) ) ;
#5029 = CARTESIAN_POINT ( 'NONE',  ( 177.6055182502376510, 0.000000000000000000, 163.9717239102517681 ) ) ;
#5030 = CARTESIAN_POINT ( 'NONE',  ( 127.2211697014853087, 2.000000000000000000, 159.9717239102517681 ) ) ;
#5031 = ORIENTED_EDGE ( 'NONE', *, *, #410, .T. ) ;
#5032 = ADVANCED_FACE ( 'NONE', ( #4711 ), #432, .F. ) ;
#5033 = EDGE_CURVE ( 'NONE', #2823, #5688, #3710, .T. ) ;
#5034 = ORIENTED_EDGE ( 'NONE', *, *, #455, .T. ) ;
#5035 = CARTESIAN_POINT ( 'NONE',  ( 149.2011697012675597, 2.000000000000000000, 137.7328810449583330 ) ) ;
#5036 = CARTESIAN_POINT ( 'NONE',  ( 68.26116970192092026, -26.25789166916415596, 93.50188770989296927 ) ) ;
#5037 = LINE ( 'NONE', #4267, #6057 ) ;
#5038 = EDGE_CURVE ( 'NONE', #2398, #425, #3631, .T. ) ;
#5039 = DIRECTION ( 'NONE',  ( -1.000000000000000000, -1.214306433183764966E-16, 0.000000000000000000 ) ) ;
#5040 = DIRECTION ( 'NONE',  ( 1.214306433183764966E-16, -1.000000000000000000, -0.000000000000000000 ) ) ;
#5041 = AXIS2_PLACEMENT_3D ( 'NONE', #1660, #1156, #4992 ) ;
#5042 = ORIENTED_EDGE ( 'NONE', *, *, #4359, .T. ) ;
#5043 = EDGE_LOOP ( 'NONE', ( #3067, #578, #2401, #5611 ) ) ;
#5044 = ORIENTED_EDGE ( 'NONE', *, *, #2702, .T. ) ;
#5045 = VECTOR ( 'NONE', #1363, 1000.000000000000000 ) ;
#5046 = DIRECTION ( 'NONE',  ( 0.000000000000000000, 0.000000000000000000, -1.000000000000000000 ) ) ;
#5047 = DIRECTION ( 'NONE',  ( 1.000000000000000000, 0.000000000000000000, -1.782948589251572672E-16 ) ) ;
#5048 = AXIS2_PLACEMENT_3D ( 'NONE', #957, #6387, #4853 ) ;
#5049 = ORIENTED_EDGE ( 'NONE', *, *, #2159, .F. ) ;
#5050 = DIRECTION ( 'NONE',  ( 0.000000000000000000, 1.000000000000000000, 0.000000000000000000 ) ) ;
#5051 = VERTEX_POINT ( 'NONE', #3097 ) ;
#5052 = DIRECTION ( 'NONE',  ( 0.000000000000000000, 1.000000000000000000, 0.000000000000000000 ) ) ;
#5053 = DIRECTION ( 'NONE',  ( 0.000000000000000000, -0.000000000000000000, -1.000000000000000000 ) ) ;
#5054 = CARTESIAN_POINT ( 'NONE',  ( 181.5912666817638126, 2.000000000000000000, 124.7369805438819839 ) ) ;
#5055 = CARTESIAN_POINT ( 'NONE',  ( 50.28116970213873316, 2.000000000000000000, 163.9717239102517681 ) ) ;
#5056 = VECTOR ( 'NONE', #5898, 1000.000000000000000 ) ;
#5057 = CARTESIAN_POINT ( 'NONE',  ( 182.5411697017031258, 2.000000000000000000, 163.3000063471202452 ) ) ;
#5058 = ORIENTED_EDGE ( 'NONE', *, *, #3535, .F. ) ;
#5059 = EDGE_LOOP ( 'NONE', ( #5221, #5441, #5275, #976, #453, #2266, #4799, #5464 ) ) ;
#5060 = DIRECTION ( 'NONE',  ( 1.214306433183764966E-16, -1.000000000000000000, 7.577659542865232346E-32 ) ) ;
#5061 = EDGE_CURVE ( 'NONE', #4235, #1003, #5413, .T. ) ;
#5062 = CARTESIAN_POINT ( 'NONE',  ( 41.28116970213874026, 2.000000000000000000, 36.02827608974841667 ) ) ;
#5063 = CIRCLE ( 'NONE', #1996, 3.999999999999940936 ) ;
#5064 = ORIENTED_EDGE ( 'NONE', *, *, #4421, .F. ) ;
#5065 = AXIS2_PLACEMENT_3D ( 'NONE', #2850, #2259, #6631 ) ;
#5066 = CARTESIAN_POINT ( 'NONE',  ( 153.2011697012675597, -26.25789166916414530, 102.4981376785884493 ) ) ;
#5067 = ORIENTED_EDGE ( 'NONE', *, *, #713, .F. ) ;
#5068 = DIRECTION ( 'NONE',  ( 1.214306433183764966E-16, -1.000000000000000000, 0.000000000000000000 ) ) ;
#5069 = CARTESIAN_POINT ( 'NONE',  ( 100.2411697017031003, 9.500000000000000000, 106.4981376785882645 ) ) ;
#5070 = PLANE ( 'NONE',  #5158 ) ;
#5071 = CARTESIAN_POINT ( 'NONE',  ( 149.2011697012675597, 0.000000000000000000, 163.9717239102517681 ) ) ;
#5072 = EDGE_CURVE ( 'NONE', #6208, #3015, #1652, .T. ) ;
#5073 = CARTESIAN_POINT ( 'NONE',  ( 153.2011697012675597, 5.000000000000012434, 58.26711895504224969 ) ) ;
#5074 = ORIENTED_EDGE ( 'NONE', *, *, #3643, .F. ) ;
#5075 = VECTOR ( 'NONE', #2490, 1000.000000000000000 ) ;
#5076 = EDGE_CURVE ( 'NONE', #3246, #5868, #5272, .T. ) ;
#5077 = EDGE_CURVE ( 'NONE', #5456, #5390, #2567, .T. ) ;
#5078 = ORIENTED_EDGE ( 'NONE', *, *, #83, .F. ) ;
#5079 = ORIENTED_EDGE ( 'NONE', *, *, #6172, .T. ) ;
#5080 = ORIENTED_EDGE ( 'NONE', *, *, #2871, .T. ) ;
#5081 = DIRECTION ( 'NONE',  ( -1.000000000000000000, -1.214306433183764966E-16, 0.000000000000000000 ) ) ;
#5082 = EDGE_LOOP ( 'NONE', ( #4162, #3681, #5866, #1780 ) ) ;
#5083 = FACE_OUTER_BOUND ( 'NONE', #4631, .T. ) ;
#5084 = VERTEX_POINT ( 'NONE', #3170 ) ;
#5085 = EDGE_CURVE ( 'NONE', #3472, #2803, #4273, .T. ) ;
#5086 = LINE ( 'NONE', #2374, #990 ) ;
#5087 = ORIENTED_EDGE ( 'NONE', *, *, #1647, .F. ) ;
#5088 = DIRECTION ( 'NONE',  ( 0.000000000000000000, 0.000000000000000000, 1.000000000000000000 ) ) ;
#5089 = CARTESIAN_POINT ( 'NONE',  ( 41.28116970213874026, 9.500000000000000000, 163.9717239102517681 ) ) ;
#5090 = VECTOR ( 'NONE', #5858, 1000.000000000000000 ) ;
#5091 = CIRCLE ( 'NONE', #6009, 4.000000000000003553 ) ;
#5092 = DIRECTION ( 'NONE',  ( 0.000000000000000000, 0.000000000000000000, 1.000000000000000000 ) ) ;
#5093 = LINE ( 'NONE', #5703, #3673 ) ;
#5094 = DIRECTION ( 'NONE',  ( -0.000000000000000000, 1.000000000000000000, -0.000000000000000000 ) ) ;
#5095 = ADVANCED_FACE ( 'NONE', ( #4305 ), #1548, .F. ) ;
#5096 = ORIENTED_EDGE ( 'NONE', *, *, #7093, .F. ) ;
#5097 = VERTEX_POINT ( 'NONE', #5925 ) ;
#5098 = VECTOR ( 'NONE', #6824, 1000.000000000000000 ) ;
#5099 = CARTESIAN_POINT ( 'NONE',  ( 122.2211697014853087, -6.722384072261210862E-15, 75.26304484459959099 ) ) ;
#5100 = LINE ( 'NONE', #189, #828 ) ;
#5101 = CIRCLE ( 'NONE', #4988, 4.000000000000003553 ) ;
#5102 = VERTEX_POINT ( 'NONE', #6953 ) ;
#5103 = FACE_OUTER_BOUND ( 'NONE', #209, .T. ) ;
#5104 = VERTEX_POINT ( 'NONE', #2037 ) ;
#5105 = CARTESIAN_POINT ( 'NONE',  ( 21.91893948763057409, 2.000000000000000000, 128.7369805438819981 ) ) ;
#5106 = PLANE ( 'NONE',  #5753 ) ;
#5107 = LINE ( 'NONE', #5718, #1159 ) ;
#5108 = CARTESIAN_POINT ( 'NONE',  ( 72.26116970192092026, 2.000000000000000000, 75.26304484459959099 ) ) ;
#5109 = EDGE_CURVE ( 'NONE', #1373, #1457, #1765, .T. ) ;
#5110 = FACE_OUTER_BOUND ( 'NONE', #3148, .T. ) ;
#5111 = ORIENTED_EDGE ( 'NONE', *, *, #2984, .T. ) ;
#5112 = ORIENTED_EDGE ( 'NONE', *, *, #3611, .F. ) ;
#5113 = ORIENTED_EDGE ( 'NONE', *, *, #2485, .T. ) ;
#5114 = CARTESIAN_POINT ( 'NONE',  ( 17.91893948763057764, 2.000000000000000000, 124.7369805438819981 ) ) ;
#5115 = DIRECTION ( 'NONE',  ( -0.000000000000000000, 0.000000000000000000, 1.000000000000000000 ) ) ;
#5116 = EDGE_CURVE ( 'NONE', #6208, #1720, #3204, .T. ) ;
#5117 = ORIENTED_EDGE ( 'NONE', *, *, #4386, .F. ) ;
#5118 = DIRECTION ( 'NONE',  ( -0.000000000000000000, 1.000000000000000000, -0.000000000000000000 ) ) ;
#5119 = ORIENTED_EDGE ( 'NONE', *, *, #4344, .F. ) ;
#5120 = VECTOR ( 'NONE', #2990, 1000.000000000000000 ) ;
#5121 = AXIS2_PLACEMENT_3D ( 'NONE', #5522, #539, #6063 ) ;
#5122 = ORIENTED_EDGE ( 'NONE', *, *, #2811, .T. ) ;
#5123 = EDGE_CURVE ( 'NONE', #1603, #1746, #952, .T. ) ;
#5124 = CARTESIAN_POINT ( 'NONE',  ( 68.26116970192092026, 2.000000000000000000, 71.26304484459957678 ) ) ;
#5125 = CARTESIAN_POINT ( 'NONE',  ( 126.2211697014853087, -7.723691345436736938E-31, 106.4981376785882787 ) ) ;
#5126 = CARTESIAN_POINT ( 'NONE',  ( 77.26116970192093447, 1.999999999999998224, 36.02827608974843798 ) ) ;
#5127 = CARTESIAN_POINT ( 'NONE',  ( 181.5810351238888813, 9.500000000000000000, 93.78780339365886221 ) ) ;
#5128 = DIRECTION ( 'NONE',  ( 0.000000000000000000, 0.000000000000000000, -1.000000000000000000 ) ) ;
#5129 = VECTOR ( 'NONE', #241, 1000.000000000000000 ) ;
#5130 = EDGE_LOOP ( 'NONE', ( #2014, #5276, #2318, #4780 ) ) ;
#5131 = ORIENTED_EDGE ( 'NONE', *, *, #3593, .T. ) ;
#5132 = EDGE_CURVE ( 'NONE', #64, #2392, #393, .T. ) ;
#5133 = CIRCLE ( 'NONE', #1243, 4.000000000000003553 ) ;
#5134 = CARTESIAN_POINT ( 'NONE',  ( 127.2211697014853087, 9.500000000000000000, 93.50188770989299769 ) ) ;
#5135 = DIRECTION ( 'NONE',  ( 1.214306433183764966E-16, -1.000000000000000000, -0.000000000000000000 ) ) ;
#5136 = DIRECTION ( 'NONE',  ( -1.214306433183764966E-16, 1.000000000000000000, 0.000000000000000000 ) ) ;
#5137 = AXIS2_PLACEMENT_3D ( 'NONE', #3234, #5409, #2697 ) ;
#5138 = EDGE_LOOP ( 'NONE', ( #273, #6558, #4080, #6924 ) ) ;
#5139 = LINE ( 'NONE', #225, #6644 ) ;
#5140 = ORIENTED_EDGE ( 'NONE', *, *, #3030, .F. ) ;
#5141 = CARTESIAN_POINT ( 'NONE',  ( 45.28116970213874026, 2.000000000000001776, 36.02830147823024731 ) ) ;
#5142 = CARTESIAN_POINT ( 'NONE',  ( 0.000000000000000000, 0.000000000000000000, 0.000000000000000000 ) ) ;
#5143 = DIRECTION ( 'NONE',  ( -1.000000000000000000, 0.000000000000000000, 0.000000000000000000 ) ) ;
#5144 = EDGE_CURVE ( 'NONE', #2070, #3293, #4161, .T. ) ;
#5145 = LINE ( 'NONE', #5683, #2262 ) ;
#5146 = ORIENTED_EDGE ( 'NONE', *, *, #1482, .F. ) ;
#5147 = ORIENTED_EDGE ( 'NONE', *, *, #4514, .F. ) ;
#5148 = ORIENTED_EDGE ( 'NONE', *, *, #3281, .F. ) ;
#5149 = EDGE_CURVE ( 'NONE', #5885, #5981, #2212, .T. ) ;
#5150 = VERTEX_POINT ( 'NONE', #43 ) ;
#5151 = LINE ( 'NONE', #236, #2940 ) ;
#5152 = DIRECTION ( 'NONE',  ( 1.214306433183764966E-16, -1.000000000000000000, 0.000000000000000000 ) ) ;
#5153 = ORIENTED_EDGE ( 'NONE', *, *, #4689, .T. ) ;
#5154 = DIRECTION ( 'NONE',  ( 1.214306433183764966E-16, -1.000000000000000000, 0.000000000000000000 ) ) ;
#5155 = EDGE_CURVE ( 'NONE', #128, #73, #3482, .T. ) ;
#5156 = ORIENTED_EDGE ( 'NONE', *, *, #124, .F. ) ;
#5157 = AXIS2_PLACEMENT_3D ( 'NONE', #4597, #4560, #2449 ) ;
#5158 = AXIS2_PLACEMENT_3D ( 'NONE', #5682, #6288, #814 ) ;
#5159 = ORIENTED_EDGE ( 'NONE', *, *, #6668, .T. ) ;
#5160 = CARTESIAN_POINT ( 'NONE',  ( 21.91893948763057409, 2.000000000000000000, 62.26711895504224969 ) ) ;
#5161 = CARTESIAN_POINT ( 'NONE',  ( 104.2411697017031003, 2.000000000000000000, 159.9717239102517681 ) ) ;
#5162 = DIRECTION ( 'NONE',  ( -0.000000000000000000, 1.000000000000000000, -0.000000000000000000 ) ) ;
#5163 = CARTESIAN_POINT ( 'NONE',  ( 72.26116970192092026, 5.000000000000008882, 124.7369805438819981 ) ) ;
#5164 = PLANE ( 'NONE',  #2290 ) ;
#5165 = AXIS2_PLACEMENT_3D ( 'NONE', #17, #6144, #1132 ) ;
#5166 = EDGE_CURVE ( 'NONE', #1106, #1962, #1299, .T. ) ;
#5167 = ORIENTED_EDGE ( 'NONE', *, *, #3068, .F. ) ;
#5168 = ORIENTED_EDGE ( 'NONE', *, *, #5638, .F. ) ;
#5169 = EDGE_CURVE ( 'NONE', #5904, #654, #4419, .T. ) ;
#5170 = AXIS2_PLACEMENT_3D ( 'NONE', #6712, #6140, #2422 ) ;
#5171 = DIRECTION ( 'NONE',  ( 0.000000000000000000, 1.000000000000000000, 0.000000000000000000 ) ) ;
#5172 = CARTESIAN_POINT ( 'NONE',  ( 41.28116970213874026, -26.25789166916415951, 124.7369805438819981 ) ) ;
#5173 = EDGE_CURVE ( 'NONE', #6843, #271, #6094, .T. ) ;
#5174 = AXIS2_PLACEMENT_3D ( 'NONE', #5828, #4697, #2403 ) ;
#5175 = ORIENTED_EDGE ( 'NONE', *, *, #6957, .T. ) ;
#5176 = DIRECTION ( 'NONE',  ( -0.000000000000000000, 1.000000000000000000, -0.000000000000000000 ) ) ;
#5177 = ORIENTED_EDGE ( 'NONE', *, *, #383, .T. ) ;
#5178 = CYLINDRICAL_SURFACE ( 'NONE', #2706, 4.000000000000003553 ) ;
#5179 = AXIS2_PLACEMENT_3D ( 'NONE', #6287, #2394, #228 ) ;
#5180 = DIRECTION ( 'NONE',  ( -3.565896588391270872E-16, 0.000000000000000000, 1.000000000000000000 ) ) ;
#5181 = CARTESIAN_POINT ( 'NONE',  ( 17.91893948763051370, 9.500000000000000000, 40.01392011099375168 ) ) ;
#5182 = FACE_OUTER_BOUND ( 'NONE', #5489, .T. ) ;
#5183 = ORIENTED_EDGE ( 'NONE', *, *, #52, .F. ) ;
#5184 = CIRCLE ( 'NONE', #4271, 4.000000000000003553 ) ;
#5185 = VERTEX_POINT ( 'NONE', #1189 ) ;
#5186 = EDGE_LOOP ( 'NONE', ( #6050, #2576, #5729, #2684, #4152, #3898, #2088, #6227 ) ) ;
#5187 = CARTESIAN_POINT ( 'NONE',  ( 177.5912666817638126, 9.500000000000000000, 106.4981376785882361 ) ) ;
#5188 = LINE ( 'NONE', #270, #4147 ) ;
#5189 = VECTOR ( 'NONE', #3840, 1000.000000000000000 ) ;
#5190 = DIRECTION ( 'NONE',  ( 1.000000000000000000, 1.214306433183761268E-16, 0.000000000000000000 ) ) ;
#5191 = ORIENTED_EDGE ( 'NONE', *, *, #1836, .F. ) ;
#5192 = ORIENTED_EDGE ( 'NONE', *, *, #6776, .T. ) ;
#5193 = EDGE_LOOP ( 'NONE', ( #5360, #5483, #6860, #6915 ) ) ;
#5194 = ADVANCED_FACE ( 'NONE', ( #1085 ), #4991, .F. ) ;
#5195 = LINE ( 'NONE', #1956, #4113 ) ;
#5196 = DIRECTION ( 'NONE',  ( 0.000000000000000000, 0.000000000000000000, 1.000000000000000000 ) ) ;
#5197 = DIRECTION ( 'NONE',  ( -0.000000000000000000, 0.000000000000000000, 1.000000000000000000 ) ) ;
#5198 = ORIENTED_EDGE ( 'NONE', *, *, #1784, .F. ) ;
#5199 = VERTEX_POINT ( 'NONE', #1155 ) ;
#5200 = ORIENTED_EDGE ( 'NONE', *, *, #1113, .F. ) ;
#5201 = CIRCLE ( 'NONE', #7051, 4.000000000000003553 ) ;
#5202 = AXIS2_PLACEMENT_3D ( 'NONE', #2165, #7047, #1037 ) ;
#5203 = CARTESIAN_POINT ( 'NONE',  ( 181.5810351238888813, 2.000000000000000000, 93.78780339365886221 ) ) ;
#5204 = EDGE_CURVE ( 'NONE', #6424, #2794, #113, .T. ) ;
#5205 = DIRECTION ( 'NONE',  ( 1.000000000000000000, 0.000000000000000000, 0.000000000000000000 ) ) ;
#5206 = CARTESIAN_POINT ( 'NONE',  ( 95.24116970170310026, -26.25789166916415240, 93.50188770989298348 ) ) ;
#5207 = EDGE_CURVE ( 'NONE', #6566, #6136, #3344, .T. ) ;
#5208 = VECTOR ( 'NONE', #4141, 1000.000000000000000 ) ;
#5209 = VERTEX_POINT ( 'NONE', #4919 ) ;
#5210 = FACE_OUTER_BOUND ( 'NONE', #6330, .T. ) ;
#5211 = CARTESIAN_POINT ( 'NONE',  ( 41.28116970213874026, 2.000000000000000000, 71.26304484459957678 ) ) ;
#5212 = DIRECTION ( 'NONE',  ( 1.000000000000000000, 0.000000000000000000, 4.494888644641219162E-15 ) ) ;
#5213 = VECTOR ( 'NONE', #2092, 1000.000000000000000 ) ;
#5214 = DIRECTION ( 'NONE',  ( 1.214306433183764966E-16, -1.000000000000000000, 4.330091167351559933E-32 ) ) ;
#5215 = CARTESIAN_POINT ( 'NONE',  ( 45.28116970213874026, 9.500000000000000000, 106.4981376785882219 ) ) ;
#5216 = DIRECTION ( 'NONE',  ( -0.000000000000000000, 1.000000000000000000, -0.000000000000000000 ) ) ;
#5217 = ORIENTED_EDGE ( 'NONE', *, *, #1791, .F. ) ;
#5218 = AXIS2_PLACEMENT_3D ( 'NONE', #1376, #5212, #2498 ) ;
#5219 = EDGE_CURVE ( 'NONE', #4473, #1640, #6519, .T. ) ;
#5220 = ORIENTED_EDGE ( 'NONE', *, *, #6825, .T. ) ;
#5221 = ORIENTED_EDGE ( 'NONE', *, *, #391, .F. ) ;
#5222 = DIRECTION ( 'NONE',  ( -0.000000000000000000, 1.000000000000000000, -0.000000000000000000 ) ) ;
#5223 = DIRECTION ( 'NONE',  ( 0.000000000000000000, 1.000000000000000000, 0.000000000000000000 ) ) ;
#5224 = DIRECTION ( 'NONE',  ( 0.000000000000000000, 0.000000000000000000, -1.000000000000000000 ) ) ;
#5225 = VERTEX_POINT ( 'NONE', #2698 ) ;
#5226 = ORIENTED_EDGE ( 'NONE', *, *, #795, .T. ) ;
#5227 = EDGE_LOOP ( 'NONE', ( #4932, #5911, #6118, #2275 ) ) ;
#5228 = CARTESIAN_POINT ( 'NONE',  ( 177.5810351238890235, 9.500000000000000000, 137.7328810449583330 ) ) ;
#5229 = CIRCLE ( 'NONE', #4095, 4.000000000000003553 ) ;
#5230 = CARTESIAN_POINT ( 'NONE',  ( 16.94116970170314218, 0.000000000000000000, 163.3000063471202736 ) ) ;
#5231 = CYLINDRICAL_SURFACE ( 'NONE', #3113, 4.000000000000003553 ) ;
#5232 = CARTESIAN_POINT ( 'NONE',  ( 50.28116970213873316, 9.500000000000000000, 62.26711895504224969 ) ) ;
#5233 = ORIENTED_EDGE ( 'NONE', *, *, #4893, .F. ) ;
#5234 = AXIS2_PLACEMENT_3D ( 'NONE', #1365, #4638, #4024 ) ;
#5235 = VERTEX_POINT ( 'NONE', #6661 ) ;
#5236 = EDGE_LOOP ( 'NONE', ( #5520, #1417, #1492, #47 ) ) ;
#5237 = DIRECTION ( 'NONE',  ( 1.000000000000000000, 0.000000000000000000, 0.000000000000000000 ) ) ;
#5238 = CARTESIAN_POINT ( 'NONE',  ( 104.2411697017031003, 9.996444502576182628E-15, 93.50188770989298348 ) ) ;
#5239 = DIRECTION ( 'NONE',  ( 1.000000000000000000, 0.000000000000000000, 3.565896588391270872E-16 ) ) ;
#5240 = VECTOR ( 'NONE', #2450, 1000.000000000000000 ) ;
#5241 = CARTESIAN_POINT ( 'NONE',  ( 149.2011697012675597, 2.000000000000000000, 71.26304484459957678 ) ) ;
#5242 = VECTOR ( 'NONE', #3641, 1000.000000000000000 ) ;
#5243 = ORIENTED_EDGE ( 'NONE', *, *, #1046, .F. ) ;
#5244 = CARTESIAN_POINT ( 'NONE',  ( 68.26116970192092026, 0.000000000000000000, 128.7369805438819981 ) ) ;
#5245 = CARTESIAN_POINT ( 'NONE',  ( 192.5411697017031258, 9.500000000000000000, 163.3000063471202452 ) ) ;
#5246 = DIRECTION ( 'NONE',  ( 1.000000000000000000, 1.214306433183761268E-16, 0.000000000000000000 ) ) ;
#5247 = CARTESIAN_POINT ( 'NONE',  ( 50.28116970213873316, 3.444046989169486621E-15, 93.50188770989296927 ) ) ;
#5248 = DIRECTION ( 'NONE',  ( 1.000000000000000000, 0.000000000000000000, 0.000000000000000000 ) ) ;
#5249 = CARTESIAN_POINT ( 'NONE',  ( 127.2211697014853087, 1.999999999999998224, 141.7328810449583614 ) ) ;
#5250 = VERTEX_POINT ( 'NONE', #5516 ) ;
#5251 = VECTOR ( 'NONE', #2524, 1000.000000000000000 ) ;
#5252 = ADVANCED_FACE ( 'NONE', ( #78 ), #5549, .F. ) ;
#5253 = EDGE_CURVE ( 'NONE', #107, #6820, #5991, .T. ) ;
#5254 = ORIENTED_EDGE ( 'NONE', *, *, #6800, .F. ) ;
#5255 = ADVANCED_FACE ( 'NONE', ( #2283 ), #1769, .F. ) ;
#5256 = ORIENTED_EDGE ( 'NONE', *, *, #1744, .F. ) ;
#5257 = CARTESIAN_POINT ( 'NONE',  ( 149.2011697012675597, -26.25789166916414530, 93.50188770989299769 ) ) ;
#5258 = CARTESIAN_POINT ( 'NONE',  ( 21.91893948763057409, 2.000000000000000000, 128.7369805438819981 ) ) ;
#5259 = VERTEX_POINT ( 'NONE', #1622 ) ;
#5260 = ORIENTED_EDGE ( 'NONE', *, *, #3740, .T. ) ;
#5261 = CARTESIAN_POINT ( 'NONE',  ( 131.2211697014853371, 9.500000000000000000, 71.26304484459957678 ) ) ;
#5262 = CARTESIAN_POINT ( 'NONE',  ( 99.24116970170310026, 9.500000000000000000, 40.02827608974845219 ) ) ;
#5263 = DIRECTION ( 'NONE',  ( -1.214306433183764966E-16, 1.000000000000000000, 0.000000000000000000 ) ) ;
#5264 = PLANE ( 'NONE',  #3987 ) ;
#5265 = AXIS2_PLACEMENT_3D ( 'NONE', #5847, #1516, #3709 ) ;
#5266 = VERTEX_POINT ( 'NONE', #641 ) ;
#5267 = ORIENTED_EDGE ( 'NONE', *, *, #776, .T. ) ;
#5268 = ORIENTED_EDGE ( 'NONE', *, *, #3841, .F. ) ;
#5269 = EDGE_CURVE ( 'NONE', #4172, #1657, #5523, .T. ) ;
#5270 = DIRECTION ( 'NONE',  ( -0.000000000000000000, 1.000000000000000000, -0.000000000000000000 ) ) ;
#5271 = VECTOR ( 'NONE', #5678, 1000.000000000000000 ) ;
#5272 = LINE ( 'NONE', #5960, #3247 ) ;
#5273 = DIRECTION ( 'NONE',  ( 1.000000000000000000, 0.000000000000000000, 3.043567601368416019E-15 ) ) ;
#5274 = DIRECTION ( 'NONE',  ( -1.214306433183764966E-16, 1.000000000000000000, 0.000000000000000000 ) ) ;
#5275 = ORIENTED_EDGE ( 'NONE', *, *, #4333, .F. ) ;
#5276 = ORIENTED_EDGE ( 'NONE', *, *, #2358, .T. ) ;
#5277 = CARTESIAN_POINT ( 'NONE',  ( 21.90873331823642189, 2.000000000000000000, 141.7328810449583614 ) ) ;
#5278 = CARTESIAN_POINT ( 'NONE',  ( 181.5810351238889666, 9.500000000000000000, 160.2576649824971753 ) ) ;
#5279 = FACE_OUTER_BOUND ( 'NONE', #388, .T. ) ;
#5280 = DIRECTION ( 'NONE',  ( -1.000000000000000000, 0.000000000000000000, -6.240319029684725998E-16 ) ) ;
#5281 = CARTESIAN_POINT ( 'NONE',  ( 181.5912666817638126, 9.500000000000000000, 124.7369805438819839 ) ) ;
#5282 = CARTESIAN_POINT ( 'NONE',  ( 73.26116970192092026, 1.999999999999998224, 40.02827608974843798 ) ) ;
#5283 = AXIS2_PLACEMENT_3D ( 'NONE', #2978, #5152, #4084 ) ;
#5284 = ORIENTED_EDGE ( 'NONE', *, *, #4340, .T. ) ;
#5285 = ORIENTED_EDGE ( 'NONE', *, *, #1896, .F. ) ;
#5286 = EDGE_LOOP ( 'NONE', ( #2999, #2655, #3392, #2274 ) ) ;
#5287 = CARTESIAN_POINT ( 'NONE',  ( 177.5810351238889382, 9.500000000000000000, 75.26304484459959099 ) ) ;
#5288 = EDGE_CURVE ( 'NONE', #683, #355, #6132, .T. ) ;
#5289 = CARTESIAN_POINT ( 'NONE',  ( 50.28116970213872605, 9.500000000000000000, 137.7328810449583330 ) ) ;
#5290 = CARTESIAN_POINT ( 'NONE',  ( 77.26116970192093447, 6.720242617594971398E-15, 58.26711895504224969 ) ) ;
#5291 = ORIENTED_EDGE ( 'NONE', *, *, #1576, .F. ) ;
#5292 = EDGE_CURVE ( 'NONE', #2756, #6827, #2240, .T. ) ;
#5293 = CIRCLE ( 'NONE', #5065, 4.000000000000003553 ) ;
#5294 = ORIENTED_EDGE ( 'NONE', *, *, #6573, .F. ) ;
#5295 = EDGE_LOOP ( 'NONE', ( #707, #6524, #5226, #2608 ) ) ;
#5296 = VECTOR ( 'NONE', #4486, 1000.000000000000000 ) ;
#5297 =( NAMED_UNIT ( * ) PLANE_ANGLE_UNIT ( ) SI_UNIT ( $, .RADIAN. ) );
#5298 = DIRECTION ( 'NONE',  ( 0.000000000000000000, 0.000000000000000000, -1.000000000000000000 ) ) ;
#5299 = FACE_OUTER_BOUND ( 'NONE', #335, .T. ) ;
#5300 = CARTESIAN_POINT ( 'NONE',  ( 50.28116970213873316, 3.444043860891621422E-15, 58.26711895504224969 ) ) ;
#5301 = VERTEX_POINT ( 'NONE', #2735 ) ;
#5302 = ORIENTED_EDGE ( 'NONE', *, *, #1041, .T. ) ;
#5303 = DIRECTION ( 'NONE',  ( -0.000000000000000000, 1.000000000000000000, 0.000000000000000000 ) ) ;
#5304 = EDGE_CURVE ( 'NONE', #5904, #57, #934, .T. ) ;
#5305 = DIRECTION ( 'NONE',  ( 1.214306433183764966E-16, -1.000000000000000000, -0.000000000000000000 ) ) ;
#5306 = CARTESIAN_POINT ( 'NONE',  ( 41.28116970213874026, 0.000000000000000000, 62.26711895504224969 ) ) ;
#5307 = CARTESIAN_POINT ( 'NONE',  ( 177.5912666817638126, 0.000000000000000000, 102.4981376785883072 ) ) ;
#5308 = EDGE_CURVE ( 'NONE', #841, #6594, #4059, .T. ) ;
#5309 = DIRECTION ( 'NONE',  ( 1.214306433183764966E-16, -1.000000000000000000, 8.660182334703126435E-32 ) ) ;
#5310 = VERTEX_POINT ( 'NONE', #4222 ) ;
#5311 = DIRECTION ( 'NONE',  ( 0.000000000000000000, 0.000000000000000000, 1.000000000000000000 ) ) ;
#5312 = CARTESIAN_POINT ( 'NONE',  ( 177.6055182502376510, 2.000000000000000000, 163.9717239102517681 ) ) ;
#5313 = FACE_OUTER_BOUND ( 'NONE', #694, .T. ) ;
#5314 = DIRECTION ( 'NONE',  ( -1.214306433183764966E-16, 1.000000000000000000, -4.330091167351559933E-32 ) ) ;
#5315 = PLANE ( 'NONE',  #6310 ) ;
#5316 = CYLINDRICAL_SURFACE ( 'NONE', #4416, 4.000000000000003553 ) ;
#5317 = ORIENTED_EDGE ( 'NONE', *, *, #2494, .F. ) ;
#5318 = VECTOR ( 'NONE', #2501, 1000.000000000000000 ) ;
#5319 = ORIENTED_EDGE ( 'NONE', *, *, #1527, .F. ) ;
#5320 = EDGE_LOOP ( 'NONE', ( #6785, #5317, #973, #3094 ) ) ;
#5321 = CARTESIAN_POINT ( 'NONE',  ( 177.5912666817638126, 0.000000000000000000, 102.4981376785883072 ) ) ;
#5322 = CARTESIAN_POINT ( 'NONE',  ( 95.24116970170310026, -9.998582828964562810E-15, 75.26304484459959099 ) ) ;
#5323 = EDGE_CURVE ( 'NONE', #4747, #5235, #2412, .T. ) ;
#5324 = CARTESIAN_POINT ( 'NONE',  ( 100.2411697017031003, 5.000000000000010658, 141.7328810449583614 ) ) ;
#5325 = CARTESIAN_POINT ( 'NONE',  ( 182.5411697017030974, 9.500000000000000000, 26.70000634712026866 ) ) ;
#5326 = ORIENTED_EDGE ( 'NONE', *, *, #5641, .F. ) ;
#5327 = VECTOR ( 'NONE', #1152, 1000.000000000000000 ) ;
#5328 = ORIENTED_EDGE ( 'NONE', *, *, #739, .T. ) ;
#5329 = EDGE_LOOP ( 'NONE', ( #615, #5884, #4772, #2407 ) ) ;
#5330 = CARTESIAN_POINT ( 'NONE',  ( 131.2211697014853087, 9.500000000000000000, 163.9717239102517681 ) ) ;
#5331 = DIRECTION ( 'NONE',  ( 0.000000000000000000, 0.000000000000000000, 1.000000000000000000 ) ) ;
#5332 = PLANE ( 'NONE',  #4599 ) ;
#5333 = DIRECTION ( 'NONE',  ( 1.000000000000000000, 0.000000000000000000, 0.000000000000000000 ) ) ;
#5334 = ORIENTED_EDGE ( 'NONE', *, *, #410, .F. ) ;
#5335 = VERTEX_POINT ( 'NONE', #719 ) ;
#5336 = EDGE_CURVE ( 'NONE', #3437, #1820, #6204, .T. ) ;
#5337 = DIRECTION ( 'NONE',  ( 0.000000000000000000, 0.000000000000000000, 1.000000000000000000 ) ) ;
#5338 = LINE ( 'NONE', #4237, #3657 ) ;
#5339 = CARTESIAN_POINT ( 'NONE',  ( 6.941169701703141293, 9.500000000000000000, 163.3000063471202736 ) ) ;
#5340 = LINE ( 'NONE', #5306, #2661 ) ;
#5341 = CARTESIAN_POINT ( 'NONE',  ( 100.2411697017031003, 9.500000000000000000, 58.26711895504224259 ) ) ;
#5342 = VECTOR ( 'NONE', #5448, 1000.000000000000000 ) ;
#5343 = CARTESIAN_POINT ( 'NONE',  ( 16.94116970170312442, 9.500000000000000000, 26.70000634712029708 ) ) ;
#5344 = VERTEX_POINT ( 'NONE', #5126 ) ;
#5345 = AXIS2_PLACEMENT_3D ( 'NONE', #1869, #1788, #6223 ) ;
#5346 = CARTESIAN_POINT ( 'NONE',  ( 181.5912666817638126, 2.000000000000000000, 124.7369805438819839 ) ) ;
#5347 = CYLINDRICAL_SURFACE ( 'NONE', #3993, 4.000000000000003553 ) ;
#5348 = DIRECTION ( 'NONE',  ( 0.000000000000000000, 0.000000000000000000, 1.000000000000000000 ) ) ;
#5349 = FACE_OUTER_BOUND ( 'NONE', #3418, .T. ) ;
#5350 = DIRECTION ( 'NONE',  ( 0.000000000000000000, 0.000000000000000000, -1.000000000000000000 ) ) ;
#5351 = DIRECTION ( 'NONE',  ( 1.000000000000000000, 0.000000000000000000, 0.000000000000000000 ) ) ;
#5352 = ORIENTED_EDGE ( 'NONE', *, *, #5207, .F. ) ;
#5353 = CIRCLE ( 'NONE', #6842, 4.000000000000003553 ) ;
#5354 = ORIENTED_EDGE ( 'NONE', *, *, #4425, .T. ) ;
#5355 = ORIENTED_EDGE ( 'NONE', *, *, #5650, .F. ) ;
#5356 = DIRECTION ( 'NONE',  ( 0.000000000000000000, 1.000000000000000000, 0.000000000000000000 ) ) ;
#5357 = CARTESIAN_POINT ( 'NONE',  ( 16.94116970170314218, 0.000000000000000000, 163.3000063471202736 ) ) ;
#5358 = AXIS2_PLACEMENT_3D ( 'NONE', #1484, #3143, #401 ) ;
#5359 = DIRECTION ( 'NONE',  ( 1.000000000000000000, 0.000000000000000000, 0.000000000000000000 ) ) ;
#5360 = ORIENTED_EDGE ( 'NONE', *, *, #599, .F. ) ;
#5361 = FACE_OUTER_BOUND ( 'NONE', #715, .T. ) ;
#5362 = ADVANCED_FACE ( 'NONE', ( #215 ), #3984, .F. ) ;
#5363 = ORIENTED_EDGE ( 'NONE', *, *, #1263, .T. ) ;
#5364 = VECTOR ( 'NONE', #3739, 1000.000000000000000 ) ;
#5365 = ORIENTED_EDGE ( 'NONE', *, *, #730, .T. ) ;
#5366 = LINE ( 'NONE', #456, #1065 ) ;
#5367 = AXIS2_PLACEMENT_3D ( 'NONE', #6945, #4704, #6409 ) ;
#5368 = CARTESIAN_POINT ( 'NONE',  ( 149.2011697012675597, 9.500000000000000000, 36.02827608974848062 ) ) ;
#5369 = ORIENTED_EDGE ( 'NONE', *, *, #730, .F. ) ;
#5370 = FACE_OUTER_BOUND ( 'NONE', #32, .T. ) ;
#5371 = LINE ( 'NONE', #461, #2864 ) ;
#5372 = ADVANCED_FACE ( 'NONE', ( #6167 ), #6702, .F. ) ;
#5373 = DIRECTION ( 'NONE',  ( 0.000000000000000000, 1.000000000000000000, 0.000000000000000000 ) ) ;
#5374 = FACE_BOUND ( 'NONE', #886, .T. ) ;
#5375 = ADVANCED_FACE ( 'NONE', ( #5702 ), #6938, .F. ) ;
#5376 = EDGE_CURVE ( 'NONE', #1961, #2557, #3254, .T. ) ;
#5377 = DIRECTION ( 'NONE',  ( -1.000000000000000000, 0.000000000000000000, -7.131793176782546675E-16 ) ) ;
#5378 = ORIENTED_EDGE ( 'NONE', *, *, #4296, .T. ) ;
#5379 = VECTOR ( 'NONE', #3809, 1000.000000000000000 ) ;
#5380 = DIRECTION ( 'NONE',  ( 0.000000000000000000, 1.000000000000000000, 0.000000000000000000 ) ) ;
#5381 = LINE ( 'NONE', #5966, #4909 ) ;
#5382 = DIRECTION ( 'NONE',  ( -1.214306433183764966E-16, 1.000000000000000000, -8.660182334703126435E-32 ) ) ;
#5383 = DIRECTION ( 'NONE',  ( 0.000000000000000000, 0.000000000000000000, -1.000000000000000000 ) ) ;
#5384 = CARTESIAN_POINT ( 'NONE',  ( 17.90873331823641834, 0.000000000000000000, 141.7328810449583614 ) ) ;
#5385 = DIRECTION ( 'NONE',  ( -0.000000000000000000, 1.000000000000000000, -0.000000000000000000 ) ) ;
#5386 = EDGE_LOOP ( 'NONE', ( #2327, #1392, #159, #6174 ) ) ;
#5387 = UNCERTAINTY_MEASURE_WITH_UNIT (LENGTH_MEASURE( 1.000000000000000082E-05 ), #6525, 'distance_accuracy_value', 'NONE');
#5388 = AXIS2_PLACEMENT_3D ( 'NONE', #4705, #5764, #2624 ) ;
#5389 = ORIENTED_EDGE ( 'NONE', *, *, #3510, .T. ) ;
#5390 = VERTEX_POINT ( 'NONE', #2581 ) ;
#5391 = CARTESIAN_POINT ( 'NONE',  ( 68.26116970192092026, 2.000000000000000000, 102.4981376785882361 ) ) ;
#5392 = AXIS2_PLACEMENT_3D ( 'NONE', #3485, #757, #1767 ) ;
#5393 = CARTESIAN_POINT ( 'NONE',  ( 68.26116970192092026, 0.000000000000000000, 62.26711895504224969 ) ) ;
#5394 = AXIS2_PLACEMENT_3D ( 'NONE', #4607, #5597, #4100 ) ;
#5395 = CARTESIAN_POINT ( 'NONE',  ( 77.26116970192093447, 5.000000000000000888, 97.50188770989296927 ) ) ;
#5396 = LINE ( 'NONE', #4403, #525 ) ;
#5397 = ORIENTED_EDGE ( 'NONE', *, *, #6373, .F. ) ;
#5398 = CARTESIAN_POINT ( 'NONE',  ( 17.90873331823641834, 0.000000000000000000, 75.26304484459959099 ) ) ;
#5399 = CIRCLE ( 'NONE', #1281, 4.000000000000017764 ) ;
#5400 = ORIENTED_EDGE ( 'NONE', *, *, #497, .T. ) ;
#5401 = VERTEX_POINT ( 'NONE', #4596 ) ;
#5402 = CYLINDRICAL_SURFACE ( 'NONE', #353, 4.000000000000003553 ) ;
#5403 = EDGE_CURVE ( 'NONE', #6413, #3398, #5528, .T. ) ;
#5404 = VECTOR ( 'NONE', #1036, 1000.000000000000000 ) ;
#5405 = LINE ( 'NONE', #3263, #5811 ) ;
#5406 = ORIENTED_EDGE ( 'NONE', *, *, #6996, .F. ) ;
#5407 = AXIS2_PLACEMENT_3D ( 'NONE', #1631, #4966, #1126 ) ;
#5408 = EDGE_CURVE ( 'NONE', #5833, #176, #7024, .T. ) ;
#5409 = DIRECTION ( 'NONE',  ( 1.214306433183764966E-16, -1.000000000000000000, -2.165045941964102761E-32 ) ) ;
#5410 = DIRECTION ( 'NONE',  ( 0.000000000000000000, 0.000000000000000000, 1.000000000000000000 ) ) ;
#5411 = DIRECTION ( 'NONE',  ( 1.214306433183764966E-16, -1.000000000000000000, 8.660182334703126435E-32 ) ) ;
#5412 = CARTESIAN_POINT ( 'NONE',  ( 45.28116970213874026, 2.000000000000001776, 102.4981376785893161 ) ) ;
#5413 = CIRCLE ( 'NONE', #5994, 4.000000000000003553 ) ;
#5414 = CARTESIAN_POINT ( 'NONE',  ( 72.26116970192092026, -7.723691345436736938E-31, 75.26304484459959099 ) ) ;
#5415 = ORIENTED_EDGE ( 'NONE', *, *, #1579, .F. ) ;
#5416 = VECTOR ( 'NONE', #4022, 1000.000000000000000 ) ;
#5417 = EDGE_CURVE ( 'NONE', #5671, #4838, #6104, .T. ) ;
#5418 = EDGE_CURVE ( 'NONE', #56, #3799, #3447, .T. ) ;
#5419 = CARTESIAN_POINT ( 'NONE',  ( 68.26116970192092026, 9.500000000000000000, 163.9717239102517681 ) ) ;
#5420 = CARTESIAN_POINT ( 'NONE',  ( 104.2411697017031003, 9.998175079704259585E-15, 159.9717239102517681 ) ) ;
#5421 = LINE ( 'NONE', #6002, #2813 ) ;
#5422 = VERTEX_POINT ( 'NONE', #1885 ) ;
#5423 = ORIENTED_EDGE ( 'NONE', *, *, #6940, .F. ) ;
#5424 = EDGE_CURVE ( 'NONE', #3981, #2909, #5997, .T. ) ;
#5425 = EDGE_LOOP ( 'NONE', ( #6199, #4286, #947, #4792 ) ) ;
#5426 = VECTOR ( 'NONE', #852, 1000.000000000000000 ) ;
#5427 = DIRECTION ( 'NONE',  ( -1.000000000000000000, 0.000000000000000000, -7.131793176782546675E-16 ) ) ;
#5428 = CARTESIAN_POINT ( 'NONE',  ( 177.5810351238889382, 0.000000000000000000, 75.26304484459959099 ) ) ;
#5429 = DIRECTION ( 'NONE',  ( -0.000000000000000000, 1.000000000000000000, -0.000000000000000000 ) ) ;
#5430 = CARTESIAN_POINT ( 'NONE',  ( 104.2411697017031003, 9.500000000000000000, 141.7328810449583614 ) ) ;
#5431 = EDGE_LOOP ( 'NONE', ( #7025, #7081, #4661, #2514 ) ) ;
#5432 = CARTESIAN_POINT ( 'NONE',  ( 182.5411697017030974, 9.500000000000000000, 26.70000634712026866 ) ) ;
#5433 = ADVANCED_FACE ( 'NONE', ( #182 ), #4636, .F. ) ;
#5434 = AXIS2_PLACEMENT_3D ( 'NONE', #5823, #926, #3111 ) ;
#5435 = ORIENTED_EDGE ( 'NONE', *, *, #5085, .T. ) ;
#5436 = VERTEX_POINT ( 'NONE', #6361 ) ;
#5437 = ORIENTED_EDGE ( 'NONE', *, *, #1254, .T. ) ;
#5438 = LINE ( 'NONE', #4839, #6656 ) ;
#5439 = AXIS2_PLACEMENT_3D ( 'NONE', #748, #305, #2944 ) ;
#5440 = CYLINDRICAL_SURFACE ( 'NONE', #2503, 4.000000000000003553 ) ;
#5441 = ORIENTED_EDGE ( 'NONE', *, *, #4349, .F. ) ;
#5442 = CARTESIAN_POINT ( 'NONE',  ( 126.2211697014853087, 9.500000000000000000, 124.7369805438819697 ) ) ;
#5443 = PLANE ( 'NONE',  #2303 ) ;
#5444 = DIRECTION ( 'NONE',  ( -1.214306433183764966E-16, 1.000000000000000000, 0.000000000000000000 ) ) ;
#5445 = CARTESIAN_POINT ( 'NONE',  ( 177.5912666817638126, 2.000000000000000000, 36.02827608974849483 ) ) ;
#5446 = DIRECTION ( 'NONE',  ( 1.214306433183764966E-16, -1.000000000000000000, -0.000000000000000000 ) ) ;
#5447 = EDGE_LOOP ( 'NONE', ( #3255, #6804, #426, #3484 ) ) ;
#5448 = DIRECTION ( 'NONE',  ( 0.000000000000000000, 0.000000000000000000, 1.000000000000000000 ) ) ;
#5449 = ORIENTED_EDGE ( 'NONE', *, *, #815, .T. ) ;
#5450 = DIRECTION ( 'NONE',  ( 1.000000000000000000, 1.214306433183764966E-16, -0.000000000000000000 ) ) ;
#5451 = DIRECTION ( 'NONE',  ( -1.000000000000000000, 0.000000000000000000, 0.000000000000000000 ) ) ;
#5452 = VECTOR ( 'NONE', #5224, 1000.000000000000000 ) ;
#5453 = DIRECTION ( 'NONE',  ( 1.000000000000000000, 0.000000000000000000, 0.000000000000000000 ) ) ;
#5454 = EDGE_LOOP ( 'NONE', ( #5689, #3442, #2199, #447 ) ) ;
#5455 = AXIS2_PLACEMENT_3D ( 'NONE', #3065, #435, #6346 ) ;
#5456 = VERTEX_POINT ( 'NONE', #4559 ) ;
#5457 = PLANE ( 'NONE',  #1269 ) ;
#5458 = ORIENTED_EDGE ( 'NONE', *, *, #872, .T. ) ;
#5459 = LINE ( 'NONE', #548, #1779 ) ;
#5460 = DIRECTION ( 'NONE',  ( 0.000000000000000000, 0.000000000000000000, 1.000000000000000000 ) ) ;
#5461 = PLANE ( 'NONE',  #6858 ) ;
#5462 = CARTESIAN_POINT ( 'NONE',  ( 95.24116970170310026, 0.000000000000000000, 62.26711895504224969 ) ) ;
#5463 = DIRECTION ( 'NONE',  ( 0.000000000000000000, 1.000000000000000000, 0.000000000000000000 ) ) ;
#5464 = ORIENTED_EDGE ( 'NONE', *, *, #5077, .F. ) ;
#5465 = VECTOR ( 'NONE', #3480, 1000.000000000000000 ) ;
#5466 = DIRECTION ( 'NONE',  ( -1.000000000000000000, 0.000000000000000000, 0.000000000000000000 ) ) ;
#5467 = EDGE_CURVE ( 'NONE', #1168, #100, #6736, .T. ) ;
#5468 = EDGE_CURVE ( 'NONE', #6723, #2794, #5655, .T. ) ;
#5469 = ORIENTED_EDGE ( 'NONE', *, *, #2528, .F. ) ;
#5470 = ORIENTED_EDGE ( 'NONE', *, *, #3827, .T. ) ;
#5471 = CIRCLE ( 'NONE', #1953, 4.000000000000003553 ) ;
#5472 = ORIENTED_EDGE ( 'NONE', *, *, #1669, .T. ) ;
#5473 = CARTESIAN_POINT ( 'NONE',  ( 72.26116970192092026, 9.500000000000000000, 124.7369805438819981 ) ) ;
#5474 = CARTESIAN_POINT ( 'NONE',  ( 154.2011697012675597, -2.313113090053462464E-30, 93.50188770989301190 ) ) ;
#5475 = AXIS2_PLACEMENT_3D ( 'NONE', #5836, #4734, #4670 ) ;
#5476 = VERTEX_POINT ( 'NONE', #972 ) ;
#5477 = EDGE_CURVE ( 'NONE', #5610, #1227, #4326, .T. ) ;
#5478 = CARTESIAN_POINT ( 'NONE',  ( 45.28116970213874026, 2.000000000000000000, 141.7328810449583614 ) ) ;
#5479 = AXIS2_PLACEMENT_3D ( 'NONE', #831, #6269, #385 ) ;
#5480 = LINE ( 'NONE', #1118, #3086 ) ;
#5481 = CARTESIAN_POINT ( 'NONE',  ( 131.2211697014853087, 5.000000000000008882, 62.26711895504224969 ) ) ;
#5482 = LINE ( 'NONE', #5412, #1698 ) ;
#5483 = ORIENTED_EDGE ( 'NONE', *, *, #2854, .T. ) ;
#5484 = DIRECTION ( 'NONE',  ( 1.000000000000000000, 0.000000000000000000, 0.000000000000000000 ) ) ;
#5485 = CARTESIAN_POINT ( 'NONE',  ( 181.5912666817637842, 0.000000000000000000, 40.02827608974841667 ) ) ;
#5486 = DIRECTION ( 'NONE',  ( 0.000000000000000000, 1.000000000000000000, 0.000000000000000000 ) ) ;
#5487 = LINE ( 'NONE', #6141, #6014 ) ;
#5488 = ADVANCED_FACE ( 'NONE', ( #5871 ), #6011, .F. ) ;
#5489 = EDGE_LOOP ( 'NONE', ( #1723, #3855, #7049, #1480 ) ) ;
#5490 = CIRCLE ( 'NONE', #6756, 3.999999999999989786 ) ;
#5491 = AXIS2_PLACEMENT_3D ( 'NONE', #1275, #1973, #3540 ) ;
#5492 = VERTEX_POINT ( 'NONE', #4900 ) ;
#5493 = DIRECTION ( 'NONE',  ( -1.000000000000000000, 0.000000000000000000, 0.000000000000000000 ) ) ;
#5494 = VERTEX_POINT ( 'NONE', #2196 ) ;
#5495 = DIRECTION ( 'NONE',  ( -0.000000000000000000, 1.000000000000000000, -0.000000000000000000 ) ) ;
#5496 = DIRECTION ( 'NONE',  ( 0.000000000000000000, 0.000000000000000000, 1.000000000000000000 ) ) ;
#5497 = CARTESIAN_POINT ( 'NONE',  ( 16.94116970170312442, 0.000000000000000000, 26.70000634712029708 ) ) ;
#5498 = CARTESIAN_POINT ( 'NONE',  ( 50.28116970213873316, 2.000000000000001776, 36.02827608974842377 ) ) ;
#5499 = VECTOR ( 'NONE', #158, 1000.000000000000000 ) ;
#5500 = CARTESIAN_POINT ( 'NONE',  ( 72.26116970192092026, 9.500000000000000000, 159.9717239102517681 ) ) ;
#5501 = ORIENTED_EDGE ( 'NONE', *, *, #4245, .T. ) ;
#5502 = EDGE_CURVE ( 'NONE', #1461, #3398, #3287, .T. ) ;
#5503 = VERTEX_POINT ( 'NONE', #24 ) ;
#5504 = ORIENTED_EDGE ( 'NONE', *, *, #1488, .T. ) ;
#5505 = AXIS2_PLACEMENT_3D ( 'NONE', #6672, #2355, #121 ) ;
#5506 = EDGE_LOOP ( 'NONE', ( #2648, #190, #1236, #4728 ) ) ;
#5507 = DIRECTION ( 'NONE',  ( -0.000000000000000000, 1.000000000000000000, -0.000000000000000000 ) ) ;
#5508 = EDGE_CURVE ( 'NONE', #5235, #6532, #5091, .T. ) ;
#5509 = DIRECTION ( 'NONE',  ( 0.000000000000000000, 0.000000000000000000, -1.000000000000000000 ) ) ;
#5510 = CIRCLE ( 'NONE', #5744, 4.000000000000003553 ) ;
#5511 = ORIENTED_EDGE ( 'NONE', *, *, #3360, .T. ) ;
#5512 = DIRECTION ( 'NONE',  ( 1.000000000000000000, 0.000000000000000000, -1.495451272393799296E-16 ) ) ;
#5513 = AXIS2_PLACEMENT_3D ( 'NONE', #2790, #6571, #5532 ) ;
#5514 = DIRECTION ( 'NONE',  ( 0.000000000000000000, -1.000000000000000000, 0.000000000000000000 ) ) ;
#5515 = CARTESIAN_POINT ( 'NONE',  ( 46.28116970213874026, 7.022521612574186056E-32, 124.7369805438819981 ) ) ;
#5516 = CARTESIAN_POINT ( 'NONE',  ( 182.5411697017031258, 0.000000000000000000, 173.3000063471202452 ) ) ;
#5517 = LINE ( 'NONE', #3303, #6522 ) ;
#5518 = CARTESIAN_POINT ( 'NONE',  ( 41.28116970213873316, 9.500000000000000000, 159.9717239102517681 ) ) ;
#5519 = VECTOR ( 'NONE', #6597, 1000.000000000000000 ) ;
#5520 = ORIENTED_EDGE ( 'NONE', *, *, #6086, .F. ) ;
#5521 = DIRECTION ( 'NONE',  ( 1.000000000000000000, 1.214306433183764966E-16, 0.000000000000000000 ) ) ;
#5522 = CARTESIAN_POINT ( 'NONE',  ( 154.2011697012675597, -26.25789166916414530, 102.4981376785884493 ) ) ;
#5523 = CIRCLE ( 'NONE', #4051, 4.000000000000003553 ) ;
#5524 = FACE_OUTER_BOUND ( 'NONE', #5320, .T. ) ;
#5525 = CARTESIAN_POINT ( 'NONE',  ( 16.94116970170312442, 0.000000000000000000, 26.70000634712029708 ) ) ;
#5526 = DIRECTION ( 'NONE',  ( 0.000000000000000000, 0.000000000000000000, 1.000000000000000000 ) ) ;
#5527 = EDGE_LOOP ( 'NONE', ( #2127, #2016, #6358, #4389 ) ) ;
#5528 = CIRCLE ( 'NONE', #2456, 4.000000000000003553 ) ;
#5529 = VERTEX_POINT ( 'NONE', #3219 ) ;
#5530 = ORIENTED_EDGE ( 'NONE', *, *, #1055, .F. ) ;
#5531 = DIRECTION ( 'NONE',  ( -1.214306433183764966E-16, 1.000000000000000000, -8.660182334703126435E-32 ) ) ;
#5532 = DIRECTION ( 'NONE',  ( 0.000000000000000000, 0.000000000000000000, -1.000000000000000000 ) ) ;
#5533 = CARTESIAN_POINT ( 'NONE',  ( 127.2211697014853087, 1.999999999999998224, 102.4981376785887619 ) ) ;
#5534 = DIRECTION ( 'NONE',  ( 0.000000000000000000, 0.000000000000000000, 1.000000000000000000 ) ) ;
#5535 = CARTESIAN_POINT ( 'NONE',  ( 21.90873331823642189, 2.000000000000000000, 137.7328810449583330 ) ) ;
#5536 = EDGE_LOOP ( 'NONE', ( #2506, #4481, #778, #1912 ) ) ;
#5537 = ORIENTED_EDGE ( 'NONE', *, *, #5123, .F. ) ;
#5538 = AXIS2_PLACEMENT_3D ( 'NONE', #6503, #4467, #3890 ) ;
#5539 = AXIS2_PLACEMENT_3D ( 'NONE', #4005, #587, #1174 ) ;
#5540 = EDGE_LOOP ( 'NONE', ( #2961, #2097, #2692, #345 ) ) ;
#5541 = ORIENTED_EDGE ( 'NONE', *, *, #2636, .T. ) ;
#5542 = CARTESIAN_POINT ( 'NONE',  ( 50.28116970213873316, 2.000000000000001776, 40.02827608974841667 ) ) ;
#5543 = DIRECTION ( 'NONE',  ( -1.000000000000000000, 0.000000000000000000, -6.240319029684725998E-16 ) ) ;
#5544 = AXIS2_PLACEMENT_3D ( 'NONE', #4929, #4497, #3959 ) ;
#5545 = EDGE_CURVE ( 'NONE', #2351, #2747, #1105, .T. ) ;
#5546 = VECTOR ( 'NONE', #3340, 1000.000000000000000 ) ;
#5547 = PLANE ( 'NONE',  #827 ) ;
#5548 = DIRECTION ( 'NONE',  ( 0.000000000000000000, 0.000000000000000000, -1.000000000000000000 ) ) ;
#5549 = PLANE ( 'NONE',  #1529 ) ;
#5550 = CARTESIAN_POINT ( 'NONE',  ( 73.26116970192092026, 5.000000000000000000, 40.02827608974843798 ) ) ;
#5551 = DIRECTION ( 'NONE',  ( 0.000000000000000000, 0.000000000000000000, 1.000000000000000000 ) ) ;
#5552 = VECTOR ( 'NONE', #4138, 1000.000000000000000 ) ;
#5553 = EDGE_CURVE ( 'NONE', #4264, #4534, #1317, .T. ) ;
#5554 = ORIENTED_EDGE ( 'NONE', *, *, #3195, .F. ) ;
#5555 = PLANE ( 'NONE',  #647 ) ;
#5556 = EDGE_CURVE ( 'NONE', #3559, #2340, #3154, .T. ) ;
#5557 = LINE ( 'NONE', #1434, #545 ) ;
#5558 = CARTESIAN_POINT ( 'NONE',  ( 154.2011697012675597, 7.683748209661150762E-31, 159.9717239102517681 ) ) ;
#5559 = DIRECTION ( 'NONE',  ( 0.000000000000000000, 1.000000000000000000, 0.000000000000000000 ) ) ;
#5560 = CARTESIAN_POINT ( 'NONE',  ( 154.2011697012675597, 2.000000000000001776, 40.02827608974848772 ) ) ;
#5561 = ADVANCED_FACE ( 'NONE', ( #2716 ), #4291, .F. ) ;
#5562 = ORIENTED_EDGE ( 'NONE', *, *, #408, .F. ) ;
#5563 = VECTOR ( 'NONE', #5484, 1000.000000000000000 ) ;
#5564 = DIRECTION ( 'NONE',  ( -1.214306433183764966E-16, 1.000000000000000000, 0.000000000000000000 ) ) ;
#5565 = ORIENTED_EDGE ( 'NONE', *, *, #2063, .T. ) ;
#5566 = CARTESIAN_POINT ( 'NONE',  ( 99.24116970170310026, 9.500000000000000000, 93.50188770989298348 ) ) ;
#5567 = LINE ( 'NONE', #4433, #1289 ) ;
#5568 = FACE_OUTER_BOUND ( 'NONE', #4492, .T. ) ;
#5569 = DIRECTION ( 'NONE',  ( 0.000000000000000000, 1.000000000000000000, 0.000000000000000000 ) ) ;
#5570 = LINE ( 'NONE', #661, #7068 ) ;
#5571 = EDGE_LOOP ( 'NONE', ( #5067, #2958, #1354, #445 ) ) ;
#5572 = AXIS2_PLACEMENT_3D ( 'NONE', #5518, #6489, #5551 ) ;
#5573 = VERTEX_POINT ( 'NONE', #1568 ) ;
#5574 = ORIENTED_EDGE ( 'NONE', *, *, #4619, .F. ) ;
#5575 = ORIENTED_EDGE ( 'NONE', *, *, #4145, .T. ) ;
#5576 = PLANE ( 'NONE',  #4724 ) ;
#5577 = AXIS2_PLACEMENT_3D ( 'NONE', #2244, #1615, #4341 ) ;
#5578 = CARTESIAN_POINT ( 'NONE',  ( 122.2211697014853087, 0.000000000000000000, 163.9717239102517681 ) ) ;
#5579 = EDGE_CURVE ( 'NONE', #1124, #4473, #6537, .T. ) ;
#5580 = ORIENTED_EDGE ( 'NONE', *, *, #2015, .F. ) ;
#5581 = CIRCLE ( 'NONE', #1023, 4.000000000000003553 ) ;
#5582 = CARTESIAN_POINT ( 'NONE',  ( 72.26116970192092026, 2.000000000000000000, 141.7328810449583614 ) ) ;
#5583 = ORIENTED_EDGE ( 'NONE', *, *, #5598, .T. ) ;
#5584 = EDGE_CURVE ( 'NONE', #4474, #841, #5945, .T. ) ;
#5585 = DIRECTION ( 'NONE',  ( 0.000000000000000000, 1.000000000000000000, 0.000000000000000000 ) ) ;
#5586 = CARTESIAN_POINT ( 'NONE',  ( 182.5411697017031258, 2.000000000000000000, 163.3000063471202452 ) ) ;
#5587 = DIRECTION ( 'NONE',  ( 1.000000000000000000, 0.000000000000000000, 0.000000000000000000 ) ) ;
#5588 = LINE ( 'NONE', #680, #686 ) ;
#5589 = AXIS2_PLACEMENT_3D ( 'NONE', #603, #2806, #6518 ) ;
#5590 = PLANE ( 'NONE',  #6613 ) ;
#5591 = VERTEX_POINT ( 'NONE', #4867 ) ;
#5592 = VERTEX_POINT ( 'NONE', #3188 ) ;
#5593 = DIRECTION ( 'NONE',  ( 1.214306433183764966E-16, -1.000000000000000000, 0.000000000000000000 ) ) ;
#5594 = ADVANCED_FACE ( 'NONE', ( #2614 ), #1643, .F. ) ;
#5595 = EDGE_CURVE ( 'NONE', #3799, #5266, #3946, .T. ) ;
#5596 = DIRECTION ( 'NONE',  ( 0.000000000000000000, 0.000000000000000000, 1.000000000000000000 ) ) ;
#5597 = DIRECTION ( 'NONE',  ( 0.000000000000000000, 1.000000000000000000, 0.000000000000000000 ) ) ;
#5598 = EDGE_CURVE ( 'NONE', #2299, #1106, #4261, .T. ) ;
#5599 = CARTESIAN_POINT ( 'NONE',  ( 149.2011697012675597, 2.000000000000000000, 75.26304484459959099 ) ) ;
#5600 = AXIS2_PLACEMENT_3D ( 'NONE', #4192, #868, #4635 ) ;
#5601 = ORIENTED_EDGE ( 'NONE', *, *, #1200, .T. ) ;
#5602 = CARTESIAN_POINT ( 'NONE',  ( 153.2011697012675597, 2.000000000000001776, 36.02830147822938756 ) ) ;
#5603 = ORIENTED_EDGE ( 'NONE', *, *, #1090, .F. ) ;
#5604 = DIRECTION ( 'NONE',  ( 1.000000000000000000, 1.214306433183763240E-16, 0.000000000000000000 ) ) ;
#5605 = EDGE_CURVE ( 'NONE', #6896, #6083, #745, .T. ) ;
#5606 = CARTESIAN_POINT ( 'NONE',  ( 17.91891372578179187, 2.000000000000000000, 159.9717492987328171 ) ) ;
#5607 = CARTESIAN_POINT ( 'NONE',  ( 21.90873331823642189, 0.000000000000000000, 75.26304484459959099 ) ) ;
#5608 = CARTESIAN_POINT ( 'NONE',  ( 177.5810351238888813, 2.000000000000000000, 71.26304484459957678 ) ) ;
#5609 = AXIS2_PLACEMENT_3D ( 'NONE', #1436, #4810, #3632 ) ;
#5610 = VERTEX_POINT ( 'NONE', #553 ) ;
#5611 = ORIENTED_EDGE ( 'NONE', *, *, #4309, .T. ) ;
#5612 = VERTEX_POINT ( 'NONE', #2754 ) ;
#5613 = ADVANCED_FACE ( 'NONE', ( #2232 ), #3726, .F. ) ;
#5614 = AXIS2_PLACEMENT_3D ( 'NONE', #192, #6715, #2931 ) ;
#5615 = CARTESIAN_POINT ( 'NONE',  ( 21.90466215730799249, 2.000000000000000000, 163.9717239102517681 ) ) ;
#5616 = ORIENTED_EDGE ( 'NONE', *, *, #2625, .F. ) ;
#5617 = ADVANCED_FACE ( 'NONE', ( #6472 ), #3433, .F. ) ;
#5618 = FACE_OUTER_BOUND ( 'NONE', #3079, .T. ) ;
#5619 = CIRCLE ( 'NONE', #1057, 4.000000000000003553 ) ;
#5620 = CARTESIAN_POINT ( 'NONE',  ( 158.2011697012675882, 5.000000000000000888, 163.9717239102517681 ) ) ;
#5621 = VERTEX_POINT ( 'NONE', #2937 ) ;
#5622 = DIRECTION ( 'NONE',  ( 0.000000000000000000, 0.000000000000000000, 1.000000000000000000 ) ) ;
#5623 = LINE ( 'NONE', #4158, #2975 ) ;
#5624 = CIRCLE ( 'NONE', #1171, 4.000000000000003553 ) ;
#5625 = DIRECTION ( 'NONE',  ( 0.000000000000000000, 0.000000000000000000, 1.000000000000000000 ) ) ;
#5626 = DIRECTION ( 'NONE',  ( -1.214306433183764966E-16, 1.000000000000000000, 0.000000000000000000 ) ) ;
#5627 = VECTOR ( 'NONE', #4392, 1000.000000000000000 ) ;
#5628 = FACE_OUTER_BOUND ( 'NONE', #6324, .T. ) ;
#5629 = ORIENTED_EDGE ( 'NONE', *, *, #2454, .T. ) ;
#5630 = ORIENTED_EDGE ( 'NONE', *, *, #2454, .F. ) ;
#5631 = AXIS2_PLACEMENT_3D ( 'NONE', #3689, #5870, #2195 ) ;
#5632 = CARTESIAN_POINT ( 'NONE',  ( 21.91891372578183450, 9.500000000000000000, 102.4981376785882077 ) ) ;
#5633 = EDGE_CURVE ( 'NONE', #6363, #5687, #6681, .T. ) ;
#5634 = DIRECTION ( 'NONE',  ( -1.000000000000000000, 0.000000000000000000, -7.718458180190537841E-16 ) ) ;
#5635 = LINE ( 'NONE', #1372, #6536 ) ;
#5636 = ADVANCED_FACE ( 'NONE', ( #4538 ), #1680, .F. ) ;
#5637 = EDGE_CURVE ( 'NONE', #1463, #6978, #6075, .T. ) ;
#5638 = EDGE_CURVE ( 'NONE', #6674, #5209, #3396, .T. ) ;
#5639 = ORIENTED_EDGE ( 'NONE', *, *, #290, .T. ) ;
#5640 = CIRCLE ( 'NONE', #2564, 4.000000000000003553 ) ;
#5641 = EDGE_CURVE ( 'NONE', #5671, #4264, #4975, .T. ) ;
#5642 = LINE ( 'NONE', #2496, #1161 ) ;
#5643 = VERTEX_POINT ( 'NONE', #163 ) ;
#5644 = DIRECTION ( 'NONE',  ( 1.000000000000000000, 0.000000000000000000, 0.000000000000000000 ) ) ;
#5645 = CARTESIAN_POINT ( 'NONE',  ( 21.91891372578183450, 0.000000000000000000, 97.50188770989295506 ) ) ;
#5646 = DIRECTION ( 'NONE',  ( 0.000000000000000000, 0.000000000000000000, 1.000000000000000000 ) ) ;
#5647 = CARTESIAN_POINT ( 'NONE',  ( 104.2411697017031003, 5.000000000000000888, 163.9717239102517681 ) ) ;
#5648 = CARTESIAN_POINT ( 'NONE',  ( 41.28116970213874026, 9.500000000000000000, 102.4981376785882219 ) ) ;
#5649 = AXIS2_PLACEMENT_3D ( 'NONE', #6781, #5171, #6745 ) ;
#5650 = EDGE_CURVE ( 'NONE', #1889, #4930, #1787, .T. ) ;
#5651 = CARTESIAN_POINT ( 'NONE',  ( 45.28116970213874026, 2.000000000000000000, 75.26304484459959099 ) ) ;
#5652 = ORIENTED_EDGE ( 'NONE', *, *, #2981, .F. ) ;
#5653 = VERTEX_POINT ( 'NONE', #3968 ) ;
#5654 = CARTESIAN_POINT ( 'NONE',  ( 131.2211697014853087, 1.999999999999998224, 141.7328810449583614 ) ) ;
#5655 = CIRCLE ( 'NONE', #167, 4.000000000000003553 ) ;
#5656 = FACE_OUTER_BOUND ( 'NONE', #5571, .T. ) ;
#5657 = ORIENTED_EDGE ( 'NONE', *, *, #472, .F. ) ;
#5658 = EDGE_CURVE ( 'NONE', #2560, #6511, #1717, .T. ) ;
#5659 = DIRECTION ( 'NONE',  ( 6.240319029684725998E-16, 0.000000000000000000, -1.000000000000000000 ) ) ;
#5660 = ORIENTED_EDGE ( 'NONE', *, *, #4590, .F. ) ;
#5661 = EDGE_CURVE ( 'NONE', #3192, #300, #6238, .T. ) ;
#5662 = ORIENTED_EDGE ( 'NONE', *, *, #3896, .F. ) ;
#5663 = CARTESIAN_POINT ( 'NONE',  ( 21.91891372578183450, 2.000000000000000000, 97.50188770989295506 ) ) ;
#5664 = DIRECTION ( 'NONE',  ( -1.000000000000000000, -1.214306433183764966E-16, 0.000000000000000000 ) ) ;
#5665 = VECTOR ( 'NONE', #1208, 1000.000000000000000 ) ;
#5666 = CARTESIAN_POINT ( 'NONE',  ( 100.2411697017031003, 5.000000000000010658, 75.26304484459959099 ) ) ;
#5667 = CARTESIAN_POINT ( 'NONE',  ( 45.28116970213873316, 9.500000000000000000, 58.26711895504224259 ) ) ;
#5668 = LINE ( 'NONE', #761, #99 ) ;
#5669 = EDGE_CURVE ( 'NONE', #5003, #1603, #1241, .T. ) ;
#5670 = ORIENTED_EDGE ( 'NONE', *, *, #1846, .F. ) ;
#5671 = VERTEX_POINT ( 'NONE', #699 ) ;
#5672 = AXIS2_PLACEMENT_3D ( 'NONE', #3354, #1128, #5526 ) ;
#5673 = ORIENTED_EDGE ( 'NONE', *, *, #5917, .F. ) ;
#5674 = CARTESIAN_POINT ( 'NONE',  ( 95.24116970170310026, 9.500000000000000000, 102.4981376785882645 ) ) ;
#5675 = DIRECTION ( 'NONE',  ( -0.000000000000000000, -1.000000000000000000, -0.000000000000000000 ) ) ;
#5676 = EDGE_CURVE ( 'NONE', #3155, #1720, #660, .T. ) ;
#5677 = ORIENTED_EDGE ( 'NONE', *, *, #3477, .T. ) ;
#5678 = DIRECTION ( 'NONE',  ( 1.214306433183764966E-16, -1.000000000000000000, 4.330091167351559933E-32 ) ) ;
#5679 = ORIENTED_EDGE ( 'NONE', *, *, #6337, .F. ) ;
#5680 = DIRECTION ( 'NONE',  ( -0.000000000000000000, 1.000000000000000000, -0.000000000000000000 ) ) ;
#5681 = CARTESIAN_POINT ( 'NONE',  ( 126.2211697014853087, 9.500000000000000000, 58.26711895504224259 ) ) ;
#5682 = CARTESIAN_POINT ( 'NONE',  ( 182.5411697017031258, 2.000000000000000000, 163.3000063471202452 ) ) ;
#5683 = CARTESIAN_POINT ( 'NONE',  ( 99.24116970170310026, 5.000000000000005329, 58.26711895504224969 ) ) ;
#5684 = FACE_OUTER_BOUND ( 'NONE', #3087, .T. ) ;
#5685 = ORIENTED_EDGE ( 'NONE', *, *, #1228, .T. ) ;
#5686 = EDGE_CURVE ( 'NONE', #2366, #5084, #4065, .T. ) ;
#5687 = VERTEX_POINT ( 'NONE', #5498 ) ;
#5688 = VERTEX_POINT ( 'NONE', #3893 ) ;
#5689 = ORIENTED_EDGE ( 'NONE', *, *, #3859, .F. ) ;
#5690 = DIRECTION ( 'NONE',  ( 0.000000000000000000, 1.000000000000000000, 0.000000000000000000 ) ) ;
#5691 = CARTESIAN_POINT ( 'NONE',  ( 153.2011697012675597, 9.500000000000000000, 124.7369805438819697 ) ) ;
#5692 = VERTEX_POINT ( 'NONE', #1827 ) ;
#5693 = EDGE_CURVE ( 'NONE', #185, #1461, #4980, .T. ) ;
#5694 = AXIS2_PLACEMENT_3D ( 'NONE', #5946, #1139, #1038 ) ;
#5695 = EDGE_CURVE ( 'NONE', #2150, #3479, #1276, .T. ) ;
#5696 = DIRECTION ( 'NONE',  ( 1.782948589251572672E-16, 0.000000000000000000, 1.000000000000000000 ) ) ;
#5697 = VERTEX_POINT ( 'NONE', #738 ) ;
#5698 = CIRCLE ( 'NONE', #780, 4.000000000000003553 ) ;
#5699 = ORIENTED_EDGE ( 'NONE', *, *, #5308, .F. ) ;
#5700 = LINE ( 'NONE', #4768, #4485 ) ;
#5701 = DIRECTION ( 'NONE',  ( 0.000000000000000000, 0.000000000000000000, -1.000000000000000000 ) ) ;
#5702 = FACE_OUTER_BOUND ( 'NONE', #1531, .T. ) ;
#5703 = CARTESIAN_POINT ( 'NONE',  ( 126.2211697014853087, -7.723691345436736938E-31, 40.02827608974846640 ) ) ;
#5704 = DIRECTION ( 'NONE',  ( -1.214306433183764966E-16, 1.000000000000000000, 2.165045941964102761E-32 ) ) ;
#5705 = VECTOR ( 'NONE', #6739, 1000.000000000000000 ) ;
#5706 = ORIENTED_EDGE ( 'NONE', *, *, #242, .T. ) ;
#5707 = ORIENTED_EDGE ( 'NONE', *, *, #741, .F. ) ;
#5708 = ORIENTED_EDGE ( 'NONE', *, *, #290, .F. ) ;
#5709 = VECTOR ( 'NONE', #3190, 1000.000000000000000 ) ;
#5710 = CYLINDRICAL_SURFACE ( 'NONE', #6555, 4.000000000000003553 ) ;
#5711 = DIRECTION ( 'NONE',  ( 0.000000000000000000, -0.000000000000000000, -1.000000000000000000 ) ) ;
#5712 = AXIS2_PLACEMENT_3D ( 'NONE', #3096, #5270, #3707 ) ;
#5713 = ORIENTED_EDGE ( 'NONE', *, *, #1763, .F. ) ;
#5714 = CARTESIAN_POINT ( 'NONE',  ( 77.26116970192093447, 6.720242617594971398E-15, 124.7369805438819839 ) ) ;
#5715 = ORIENTED_EDGE ( 'NONE', *, *, #549, .T. ) ;
#5716 = DIRECTION ( 'NONE',  ( -1.000000000000000000, 0.000000000000000000, 0.000000000000000000 ) ) ;
#5717 = FACE_OUTER_BOUND ( 'NONE', #5941, .T. ) ;
#5718 = CARTESIAN_POINT ( 'NONE',  ( 21.91891372578183450, 0.000000000000000000, 97.50188770989295506 ) ) ;
#5719 = AXIS2_PLACEMENT_3D ( 'NONE', #1716, #1104, #5331 ) ;
#5720 = CARTESIAN_POINT ( 'NONE',  ( 177.5810351238890235, 2.000000000000000000, 137.7328810449583330 ) ) ;
#5721 = VERTEX_POINT ( 'NONE', #5108 ) ;
#5722 = ORIENTED_EDGE ( 'NONE', *, *, #5508, .F. ) ;
#5723 = ORIENTED_EDGE ( 'NONE', *, *, #6996, .T. ) ;
#5724 = DIRECTION ( 'NONE',  ( 0.000000000000000000, 0.000000000000000000, -1.000000000000000000 ) ) ;
#5725 = CARTESIAN_POINT ( 'NONE',  ( 68.26116970192092026, 9.500000000000000000, 97.50188770989296927 ) ) ;
#5726 = ADVANCED_FACE ( 'NONE', ( #3363 ), #6643, .F. ) ;
#5727 = EDGE_LOOP ( 'NONE', ( #1664, #1213, #1328, #1253 ) ) ;
#5728 = EDGE_CURVE ( 'NONE', #2616, #444, #2396, .T. ) ;
#5729 = ORIENTED_EDGE ( 'NONE', *, *, #3568, .F. ) ;
#5730 = AXIS2_PLACEMENT_3D ( 'NONE', #760, #6737, #2922 ) ;
#5731 = EDGE_CURVE ( 'NONE', #3628, #6827, #3930, .T. ) ;
#5732 = ORIENTED_EDGE ( 'NONE', *, *, #4824, .T. ) ;
#5733 = DIRECTION ( 'NONE',  ( 4.494888644641219162E-15, 0.000000000000000000, -1.000000000000000000 ) ) ;
#5734 = DIRECTION ( 'NONE',  ( 0.000000000000000000, 0.000000000000000000, -1.000000000000000000 ) ) ;
#5735 = FACE_OUTER_BOUND ( 'NONE', #3289, .T. ) ;
#5736 = ORIENTED_EDGE ( 'NONE', *, *, #380, .F. ) ;
#5737 = ORIENTED_EDGE ( 'NONE', *, *, #885, .F. ) ;
#5738 = VERTEX_POINT ( 'NONE', #4617 ) ;
#5739 = PRESENTATION_LAYER_ASSIGNMENT (  '', '', ( #6198 ) ) ;
#5740 = AXIS2_PLACEMENT_3D ( 'NONE', #5172, #4646, #3171 ) ;
#5741 = LINE ( 'NONE', #321, #5251 ) ;
#5742 = FACE_OUTER_BOUND ( 'NONE', #18, .T. ) ;
#5743 = DIRECTION ( 'NONE',  ( 0.000000000000000000, -1.000000000000000000, 0.000000000000000000 ) ) ;
#5744 = AXIS2_PLACEMENT_3D ( 'NONE', #138, #1724, #1147 ) ;
#5745 = EDGE_CURVE ( 'NONE', #1978, #5335, #6859, .T. ) ;
#5746 = VERTEX_POINT ( 'NONE', #5249 ) ;
#5747 = FACE_OUTER_BOUND ( 'NONE', #3249, .T. ) ;
#5748 = CARTESIAN_POINT ( 'NONE',  ( 21.91893948763057409, 2.000000000000000000, 128.7369805438819981 ) ) ;
#5749 = CIRCLE ( 'NONE', #5631, 4.000000000000003553 ) ;
#5750 = CARTESIAN_POINT ( 'NONE',  ( 41.28116970213874026, -1.655098034237128091E-14, 141.7328810449583614 ) ) ;
#5751 = CARTESIAN_POINT ( 'NONE',  ( 50.28116970213873316, 3.444043860891621422E-15, 124.7369805438819981 ) ) ;
#5752 = CARTESIAN_POINT ( 'NONE',  ( 127.2211697014853087, 9.500000000000000000, 141.7328810449583614 ) ) ;
#5753 = AXIS2_PLACEMENT_3D ( 'NONE', #5967, #4282, #3145 ) ;
#5754 = EDGE_LOOP ( 'NONE', ( #4217, #6581, #6478, #5147 ) ) ;
#5755 = ORIENTED_EDGE ( 'NONE', *, *, #929, .T. ) ;
#5756 = CARTESIAN_POINT ( 'NONE',  ( 46.28116970213873316, 2.000000000000001776, 75.26304484459959099 ) ) ;
#5757 = DIRECTION ( 'NONE',  ( -0.000000000000000000, 1.000000000000000000, -0.000000000000000000 ) ) ;
#5758 = VECTOR ( 'NONE', #604, 1000.000000000000000 ) ;
#5759 = CARTESIAN_POINT ( 'NONE',  ( 41.28116970213874026, 9.500000000000000000, 36.02827608974841667 ) ) ;
#5760 = EDGE_LOOP ( 'NONE', ( #348, #5025, #1210, #291, #3731, #4366, #151, #5940 ) ) ;
#5761 = ORIENTED_EDGE ( 'NONE', *, *, #3696, .F. ) ;
#5762 = DIRECTION ( 'NONE',  ( -0.000000000000000000, 1.000000000000000000, -0.000000000000000000 ) ) ;
#5763 = CARTESIAN_POINT ( 'NONE',  ( 95.24116970170310026, 2.000000000000001776, 124.7369805438819839 ) ) ;
#5764 = DIRECTION ( 'NONE',  ( 0.000000000000000000, 1.000000000000000000, 0.000000000000000000 ) ) ;
#5765 = CYLINDRICAL_SURFACE ( 'NONE', #3763, 4.000000000000003553 ) ;
#5766 = ORIENTED_EDGE ( 'NONE', *, *, #2042, .F. ) ;
#5767 = VERTEX_POINT ( 'NONE', #6355 ) ;
#5768 = ORIENTED_EDGE ( 'NONE', *, *, #3195, .T. ) ;
#5769 = CIRCLE ( 'NONE', #2153, 4.000000000000031086 ) ;
#5770 = AXIS2_PLACEMENT_3D ( 'NONE', #4833, #7014, #2131 ) ;
#5771 = CARTESIAN_POINT ( 'NONE',  ( 68.26116970192092026, -26.25789166916415596, 159.9717239102517681 ) ) ;
#5772 = CARTESIAN_POINT ( 'NONE',  ( 181.5912666817638126, 2.000000000000000000, 58.26711895504225680 ) ) ;
#5773 = DIRECTION ( 'NONE',  ( 1.214306433183764966E-16, -1.000000000000000000, 7.577659542865232346E-32 ) ) ;
#5774 = EDGE_CURVE ( 'NONE', #4226, #3125, #4077, .T. ) ;
#5775 = ADVANCED_FACE ( 'NONE', ( #1940 ), #1867, .F. ) ;
#5776 = CIRCLE ( 'NONE', #6694, 4.000000000000003553 ) ;
#5777 = ORIENTED_EDGE ( 'NONE', *, *, #6085, .T. ) ;
#5778 = FACE_OUTER_BOUND ( 'NONE', #3215, .T. ) ;
#5779 = DIRECTION ( 'NONE',  ( 1.214306433183764966E-16, -1.000000000000000000, 0.000000000000000000 ) ) ;
#5780 = CARTESIAN_POINT ( 'NONE',  ( 77.26116970192093447, 0.000000000000000000, 102.4981376785882503 ) ) ;
#5781 = VECTOR ( 'NONE', #1834, 1000.000000000000000 ) ;
#5782 = CARTESIAN_POINT ( 'NONE',  ( 100.2411697017031003, -7.723691345436736938E-31, 58.26711895504224969 ) ) ;
#5783 = DIRECTION ( 'NONE',  ( 1.000000000000000000, 0.000000000000000000, -1.782948589251572672E-16 ) ) ;
#5784 = EDGE_CURVE ( 'NONE', #6747, #4773, #984, .T. ) ;
#5785 = DIRECTION ( 'NONE',  ( -0.000000000000000000, 1.000000000000000000, -0.000000000000000000 ) ) ;
#5786 = ORIENTED_EDGE ( 'NONE', *, *, #6898, .T. ) ;
#5787 = CIRCLE ( 'NONE', #6116, 4.000000000000003553 ) ;
#5788 = ORIENTED_EDGE ( 'NONE', *, *, #4731, .T. ) ;
#5789 = EDGE_LOOP ( 'NONE', ( #3214, #2272, #3577, #6182, #4387, #2750, #3620, #3315 ) ) ;
#5790 = DIRECTION ( 'NONE',  ( -1.214306433183764966E-16, 1.000000000000000000, -0.000000000000000000 ) ) ;
#5791 = LINE ( 'NONE', #5258, #2777 ) ;
#5792 = CARTESIAN_POINT ( 'NONE',  ( 177.5810351238888813, 0.000000000000000000, 71.26304484459957678 ) ) ;
#5793 = VERTEX_POINT ( 'NONE', #5282 ) ;
#5794 = CARTESIAN_POINT ( 'NONE',  ( 127.2211697014853087, 1.999999999999998224, 97.50188770989251452 ) ) ;
#5795 = EDGE_LOOP ( 'NONE', ( #5603, #829, #3184, #1359 ) ) ;
#5796 = EDGE_LOOP ( 'NONE', ( #1418, #1074, #6137, #5328 ) ) ;
#5797 = DIRECTION ( 'NONE',  ( 0.000000000000000000, 1.000000000000000000, 0.000000000000000000 ) ) ;
#5798 = VECTOR ( 'NONE', #610, 1000.000000000000000 ) ;
#5799 = LINE ( 'NONE', #4091, #4570 ) ;
#5800 = CARTESIAN_POINT ( 'NONE',  ( 104.2411697017031003, -26.25789166916415240, 40.02827608974845219 ) ) ;
#5801 = ADVANCED_FACE ( 'NONE', ( #5182 ), #3646, .F. ) ;
#5802 = CARTESIAN_POINT ( 'NONE',  ( 177.5912666817638126, 2.000000000000000000, 102.4981376785883072 ) ) ;
#5803 = ORIENTED_EDGE ( 'NONE', *, *, #5913, .F. ) ;
#5804 = VECTOR ( 'NONE', #1175, 1000.000000000000000 ) ;
#5805 = ORIENTED_EDGE ( 'NONE', *, *, #5204, .T. ) ;
#5806 = VECTOR ( 'NONE', #7073, 1000.000000000000000 ) ;
#5807 = VERTEX_POINT ( 'NONE', #2011 ) ;
#5808 = CARTESIAN_POINT ( 'NONE',  ( 131.2211697014853087, 9.500000000000000000, 137.7328810449583330 ) ) ;
#5809 = DIRECTION ( 'NONE',  ( 0.000000000000000000, 0.000000000000000000, 1.000000000000000000 ) ) ;
#5810 = CARTESIAN_POINT ( 'NONE',  ( 68.26116970192092026, 9.500000000000000000, 102.4981376785882361 ) ) ;
#5811 = VECTOR ( 'NONE', #3298, 1000.000000000000000 ) ;
#5812 = EDGE_CURVE ( 'NONE', #4226, #3258, #333, .T. ) ;
#5813 = LINE ( 'NONE', #5890, #532 ) ;
#5814 = ORIENTED_EDGE ( 'NONE', *, *, #4378, .F. ) ;
#5815 = ORIENTED_EDGE ( 'NONE', *, *, #1744, .T. ) ;
#5816 = ADVANCED_FACE ( 'NONE', ( #1974 ), #1903, .F. ) ;
#5817 = EDGE_CURVE ( 'NONE', #1980, #874, #1347, .T. ) ;
#5818 = CYLINDRICAL_SURFACE ( 'NONE', #6193, 4.000000000000003553 ) ;
#5819 = DIRECTION ( 'NONE',  ( 1.000000000000000000, 1.214306433183763980E-16, 0.000000000000000000 ) ) ;
#5820 = FACE_OUTER_BOUND ( 'NONE', #4013, .T. ) ;
#5821 = CARTESIAN_POINT ( 'NONE',  ( 153.2011697012675597, 9.500000000000000000, 93.50188770989299769 ) ) ;
#5822 = DIRECTION ( 'NONE',  ( -0.000000000000000000, 1.000000000000000000, -0.000000000000000000 ) ) ;
#5823 = CARTESIAN_POINT ( 'NONE',  ( 16.94116970170312442, 0.000000000000000000, 36.70000634712030063 ) ) ;
#5824 = VERTEX_POINT ( 'NONE', #6895 ) ;
#5825 = ORIENTED_EDGE ( 'NONE', *, *, #4514, .T. ) ;
#5826 = ORIENTED_EDGE ( 'NONE', *, *, #4649, .F. ) ;
#5827 = DIRECTION ( 'NONE',  ( 3.041173862484785405E-15, 0.000000000000000000, 1.000000000000000000 ) ) ;
#5828 = CARTESIAN_POINT ( 'NONE',  ( 50.28116970213873316, 9.500000000000000000, 106.4981376785882219 ) ) ;
#5829 = EDGE_CURVE ( 'NONE', #4773, #5721, #816, .T. ) ;
#5830 = CARTESIAN_POINT ( 'NONE',  ( 154.2011697012675597, 2.000000000000001776, 163.9717239102516544 ) ) ;
#5831 = CARTESIAN_POINT ( 'NONE',  ( 158.2011697012675882, 1.654884201598289283E-14, 93.50188770989301190 ) ) ;
#5832 = ORIENTED_EDGE ( 'NONE', *, *, #4244, .F. ) ;
#5833 = VERTEX_POINT ( 'NONE', #6753 ) ;
#5834 = ORIENTED_EDGE ( 'NONE', *, *, #398, .T. ) ;
#5835 = FILL_AREA_STYLE ('',( #3520 ) ) ;
#5836 = CARTESIAN_POINT ( 'NONE',  ( 21.91893948763057409, 0.000000000000000000, 128.7369805438819981 ) ) ;
#5837 = DIRECTION ( 'NONE',  ( 1.000000000000000000, 1.214306433183764966E-16, 0.000000000000000000 ) ) ;
#5838 = FACE_OUTER_BOUND ( 'NONE', #356, .T. ) ;
#5839 = AXIS2_PLACEMENT_3D ( 'NONE', #3137, #2002, #2491 ) ;
#5840 = CIRCLE ( 'NONE', #347, 4.000000000000058620 ) ;
#5841 = VERTEX_POINT ( 'NONE', #5752 ) ;
#5842 = VERTEX_POINT ( 'NONE', #855 ) ;
#5843 = EDGE_CURVE ( 'NONE', #2521, #4930, #299, .T. ) ;
#5844 = CARTESIAN_POINT ( 'NONE',  ( 181.5912666817638126, 0.000000000000000000, 124.7369805438819839 ) ) ;
#5845 = VECTOR ( 'NONE', #4714, 1000.000000000000000 ) ;
#5846 = LINE ( 'NONE', #6884, #4626 ) ;
#5847 = CARTESIAN_POINT ( 'NONE',  ( 50.28116970213873316, 2.000000000000001776, 75.26304484459959099 ) ) ;
#5848 = FACE_BOUND ( 'NONE', #92, .T. ) ;
#5849 = EDGE_CURVE ( 'NONE', #3472, #1003, #370, .T. ) ;
#5850 = CIRCLE ( 'NONE', #2771, 4.000000000000003553 ) ;
#5851 = CARTESIAN_POINT ( 'NONE',  ( 149.2011697012675597, 2.000000000000000000, 102.4981376785882929 ) ) ;
#5852 = ADVANCED_FACE ( 'NONE', ( #892 ), #4179, .T. ) ;
#5853 = VECTOR ( 'NONE', #3074, 1000.000000000000000 ) ;
#5854 = EDGE_CURVE ( 'NONE', #6154, #5842, #4579, .T. ) ;
#5855 = VERTEX_POINT ( 'NONE', #3505 ) ;
#5856 = DIRECTION ( 'NONE',  ( -0.000000000000000000, 0.000000000000000000, -1.000000000000000000 ) ) ;
#5857 = DIRECTION ( 'NONE',  ( 1.214306433183764966E-16, -1.000000000000000000, 0.000000000000000000 ) ) ;
#5858 = DIRECTION ( 'NONE',  ( -1.000000000000000000, 0.000000000000000000, -7.157152345227358906E-16 ) ) ;
#5859 = CARTESIAN_POINT ( 'NONE',  ( 177.5912666817638126, 0.000000000000000000, 102.4981376785883072 ) ) ;
#5860 = PLANE ( 'NONE',  #3576 ) ;
#5861 = DIRECTION ( 'NONE',  ( 1.214306433183764966E-16, -1.000000000000000000, -0.000000000000000000 ) ) ;
#5862 = CIRCLE ( 'NONE', #6313, 4.000000000000003553 ) ;
#5863 = EDGE_CURVE ( 'NONE', #811, #3833, #5145, .T. ) ;
#5864 = ORIENTED_EDGE ( 'NONE', *, *, #5919, .T. ) ;
#5865 = ADVANCED_FACE ( 'NONE', ( #2972 ), #230, .F. ) ;
#5866 = ORIENTED_EDGE ( 'NONE', *, *, #3545, .T. ) ;
#5867 = AXIS2_PLACEMENT_3D ( 'NONE', #6318, #2428, #2464 ) ;
#5868 = VERTEX_POINT ( 'NONE', #3818 ) ;
#5869 = CARTESIAN_POINT ( 'NONE',  ( 131.2211697014853087, 5.000000000000000888, 128.7369805438819697 ) ) ;
#5870 = DIRECTION ( 'NONE',  ( 0.000000000000000000, 1.000000000000000000, 0.000000000000000000 ) ) ;
#5871 = FACE_OUTER_BOUND ( 'NONE', #4675, .T. ) ;
#5872 = PLANE ( 'NONE',  #86 ) ;
#5873 = ORIENTED_EDGE ( 'NONE', *, *, #6400, .F. ) ;
#5874 = CARTESIAN_POINT ( 'NONE',  ( 181.5912666817637842, 0.000000000000000000, 106.4981376785882503 ) ) ;
#5875 = ADVANCED_FACE ( 'NONE', ( #4252 ), #2709, .F. ) ;
#5876 = EDGE_LOOP ( 'NONE', ( #2033, #6960, #732, #4285 ) ) ;
#5877 = EDGE_LOOP ( 'NONE', ( #3273, #2367, #416, #2479 ) ) ;
#5878 = AXIS2_PLACEMENT_3D ( 'NONE', #2842, #4957, #2181 ) ;
#5879 = CARTESIAN_POINT ( 'NONE',  ( 45.28116970213874737, 2.000000000000001776, 93.50188770989295506 ) ) ;
#5880 = PLANE ( 'NONE',  #4578 ) ;
#5881 = CARTESIAN_POINT ( 'NONE',  ( 127.2211697014853087, -7.723691345436736938E-31, 93.50188770989299769 ) ) ;
#5882 = DIRECTION ( 'NONE',  ( 0.000000000000000000, 1.000000000000000000, -0.000000000000000000 ) ) ;
#5883 = ADVANCED_FACE ( 'NONE', ( #7076 ), #1598, .F. ) ;
#5884 = ORIENTED_EDGE ( 'NONE', *, *, #6573, .T. ) ;
#5885 = VERTEX_POINT ( 'NONE', #4891 ) ;
#5886 = ADVANCED_FACE ( 'NONE', ( #3213 ), #3785, .F. ) ;
#5887 = DIRECTION ( 'NONE',  ( 1.495451272393799296E-16, 0.000000000000000000, 1.000000000000000000 ) ) ;
#5888 = DIRECTION ( 'NONE',  ( 0.000000000000000000, 0.000000000000000000, 1.000000000000000000 ) ) ;
#5889 = DIRECTION ( 'NONE',  ( -1.000000000000000000, 0.000000000000000000, -7.718458180190526009E-16 ) ) ;
#5890 = CARTESIAN_POINT ( 'NONE',  ( 46.28116970213874026, 7.022521612574186056E-32, 93.50188770989296927 ) ) ;
#5891 = ADVANCED_FACE ( 'NONE', ( #2573 ), #7038, .F. ) ;
#5892 = DIRECTION ( 'NONE',  ( 0.000000000000000000, 0.000000000000000000, 1.000000000000000000 ) ) ;
#5893 = VERTEX_POINT ( 'NONE', #4214 ) ;
#5894 = CARTESIAN_POINT ( 'NONE',  ( 182.5411697017031258, 2.000000000000000000, 163.3000063471202452 ) ) ;
#5895 = CYLINDRICAL_SURFACE ( 'NONE', #210, 4.000000000000003553 ) ;
#5896 = LINE ( 'NONE', #2570, #6254 ) ;
#5897 = CARTESIAN_POINT ( 'NONE',  ( 95.24116970170310026, 9.500000000000000000, 58.26711895504224969 ) ) ;
#5898 = DIRECTION ( 'NONE',  ( -1.214306433183764966E-16, 1.000000000000000000, -7.577659542865232346E-32 ) ) ;
#5899 = CARTESIAN_POINT ( 'NONE',  ( 149.2011697012675597, 2.000000000000001776, 128.7369805438819697 ) ) ;
#5900 = VECTOR ( 'NONE', #3680, 1000.000000000000000 ) ;
#5901 = EDGE_CURVE ( 'NONE', #6180, #6674, #6347, .T. ) ;
#5902 = ORIENTED_EDGE ( 'NONE', *, *, #4800, .F. ) ;
#5903 = AXIS2_PLACEMENT_3D ( 'NONE', #5654, #5222, #6796 ) ;
#5904 = VERTEX_POINT ( 'NONE', #5970 ) ;
#5905 = EDGE_CURVE ( 'NONE', #1651, #547, #277, .T. ) ;
#5906 = ORIENTED_EDGE ( 'NONE', *, *, #2208, .F. ) ;
#5907 = DIRECTION ( 'NONE',  ( -0.9999998442225972450, 0.000000000000000000, 0.0005581709247432528696 ) ) ;
#5908 = DIRECTION ( 'NONE',  ( 0.000000000000000000, -1.000000000000000000, 0.000000000000000000 ) ) ;
#5909 = DIRECTION ( 'NONE',  ( -1.214306433183764966E-16, 1.000000000000000000, 0.000000000000000000 ) ) ;
#5910 = DIRECTION ( 'NONE',  ( -1.000000000000000000, 0.000000000000000000, 0.000000000000000000 ) ) ;
#5911 = ORIENTED_EDGE ( 'NONE', *, *, #1999, .F. ) ;
#5912 = CARTESIAN_POINT ( 'NONE',  ( 21.91891372578183450, 0.000000000000000000, 97.50188770989295506 ) ) ;
#5913 = EDGE_CURVE ( 'NONE', #2610, #4172, #2189, .T. ) ;
#5914 = CIRCLE ( 'NONE', #884, 10.00000000000000178 ) ;
#5915 = ORIENTED_EDGE ( 'NONE', *, *, #6922, .F. ) ;
#5916 = VERTEX_POINT ( 'NONE', #4822 ) ;
#5917 = EDGE_CURVE ( 'NONE', #338, #5494, #3245, .T. ) ;
#5918 = PLANE ( 'NONE',  #3802 ) ;
#5919 = EDGE_CURVE ( 'NONE', #2724, #3637, #5421, .T. ) ;
#5920 = CARTESIAN_POINT ( 'NONE',  ( 99.24116970170310026, 9.500000000000000000, 93.50188770989298348 ) ) ;
#5921 = LINE ( 'NONE', #6913, #2965 ) ;
#5922 = ORIENTED_EDGE ( 'NONE', *, *, #2710, .T. ) ;
#5923 = VECTOR ( 'NONE', #2671, 1000.000000000000000 ) ;
#5924 = CARTESIAN_POINT ( 'NONE',  ( 131.2211697014853087, 1.999999999999998224, 137.7328810449583330 ) ) ;
#5925 = CARTESIAN_POINT ( 'NONE',  ( 45.28116970213873316, 9.500000000000000000, 159.9717239102517681 ) ) ;
#5926 = DIRECTION ( 'NONE',  ( 3.043567601368416019E-15, 0.000000000000000000, -1.000000000000000000 ) ) ;
#5927 = FACE_BOUND ( 'NONE', #902, .T. ) ;
#5928 = AXIS2_PLACEMENT_3D ( 'NONE', #554, #7048, #2166 ) ;
#5929 = DIRECTION ( 'NONE',  ( 1.214306433183764966E-16, -1.000000000000000000, 0.000000000000000000 ) ) ;
#5930 = VERTEX_POINT ( 'NONE', #504 ) ;
#5931 = VECTOR ( 'NONE', #2700, 1000.000000000000000 ) ;
#5932 = CARTESIAN_POINT ( 'NONE',  ( 158.2011697012675882, 1.655057259311096664E-14, 159.9717239102517681 ) ) ;
#5933 = LINE ( 'NONE', #4855, #3278 ) ;
#5934 = DIRECTION ( 'NONE',  ( 0.000000000000000000, 0.000000000000000000, 1.000000000000000000 ) ) ;
#5935 = CYLINDRICAL_SURFACE ( 'NONE', #580, 4.000000000000003553 ) ;
#5936 = EDGE_CURVE ( 'NONE', #6386, #2476, #3147, .T. ) ;
#5937 = CARTESIAN_POINT ( 'NONE',  ( 21.91891372578183450, 0.000000000000000000, 159.9717492987328171 ) ) ;
#5938 = AXIS2_PLACEMENT_3D ( 'NONE', #1400, #2029, #2626 ) ;
#5939 = ADVANCED_FACE ( 'NONE', ( #1094 ), #5316, .F. ) ;
#5940 = ORIENTED_EDGE ( 'NONE', *, *, #4171, .F. ) ;
#5941 = EDGE_LOOP ( 'NONE', ( #1499, #524, #6657, #1433 ) ) ;
#5942 = CARTESIAN_POINT ( 'NONE',  ( 41.28116970213874026, 4.999999999999999112, 102.4981376785882219 ) ) ;
#5943 = CYLINDRICAL_SURFACE ( 'NONE', #711, 4.000000000000017764 ) ;
#5944 = VECTOR ( 'NONE', #2873, 1000.000000000000000 ) ;
#5945 = LINE ( 'NONE', #5324, #3836 ) ;
#5946 = CARTESIAN_POINT ( 'NONE',  ( 21.90873331823642189, 0.000000000000000000, 141.7328810449583614 ) ) ;
#5947 = ORIENTED_EDGE ( 'NONE', *, *, #1989, .T. ) ;
#5948 = DIRECTION ( 'NONE',  ( -0.9999998442221635919, 0.000000000000000000, 0.0005581717017172993858 ) ) ;
#5949 = EDGE_CURVE ( 'NONE', #2340, #811, #6807, .T. ) ;
#5950 = VERTEX_POINT ( 'NONE', #5899 ) ;
#5951 = CIRCLE ( 'NONE', #5589, 4.000000000000003553 ) ;
#5952 = ORIENTED_EDGE ( 'NONE', *, *, #1896, .T. ) ;
#5953 = DIRECTION ( 'NONE',  ( -0.000000000000000000, 1.000000000000000000, -0.000000000000000000 ) ) ;
#5954 = DIRECTION ( 'NONE',  ( 0.000000000000000000, 0.000000000000000000, -1.000000000000000000 ) ) ;
#5955 = EDGE_CURVE ( 'NONE', #2918, #2803, #6932, .T. ) ;
#5956 = EDGE_LOOP ( 'NONE', ( #7078, #734, #3492, #451 ) ) ;
#5957 = EDGE_CURVE ( 'NONE', #1876, #3651, #6430, .T. ) ;
#5958 = DIRECTION ( 'NONE',  ( -0.000000000000000000, 1.000000000000000000, -0.000000000000000000 ) ) ;
#5959 = CARTESIAN_POINT ( 'NONE',  ( 95.24116970170310026, 2.000000000000001776, 128.7369805438819981 ) ) ;
#5960 = CARTESIAN_POINT ( 'NONE',  ( 73.26116970192092026, 9.500000000000000000, 40.02827608974843798 ) ) ;
#5961 = CARTESIAN_POINT ( 'NONE',  ( 41.28116970213874026, -26.25789166916415951, 159.9717239102517681 ) ) ;
#5962 = DIRECTION ( 'NONE',  ( 0.000000000000000000, 0.000000000000000000, -1.000000000000000000 ) ) ;
#5963 = CIRCLE ( 'NONE', #1380, 4.000000000000003553 ) ;
#5964 = ORIENTED_EDGE ( 'NONE', *, *, #5669, .T. ) ;
#5965 = AXIS2_PLACEMENT_3D ( 'NONE', #3662, #4735, #979 ) ;
#5966 = CARTESIAN_POINT ( 'NONE',  ( 99.24116970170310026, -7.723691345436736938E-31, 75.26304484459959099 ) ) ;
#5967 = CARTESIAN_POINT ( 'NONE',  ( 17.91893948763051370, 0.000000000000000000, 40.01392011099375168 ) ) ;
#5968 = DIRECTION ( 'NONE',  ( 0.000000000000000000, 0.000000000000000000, 1.000000000000000000 ) ) ;
#5969 = EDGE_CURVE ( 'NONE', #1384, #1301, #3181, .T. ) ;
#5970 = CARTESIAN_POINT ( 'NONE',  ( 154.2011697012675597, 2.000000000000001776, 141.7328810449583614 ) ) ;
#5971 = ORIENTED_EDGE ( 'NONE', *, *, #1966, .T. ) ;
#5972 = ADVANCED_FACE ( 'NONE', ( #3851 ), #6034, .F. ) ;
#5973 = AXIS2_PLACEMENT_3D ( 'NONE', #3142, #5856, #3106 ) ;
#5974 = ORIENTED_EDGE ( 'NONE', *, *, #5641, .T. ) ;
#5975 = VERTEX_POINT ( 'NONE', #5030 ) ;
#5976 = CARTESIAN_POINT ( 'NONE',  ( 41.28116970213874026, -1.655222276702616329E-14, 106.4981376785882219 ) ) ;
#5977 = AXIS2_PLACEMENT_3D ( 'NONE', #1577, #1614, #3699 ) ;
#5978 = FACE_OUTER_BOUND ( 'NONE', #5386, .T. ) ;
#5979 = AXIS2_PLACEMENT_3D ( 'NONE', #1705, #5486, #6032 ) ;
#5980 = DIRECTION ( 'NONE',  ( 1.214306433183764966E-16, -1.000000000000000000, 4.330091167351559933E-32 ) ) ;
#5981 = VERTEX_POINT ( 'NONE', #122 ) ;
#5982 = DIRECTION ( 'NONE',  ( 7.131793176782546675E-16, 0.000000000000000000, -1.000000000000000000 ) ) ;
#5983 = AXIS2_PLACEMENT_3D ( 'NONE', #898, #6360, #1455 ) ;
#5984 = ORIENTED_EDGE ( 'NONE', *, *, #1708, .F. ) ;
#5985 = EDGE_LOOP ( 'NONE', ( #2140, #5260, #3370, #561 ) ) ;
#5986 = EDGE_LOOP ( 'NONE', ( #809, #2932, #5140, #1859, #5012, #4037, #864, #1899 ) ) ;
#5987 = FACE_OUTER_BOUND ( 'NONE', #2255, .T. ) ;
#5988 = DIRECTION ( 'NONE',  ( 0.000000000000000000, 0.000000000000000000, -1.000000000000000000 ) ) ;
#5989 = VECTOR ( 'NONE', #1062, 1000.000000000000000 ) ;
#5990 = CYLINDRICAL_SURFACE ( 'NONE', #1600, 4.000000000000003553 ) ;
#5991 = LINE ( 'NONE', #3909, #2236 ) ;
#5992 = LINE ( 'NONE', #5550, #4815 ) ;
#5993 = DIRECTION ( 'NONE',  ( -1.214306433183764966E-16, 1.000000000000000000, 2.165045941964102761E-32 ) ) ;
#5994 = AXIS2_PLACEMENT_3D ( 'NONE', #1515, #5373, #1474 ) ;
#5995 = CARTESIAN_POINT ( 'NONE',  ( 158.2011697012675882, 9.500000000000000000, 36.02827608974848772 ) ) ;
#5996 = ORIENTED_EDGE ( 'NONE', *, *, #4951, .F. ) ;
#5997 = CIRCLE ( 'NONE', #6907, 4.000000000000017764 ) ;
#5998 = ADVANCED_FACE ( 'NONE', ( #4429 ), #2892, .F. ) ;
#5999 = CARTESIAN_POINT ( 'NONE',  ( 126.2211697014853087, 9.500000000000000000, 106.4981376785882787 ) ) ;
#6000 = FACE_OUTER_BOUND ( 'NONE', #912, .T. ) ;
#6001 = ADVANCED_FACE ( 'NONE', ( #88 ), #652, .F. ) ;
#6002 = CARTESIAN_POINT ( 'NONE',  ( 158.2011697012675882, 0.000000000000000000, 102.4981376785882929 ) ) ;
#6003 = ORIENTED_EDGE ( 'NONE', *, *, #6958, .T. ) ;
#6004 = EDGE_CURVE ( 'NONE', #1758, #1422, #6103, .T. ) ;
#6005 = ORIENTED_EDGE ( 'NONE', *, *, #7067, .T. ) ;
#6006 = LINE ( 'NONE', #5602, #4710 ) ;
#6007 = ORIENTED_EDGE ( 'NONE', *, *, #5774, .T. ) ;
#6008 = DIRECTION ( 'NONE',  ( 1.214306433183764966E-16, -1.000000000000000000, 7.577659542865232346E-32 ) ) ;
#6009 = AXIS2_PLACEMENT_3D ( 'NONE', #414, #3760, #1496 ) ;
#6010 = DIRECTION ( 'NONE',  ( 1.000000000000000000, 1.214306433183763980E-16, 0.000000000000000000 ) ) ;
#6011 = PLANE ( 'NONE',  #5202 ) ;
#6012 = ORIENTED_EDGE ( 'NONE', *, *, #6234, .T. ) ;
#6013 = FACE_OUTER_BOUND ( 'NONE', #5727, .T. ) ;
#6014 = VECTOR ( 'NONE', #1670, 1000.000000000000000 ) ;
#6015 = ORIENTED_EDGE ( 'NONE', *, *, #1617, .F. ) ;
#6016 = ORIENTED_EDGE ( 'NONE', *, *, #5745, .F. ) ;
#6017 = ORIENTED_EDGE ( 'NONE', *, *, #3373, .T. ) ;
#6018 = CARTESIAN_POINT ( 'NONE',  ( 131.2211697014853087, 2.000000000000000000, 97.50188770989299769 ) ) ;
#6019 = VECTOR ( 'NONE', #3045, 1000.000000000000000 ) ;
#6020 = CARTESIAN_POINT ( 'NONE',  ( 73.26116970192092026, 2.000000000000000000, 124.7369805438819839 ) ) ;
#6021 = ORIENTED_EDGE ( 'NONE', *, *, #3056, .F. ) ;
#6022 = AXIS2_PLACEMENT_3D ( 'NONE', #2083, #2152, #3108 ) ;
#6023 = DIRECTION ( 'NONE',  ( 3.043567601368434558E-15, 0.000000000000000000, -1.000000000000000000 ) ) ;
#6024 = DIRECTION ( 'NONE',  ( 1.000000000000000000, 1.214306433183764966E-16, -0.000000000000000000 ) ) ;
#6025 = CARTESIAN_POINT ( 'NONE',  ( 68.26116970192092026, -1.327602401032281370E-14, 106.4981376785882361 ) ) ;
#6026 = DIRECTION ( 'NONE',  ( 0.000000000000000000, 0.000000000000000000, -1.000000000000000000 ) ) ;
#6027 = ORIENTED_EDGE ( 'NONE', *, *, #3339, .T. ) ;
#6028 = CARTESIAN_POINT ( 'NONE',  ( 127.2211697014853087, 2.000000000000000000, 93.50188770989299769 ) ) ;
#6029 = ORIENTED_EDGE ( 'NONE', *, *, #2702, .F. ) ;
#6030 = DIRECTION ( 'NONE',  ( 1.000000000000000000, 0.000000000000000000, 0.000000000000000000 ) ) ;
#6031 = PLANE ( 'NONE',  #6550 ) ;
#6032 = DIRECTION ( 'NONE',  ( 0.000000000000000000, 0.000000000000000000, 1.000000000000000000 ) ) ;
#6033 = CIRCLE ( 'NONE', #2959, 4.000000000000003553 ) ;
#6034 = PLANE ( 'NONE',  #6923 ) ;
#6035 = EDGE_LOOP ( 'NONE', ( #948, #2566, #506, #5011 ) ) ;
#6036 = VECTOR ( 'NONE', #7066, 1000.000000000000000 ) ;
#6037 = EDGE_CURVE ( 'NONE', #300, #543, #2261, .T. ) ;
#6038 = EDGE_LOOP ( 'NONE', ( #3737, #1402, #4182, #1078 ) ) ;
#6039 = ADVANCED_FACE ( 'NONE', ( #2294 ), #4461, .F. ) ;
#6040 = ORIENTED_EDGE ( 'NONE', *, *, #3593, .F. ) ;
#6041 = FACE_OUTER_BOUND ( 'NONE', #4878, .T. ) ;
#6042 = LINE ( 'NONE', #1825, #4498 ) ;
#6043 = LINE ( 'NONE', #6074, #559 ) ;
#6044 = CARTESIAN_POINT ( 'NONE',  ( 100.2411697017031003, 4.999999999999996447, 40.02827608974845219 ) ) ;
#6045 = DIRECTION ( 'NONE',  ( 0.000000000000000000, 0.000000000000000000, 1.000000000000000000 ) ) ;
#6046 = ORIENTED_EDGE ( 'NONE', *, *, #3535, .T. ) ;
#6047 = ORIENTED_EDGE ( 'NONE', *, *, #4189, .F. ) ;
#6048 = ORIENTED_EDGE ( 'NONE', *, *, #3473, .F. ) ;
#6049 = VECTOR ( 'NONE', #5303, 1000.000000000000000 ) ;
#6050 = ORIENTED_EDGE ( 'NONE', *, *, #836, .F. ) ;
#6051 = LINE ( 'NONE', #2310, #1749 ) ;
#6052 = DIRECTION ( 'NONE',  ( -1.000000000000000000, 0.000000000000000000, -6.240319029684725998E-16 ) ) ;
#6053 = VECTOR ( 'NONE', #2180, 1000.000000000000000 ) ;
#6054 = ORIENTED_EDGE ( 'NONE', *, *, #4964, .T. ) ;
#6055 = CARTESIAN_POINT ( 'NONE',  ( 131.2211697014853087, 2.000000000000000000, 58.26711895504224969 ) ) ;
#6056 = DIRECTION ( 'NONE',  ( 0.000000000000000000, 0.000000000000000000, 1.000000000000000000 ) ) ;
#6057 = VECTOR ( 'NONE', #4505, 1000.000000000000000 ) ;
#6058 = CARTESIAN_POINT ( 'NONE',  ( 21.91891372578183450, 2.000000000000000000, 40.02827608974840246 ) ) ;
#6059 = CARTESIAN_POINT ( 'NONE',  ( 154.2011697012675597, 5.000000000000017764, 141.7328810449583614 ) ) ;
#6060 = LINE ( 'NONE', #2736, #4017 ) ;
#6061 = FACE_BOUND ( 'NONE', #5059, .T. ) ;
#6062 = ORIENTED_EDGE ( 'NONE', *, *, #2031, .F. ) ;
#6063 = DIRECTION ( 'NONE',  ( 1.214306433183764966E-16, -1.000000000000000000, 0.000000000000000000 ) ) ;
#6064 = EDGE_CURVE ( 'NONE', #2788, #2592, #3042, .T. ) ;
#6065 = DIRECTION ( 'NONE',  ( -0.000000000000000000, 1.000000000000000000, -0.000000000000000000 ) ) ;
#6066 = DIRECTION ( 'NONE',  ( -0.000000000000000000, 1.000000000000000000, -0.000000000000000000 ) ) ;
#6067 = LINE ( 'NONE', #53, #2471 ) ;
#6068 = ORIENTED_EDGE ( 'NONE', *, *, #3066, .F. ) ;
#6069 = CIRCLE ( 'NONE', #3901, 10.00000000000000888 ) ;
#6070 = ORIENTED_EDGE ( 'NONE', *, *, #1945, .T. ) ;
#6071 = ORIENTED_EDGE ( 'NONE', *, *, #3925, .F. ) ;
#6072 = DIRECTION ( 'NONE',  ( 0.000000000000000000, 0.000000000000000000, -1.000000000000000000 ) ) ;
#6073 = CARTESIAN_POINT ( 'NONE',  ( 68.26116970192092026, -26.25789166916415596, 58.26711895504224969 ) ) ;
#6074 = CARTESIAN_POINT ( 'NONE',  ( 77.26116970192093447, 9.500000000000000000, 163.9717239102517681 ) ) ;
#6075 = LINE ( 'NONE', #5608, #5665 ) ;
#6076 = CARTESIAN_POINT ( 'NONE',  ( 73.26116970192092026, 1.999999999999998224, 36.02830147823004836 ) ) ;
#6077 = EDGE_LOOP ( 'NONE', ( #3804, #1151, #4112, #838, #4540, #6941, #1089, #6444 ) ) ;
#6078 = EDGE_CURVE ( 'NONE', #1925, #6697, #6067, .T. ) ;
#6079 = ORIENTED_EDGE ( 'NONE', *, *, #6329, .F. ) ;
#6080 = EDGE_LOOP ( 'NONE', ( #3264, #2135, #992, #5079 ) ) ;
#6081 = CIRCLE ( 'NONE', #6994, 3.999999999999996447 ) ;
#6082 = AXIS2_PLACEMENT_3D ( 'NONE', #1597, #6102, #2293 ) ;
#6083 = VERTEX_POINT ( 'NONE', #13 ) ;
#6084 = PLANE ( 'NONE',  #832 ) ;
#6085 = EDGE_CURVE ( 'NONE', #1384, #4587, #5487, .T. ) ;
#6086 = EDGE_CURVE ( 'NONE', #57, #1758, #4871, .T. ) ;
#6087 = LINE ( 'NONE', #1047, #1950 ) ;
#6088 = AXIS2_PLACEMENT_3D ( 'NONE', #3261, #421, #4299 ) ;
#6089 = ORIENTED_EDGE ( 'NONE', *, *, #6596, .T. ) ;
#6090 = LINE ( 'NONE', #6587, #6247 ) ;
#6091 = VECTOR ( 'NONE', #3572, 1000.000000000000000 ) ;
#6092 = CARTESIAN_POINT ( 'NONE',  ( 95.24116970170310026, 9.500000000000000000, 62.26711895504224969 ) ) ;
#6093 = LINE ( 'NONE', #4990, #3998 ) ;
#6094 = LINE ( 'NONE', #1731, #4276 ) ;
#6095 = LINE ( 'NONE', #1086, #2495 ) ;
#6096 = EDGE_CURVE ( 'NONE', #2656, #3934, #869, .T. ) ;
#6097 = VERTEX_POINT ( 'NONE', #614 ) ;
#6098 = FACE_OUTER_BOUND ( 'NONE', #5789, .T. ) ;
#6099 = CARTESIAN_POINT ( 'NONE',  ( 72.26116970192092026, 9.500000000000000000, 93.50188770989296927 ) ) ;
#6100 = AXIS2_PLACEMENT_3D ( 'NONE', #2001, #4809, #359 ) ;
#6101 = LINE ( 'NONE', #5485, #1523 ) ;
#6102 = DIRECTION ( 'NONE',  ( 0.000000000000000000, -1.000000000000000000, 0.000000000000000000 ) ) ;
#6103 = LINE ( 'NONE', #1706, #621 ) ;
#6104 = CIRCLE ( 'NONE', #4166, 4.000000000000003553 ) ;
#6105 = ORIENTED_EDGE ( 'NONE', *, *, #2216, .T. ) ;
#6106 = CARTESIAN_POINT ( 'NONE',  ( 21.91893948763057409, 2.000000000000000000, 62.26711895504224969 ) ) ;
#6107 = ORIENTED_EDGE ( 'NONE', *, *, #1574, .F. ) ;
#6108 = DIRECTION ( 'NONE',  ( 0.000000000000000000, 0.000000000000000000, 1.000000000000000000 ) ) ;
#6109 = DIRECTION ( 'NONE',  ( 0.000000000000000000, 0.000000000000000000, 1.000000000000000000 ) ) ;
#6110 = FACE_OUTER_BOUND ( 'NONE', #4708, .T. ) ;
#6111 = CARTESIAN_POINT ( 'NONE',  ( 68.26116970192092026, 4.999999999999999112, 71.26304484459957678 ) ) ;
#6112 = CARTESIAN_POINT ( 'NONE',  ( 177.5912666817638126, 0.000000000000000000, 102.4981376785883072 ) ) ;
#6113 = ORIENTED_EDGE ( 'NONE', *, *, #2950, .T. ) ;
#6114 = EDGE_CURVE ( 'NONE', #454, #4226, #505, .T. ) ;
#6115 = ORIENTED_EDGE ( 'NONE', *, *, #6740, .T. ) ;
#6116 = AXIS2_PLACEMENT_3D ( 'NONE', #4865, #2055, #3117 ) ;
#6117 = AXIS2_PLACEMENT_3D ( 'NONE', #4795, #7085, #5359 ) ;
#6118 = ORIENTED_EDGE ( 'NONE', *, *, #5269, .T. ) ;
#6119 = ORIENTED_EDGE ( 'NONE', *, *, #1610, .F. ) ;
#6120 = DIRECTION ( 'NONE',  ( 1.000000000000000000, 0.000000000000000000, 0.000000000000000000 ) ) ;
#6121 = FACE_OUTER_BOUND ( 'NONE', #4843, .T. ) ;
#6122 = AXIS2_PLACEMENT_3D ( 'NONE', #443, #1526, #1030 ) ;
#6123 = EDGE_CURVE ( 'NONE', #5653, #4215, #2589, .T. ) ;
#6124 = VERTEX_POINT ( 'NONE', #5560 ) ;
#6125 = EDGE_CURVE ( 'NONE', #1301, #666, #5776, .T. ) ;
#6126 = ADVANCED_FACE ( 'NONE', ( #3168 ), #1117, .F. ) ;
#6127 = CARTESIAN_POINT ( 'NONE',  ( 154.2011697012675597, 9.500000000000000000, 93.50188770989301190 ) ) ;
#6128 = AXIS2_PLACEMENT_3D ( 'NONE', #1803, #4517, #177 ) ;
#6129 = ADVANCED_FACE ( 'NONE', ( #5370 ), #2664, .F. ) ;
#6130 = LINE ( 'NONE', #110, #4258 ) ;
#6131 = LINE ( 'NONE', #3907, #4694 ) ;
#6132 = LINE ( 'NONE', #1119, #1192 ) ;
#6133 = DIRECTION ( 'NONE',  ( 0.000000000000000000, 0.000000000000000000, 1.000000000000000000 ) ) ;
#6134 = CARTESIAN_POINT ( 'NONE',  ( 21.91893948763057409, 9.500000000000000000, 62.26711895504224969 ) ) ;
#6135 = VECTOR ( 'NONE', #4399, 1000.000000000000000 ) ;
#6136 = VERTEX_POINT ( 'NONE', #5478 ) ;
#6137 = ORIENTED_EDGE ( 'NONE', *, *, #3374, .T. ) ;
#6138 = DIRECTION ( 'NONE',  ( 0.000000000000000000, 0.000000000000000000, 1.000000000000000000 ) ) ;
#6139 = DIRECTION ( 'NONE',  ( 1.000000000000000000, 0.000000000000000000, 0.000000000000000000 ) ) ;
#6140 = DIRECTION ( 'NONE',  ( -1.000000000000000000, -1.214306433183764966E-16, 0.000000000000000000 ) ) ;
#6141 = CARTESIAN_POINT ( 'NONE',  ( 153.2011697012675597, 5.000000000000019540, 93.50188770989299769 ) ) ;
#6142 = ORIENTED_EDGE ( 'NONE', *, *, #3730, .T. ) ;
#6143 = VECTOR ( 'NONE', #824, 1000.000000000000000 ) ;
#6144 = DIRECTION ( 'NONE',  ( -0.000000000000000000, 1.000000000000000000, -0.000000000000000000 ) ) ;
#6145 = EDGE_CURVE ( 'NONE', #2245, #572, #282, .T. ) ;
#6146 = ORIENTED_EDGE ( 'NONE', *, *, #6699, .T. ) ;
#6147 = CARTESIAN_POINT ( 'NONE',  ( 21.91893948763057409, 0.000000000000000000, 128.7369805438819981 ) ) ;
#6148 = DIRECTION ( 'NONE',  ( 0.000000000000000000, 0.000000000000000000, 1.000000000000000000 ) ) ;
#6149 = CYLINDRICAL_SURFACE ( 'NONE', #4804, 4.000000000000003553 ) ;
#6150 = CARTESIAN_POINT ( 'NONE',  ( 21.91893948763057409, 9.500000000000000000, 124.7369805438819981 ) ) ;
#6151 = DIRECTION ( 'NONE',  ( 0.000000000000000000, 0.000000000000000000, 1.000000000000000000 ) ) ;
#6152 = AXIS2_PLACEMENT_3D ( 'NONE', #2334, #4471, #4436 ) ;
#6153 = CARTESIAN_POINT ( 'NONE',  ( 68.26116970192092026, 2.000000000000000000, 141.7328810449583614 ) ) ;
#6154 = VERTEX_POINT ( 'NONE', #983 ) ;
#6155 = ORIENTED_EDGE ( 'NONE', *, *, #6993, .T. ) ;
#6156 = CARTESIAN_POINT ( 'NONE',  ( 177.5912666817638126, 0.000000000000000000, 36.02827608974849483 ) ) ;
#6157 = CIRCLE ( 'NONE', #7072, 3.999999999999996447 ) ;
#6158 = EDGE_CURVE ( 'NONE', #5390, #4789, #2769, .T. ) ;
#6159 = PLANE ( 'NONE',  #346 ) ;
#6160 = ORIENTED_EDGE ( 'NONE', *, *, #1884, .T. ) ;
#6161 = CARTESIAN_POINT ( 'NONE',  ( 17.90873331823641834, 0.000000000000000000, 75.26304484459959099 ) ) ;
#6162 = VERTEX_POINT ( 'NONE', #6989 ) ;
#6163 = AXIS2_PLACEMENT_3D ( 'NONE', #1040, #4870, #7050 ) ;
#6164 = EDGE_LOOP ( 'NONE', ( #6015, #4163, #5042, #5078 ) ) ;
#6165 = CARTESIAN_POINT ( 'NONE',  ( 104.2411697017031003, 2.000000000000001776, 106.4981376785882645 ) ) ;
#6166 = DIRECTION ( 'NONE',  ( 7.131793176782546675E-16, 0.000000000000000000, -1.000000000000000000 ) ) ;
#6167 = FACE_OUTER_BOUND ( 'NONE', #6357, .T. ) ;
#6168 = PLANE ( 'NONE',  #3563 ) ;
#6169 = AXIS2_PLACEMENT_3D ( 'NONE', #2489, #5887, #4741 ) ;
#6170 = DIRECTION ( 'NONE',  ( 1.000000000000000000, 0.000000000000000000, 0.000000000000000000 ) ) ;
#6171 = EDGE_CURVE ( 'NONE', #5893, #2616, #509, .T. ) ;
#6172 = EDGE_CURVE ( 'NONE', #3182, #2433, #2, .T. ) ;
#6173 = ORIENTED_EDGE ( 'NONE', *, *, #4800, .T. ) ;
#6174 = ORIENTED_EDGE ( 'NONE', *, *, #4994, .F. ) ;
#6175 = DIRECTION ( 'NONE',  ( 0.000000000000000000, 0.000000000000000000, 1.000000000000000000 ) ) ;
#6176 = VECTOR ( 'NONE', #586, 1000.000000000000000 ) ;
#6177 = CARTESIAN_POINT ( 'NONE',  ( 122.2211697014853087, -26.25789166916414885, 124.7369805438819839 ) ) ;
#6178 = DIRECTION ( 'NONE',  ( -0.000000000000000000, 1.000000000000000000, -0.000000000000000000 ) ) ;
#6179 = ADVANCED_FACE ( 'NONE', ( #3773 ), #6415, .F. ) ;
#6180 = VERTEX_POINT ( 'NONE', #1766 ) ;
#6181 = FACE_OUTER_BOUND ( 'NONE', #1756, .T. ) ;
#6182 = ORIENTED_EDGE ( 'NONE', *, *, #5166, .T. ) ;
#6183 = CARTESIAN_POINT ( 'NONE',  ( 122.2211697014853087, 2.000000000000000000, 36.02827608974847351 ) ) ;
#6184 = CARTESIAN_POINT ( 'NONE',  ( 177.5912666817638126, 2.000000000000000000, 36.02827608974849483 ) ) ;
#6185 = DIRECTION ( 'NONE',  ( 0.000000000000000000, 0.000000000000000000, -1.000000000000000000 ) ) ;
#6186 = CARTESIAN_POINT ( 'NONE',  ( 149.2011697012675597, 9.500000000000000000, 137.7328810449583330 ) ) ;
#6187 = CARTESIAN_POINT ( 'NONE',  ( 177.5810351238888813, 0.000000000000000000, 71.26304484459957678 ) ) ;
#6188 = ORIENTED_EDGE ( 'NONE', *, *, #1979, .F. ) ;
#6189 = AXIS2_PLACEMENT_3D ( 'NONE', #4306, #6488, #4348 ) ;
#6190 = ORIENTED_EDGE ( 'NONE', *, *, #1656, .F. ) ;
#6191 = ORIENTED_EDGE ( 'NONE', *, *, #2179, .F. ) ;
#6192 = DIRECTION ( 'NONE',  ( 0.000000000000000000, 0.000000000000000000, 1.000000000000000000 ) ) ;
#6193 = AXIS2_PLACEMENT_3D ( 'NONE', #6349, #2247, #3713 ) ;
#6194 = DIRECTION ( 'NONE',  ( 1.000000000000000000, 0.000000000000000000, 0.000000000000000000 ) ) ;
#6195 = EDGE_CURVE ( 'NONE', #1758, #4323, #4953, .T. ) ;
#6196 = ORIENTED_EDGE ( 'NONE', *, *, #2732, .F. ) ;
#6197 = CARTESIAN_POINT ( 'NONE',  ( 21.91893948763057409, 0.000000000000000000, 128.7369805438819981 ) ) ;
#6198 = STYLED_ITEM ( 'NONE', ( #349 ), #3661 ) ;
#6199 = ORIENTED_EDGE ( 'NONE', *, *, #2837, .F. ) ;
#6200 = CARTESIAN_POINT ( 'NONE',  ( 46.28116970213873316, 5.000000000000003553, 75.26304484459959099 ) ) ;
#6201 = ORIENTED_EDGE ( 'NONE', *, *, #5545, .F. ) ;
#6202 = FACE_OUTER_BOUND ( 'NONE', #4499, .T. ) ;
#6203 = FACE_OUTER_BOUND ( 'NONE', #2311, .T. ) ;
#6204 = LINE ( 'NONE', #5054, #4632 ) ;
#6205 = LINE ( 'NONE', #5667, #1264 ) ;
#6206 = VECTOR ( 'NONE', #4718, 1000.000000000000000 ) ;
#6207 = CARTESIAN_POINT ( 'NONE',  ( 77.26116970192093447, -26.25789166916415596, 75.26304484459959099 ) ) ;
#6208 = VERTEX_POINT ( 'NONE', #6623 ) ;
#6209 = ORIENTED_EDGE ( 'NONE', *, *, #1703, .T. ) ;
#6210 = CIRCLE ( 'NONE', #3922, 4.000000000000003553 ) ;
#6211 = FACE_OUTER_BOUND ( 'NONE', #364, .T. ) ;
#6212 = ORIENTED_EDGE ( 'NONE', *, *, #5077, .T. ) ;
#6213 = AXIS2_PLACEMENT_3D ( 'NONE', #3947, #6024, #4451 ) ;
#6214 = EDGE_CURVE ( 'NONE', #874, #5250, #4987, .T. ) ;
#6215 = EDGE_CURVE ( 'NONE', #3481, #6424, #5101, .T. ) ;
#6216 = DIRECTION ( 'NONE',  ( 0.000000000000000000, 0.000000000000000000, 1.000000000000000000 ) ) ;
#6217 = ORIENTED_EDGE ( 'NONE', *, *, #3780, .T. ) ;
#6218 = CARTESIAN_POINT ( 'NONE',  ( 21.91891372578183450, 2.000000000000000000, 97.50188770989295506 ) ) ;
#6219 = PLANE ( 'NONE',  #3130 ) ;
#6220 = CARTESIAN_POINT ( 'NONE',  ( 99.24116970170310026, 2.000000000000000000, 40.02827608974845219 ) ) ;
#6221 = EDGE_CURVE ( 'NONE', #5051, #134, #4482, .T. ) ;
#6222 = CARTESIAN_POINT ( 'NONE',  ( 50.28116970213873316, 5.000000000000000888, 128.7369805438819981 ) ) ;
#6223 = DIRECTION ( 'NONE',  ( 1.000000000000000000, 0.000000000000000000, 3.565896588391270872E-16 ) ) ;
#6224 = EDGE_LOOP ( 'NONE', ( #6366, #6499, #938, #3951 ) ) ;
#6225 = ORIENTED_EDGE ( 'NONE', *, *, #4193, .F. ) ;
#6226 = ADVANCED_FACE ( 'NONE', ( #74 ), #2804, .F. ) ;
#6227 = ORIENTED_EDGE ( 'NONE', *, *, #3279, .F. ) ;
#6228 = LINE ( 'NONE', #3514, #6352 ) ;
#6229 = CARTESIAN_POINT ( 'NONE',  ( 126.2211697014853087, 1.999999999999998224, 102.4981376785887619 ) ) ;
#6230 = VERTEX_POINT ( 'NONE', #5582 ) ;
#6231 = DIRECTION ( 'NONE',  ( 1.214306433183764966E-16, -1.000000000000000000, 0.000000000000000000 ) ) ;
#6232 = VECTOR ( 'NONE', #5008, 1000.000000000000000 ) ;
#6233 = ORIENTED_EDGE ( 'NONE', *, *, #1930, .T. ) ;
#6234 = EDGE_CURVE ( 'NONE', #1699, #2924, #6583, .T. ) ;
#6235 = VERTEX_POINT ( 'NONE', #142 ) ;
#6236 = DIRECTION ( 'NONE',  ( 1.214306433183764966E-16, -1.000000000000000000, 4.330091167351559933E-32 ) ) ;
#6237 = CARTESIAN_POINT ( 'NONE',  ( 95.24116970170310026, 9.500000000000000000, 163.9717239102517681 ) ) ;
#6238 = CIRCLE ( 'NONE', #3156, 4.000000000000003553 ) ;
#6239 = CARTESIAN_POINT ( 'NONE',  ( 100.2411697017031003, 9.500000000000000000, 141.7328810449583614 ) ) ;
#6240 = FACE_OUTER_BOUND ( 'NONE', #4094, .T. ) ;
#6241 = CARTESIAN_POINT ( 'NONE',  ( 149.2011697012675597, 9.500000000000000000, 71.26304484459957678 ) ) ;
#6242 = EDGE_LOOP ( 'NONE', ( #6799, #6568, #7019, #311, #3327, #5167, #6299, #4253 ) ) ;
#6243 = ORIENTED_EDGE ( 'NONE', *, *, #1467, .F. ) ;
#6244 = AXIS2_PLACEMENT_3D ( 'NONE', #1561, #5385, #2087 ) ;
#6245 = CARTESIAN_POINT ( 'NONE',  ( 100.2411697017031003, 2.000000000000000000, 159.9717239102517681 ) ) ;
#6246 = FACE_OUTER_BOUND ( 'NONE', #2228, .T. ) ;
#6247 = VECTOR ( 'NONE', #6696, 1000.000000000000000 ) ;
#6248 = VERTEX_POINT ( 'NONE', #6127 ) ;
#6249 = DIRECTION ( 'NONE',  ( -1.214306433183764966E-16, 1.000000000000000000, 2.165045941964102761E-32 ) ) ;
#6250 = EDGE_LOOP ( 'NONE', ( #3331, #68, #6629, #2682 ) ) ;
#6251 = FACE_OUTER_BOUND ( 'NONE', #2691, .T. ) ;
#6252 = CARTESIAN_POINT ( 'NONE',  ( 177.5912666817638126, 9.500000000000000000, 40.02827608974840246 ) ) ;
#6253 = CARTESIAN_POINT ( 'NONE',  ( 21.91891372578183450, 2.000000000000000000, 159.9717492987328171 ) ) ;
#6254 = VECTOR ( 'NONE', #402, 1000.000000000000000 ) ;
#6255 = DIRECTION ( 'NONE',  ( -1.000000000000000000, -1.214306433183764966E-16, 0.000000000000000000 ) ) ;
#6256 = EDGE_CURVE ( 'NONE', #5746, #5975, #2280, .T. ) ;
#6257 = VERTEX_POINT ( 'NONE', #1219 ) ;
#6258 = ORIENTED_EDGE ( 'NONE', *, *, #5969, .F. ) ;
#6259 = VERTEX_POINT ( 'NONE', #4415 ) ;
#6260 = CARTESIAN_POINT ( 'NONE',  ( 21.90873331823642189, 0.000000000000000000, 137.7328810449583330 ) ) ;
#6261 = DIRECTION ( 'NONE',  ( -1.214306433183764966E-16, 1.000000000000000000, -0.000000000000000000 ) ) ;
#6262 = ORIENTED_EDGE ( 'NONE', *, *, #6466, .T. ) ;
#6263 = AXIS2_PLACEMENT_3D ( 'NONE', #3350, #2778, #5521 ) ;
#6264 = CARTESIAN_POINT ( 'NONE',  ( 177.5912666817638126, 2.000000000000000000, 40.02827608974840246 ) ) ;
#6265 = ORIENTED_EDGE ( 'NONE', *, *, #398, .F. ) ;
#6266 = AXIS2_PLACEMENT_3D ( 'NONE', #1753, #2828, #6754 ) ;
#6267 = EDGE_LOOP ( 'NONE', ( #3367, #1375, #6549, #1562 ) ) ;
#6268 = DIRECTION ( 'NONE',  ( 0.000000000000000000, 0.000000000000000000, 1.000000000000000000 ) ) ;
#6269 = DIRECTION ( 'NONE',  ( 0.000000000000000000, -1.000000000000000000, 0.000000000000000000 ) ) ;
#6270 = LINE ( 'NONE', #2555, #4243 ) ;
#6271 = CARTESIAN_POINT ( 'NONE',  ( 122.2211697014853087, 9.500000000000000000, 75.26304484459959099 ) ) ;
#6272 = VECTOR ( 'NONE', #5704, 1000.000000000000000 ) ;
#6273 = ORIENTED_EDGE ( 'NONE', *, *, #5579, .T. ) ;
#6274 = ORIENTED_EDGE ( 'NONE', *, *, #4556, .F. ) ;
#6275 = EDGE_CURVE ( 'NONE', #2724, #5643, #4875, .T. ) ;
#6276 = ORIENTED_EDGE ( 'NONE', *, *, #4333, .T. ) ;
#6277 = CIRCLE ( 'NONE', #3198, 4.000000000000003553 ) ;
#6278 = PLANE ( 'NONE',  #672 ) ;
#6279 = CARTESIAN_POINT ( 'NONE',  ( 104.2411697017031003, 9.500000000000000000, 137.7328810449583330 ) ) ;
#6280 = CARTESIAN_POINT ( 'NONE',  ( 131.2211697014853087, 9.500000000000000000, 128.7369805438819697 ) ) ;
#6281 = VECTOR ( 'NONE', #1730, 1000.000000000000000 ) ;
#6282 = ORIENTED_EDGE ( 'NONE', *, *, #2536, .F. ) ;
#6283 = EDGE_CURVE ( 'NONE', #6768, #4409, #6090, .T. ) ;
#6284 = DIRECTION ( 'NONE',  ( -0.000000000000000000, 1.000000000000000000, -0.000000000000000000 ) ) ;
#6285 = ORIENTED_EDGE ( 'NONE', *, *, #4309, .F. ) ;
#6286 = CARTESIAN_POINT ( 'NONE',  ( 68.26116970192094868, 9.500000000000000000, 71.26304484459957678 ) ) ;
#6287 = CARTESIAN_POINT ( 'NONE',  ( 131.2211697014853087, 2.000000000000000000, 93.50188770989299769 ) ) ;
#6288 = DIRECTION ( 'NONE',  ( 0.000000000000000000, -1.000000000000000000, 0.000000000000000000 ) ) ;
#6289 = VECTOR ( 'NONE', #4230, 1000.000000000000000 ) ;
#6290 = DIRECTION ( 'NONE',  ( 0.000000000000000000, 0.000000000000000000, -1.000000000000000000 ) ) ;
#6291 = EDGE_LOOP ( 'NONE', ( #6436, #6308, #6576, #5469, #5662, #7009, #6196, #6690 ) ) ;
#6292 = VERTEX_POINT ( 'NONE', #2917 ) ;
#6293 = CARTESIAN_POINT ( 'NONE',  ( 68.26116970192092026, 1.999999999999998224, 163.9717239102517681 ) ) ;
#6294 = PLANE ( 'NONE',  #3806 ) ;
#6295 = DIRECTION ( 'NONE',  ( 1.214306433183764966E-16, -1.000000000000000000, 0.000000000000000000 ) ) ;
#6296 = EDGE_LOOP ( 'NONE', ( #4446, #546, #582, #6948, #1594, #2486, #4009, #4070 ) ) ;
#6297 = ORIENTED_EDGE ( 'NONE', *, *, #6256, .F. ) ;
#6298 = CIRCLE ( 'NONE', #3332, 4.000000000000003553 ) ;
#6299 = ORIENTED_EDGE ( 'NONE', *, *, #6557, .F. ) ;
#6300 = EDGE_CURVE ( 'NONE', #1962, #5529, #5086, .T. ) ;
#6301 = DIRECTION ( 'NONE',  ( 0.000000000000000000, 1.000000000000000000, 0.000000000000000000 ) ) ;
#6302 = EDGE_CURVE ( 'NONE', #6348, #5692, #4018, .T. ) ;
#6303 = CARTESIAN_POINT ( 'NONE',  ( 45.28116970213874026, 7.443006966612743653E-31, 106.4981376785882219 ) ) ;
#6304 = DIRECTION ( 'NONE',  ( 0.000000000000000000, 0.000000000000000000, -1.000000000000000000 ) ) ;
#6305 = LINE ( 'NONE', #5802, #1583 ) ;
#6306 = CIRCLE ( 'NONE', #4480, 4.000000000000003553 ) ;
#6307 = ORIENTED_EDGE ( 'NONE', *, *, #3294, .F. ) ;
#6308 = ORIENTED_EDGE ( 'NONE', *, *, #4120, .F. ) ;
#6309 = AXIS2_PLACEMENT_3D ( 'NONE', #75, #5797, #941 ) ;
#6310 = AXIS2_PLACEMENT_3D ( 'NONE', #4787, #4177, #5248 ) ;
#6311 = PLANE ( 'NONE',  #2400 ) ;
#6312 = CARTESIAN_POINT ( 'NONE',  ( 192.5411697017030974, 0.000000000000000000, 36.70000634712027932 ) ) ;
#6313 = AXIS2_PLACEMENT_3D ( 'NONE', #522, #5953, #2693 ) ;
#6314 = EDGE_LOOP ( 'NONE', ( #1015, #6113, #630, #6331 ) ) ;
#6315 = DIRECTION ( 'NONE',  ( 0.000000000000000000, 1.000000000000000000, 0.000000000000000000 ) ) ;
#6316 = FACE_OUTER_BOUND ( 'NONE', #2493, .T. ) ;
#6317 = CARTESIAN_POINT ( 'NONE',  ( 77.26116970192093447, 9.500000000000000000, 163.9717239102517681 ) ) ;
#6318 = CARTESIAN_POINT ( 'NONE',  ( 182.5411697017031258, 2.000000000000000000, 163.3000063471202452 ) ) ;
#6319 = CARTESIAN_POINT ( 'NONE',  ( 177.5912666817638126, 0.000000000000000000, 36.02827608974849483 ) ) ;
#6320 = EDGE_CURVE ( 'NONE', #543, #4982, #1291, .T. ) ;
#6321 = DIRECTION ( 'NONE',  ( 1.214306433183764966E-16, -1.000000000000000000, 0.000000000000000000 ) ) ;
#6322 = ORIENTED_EDGE ( 'NONE', *, *, #6337, .T. ) ;
#6323 = AXIS2_PLACEMENT_3D ( 'NONE', #1776, #2816, #6139 ) ;
#6324 = EDGE_LOOP ( 'NONE', ( #3847, #6404, #4332, #4035 ) ) ;
#6325 = ORIENTED_EDGE ( 'NONE', *, *, #5901, .T. ) ;
#6326 = CARTESIAN_POINT ( 'NONE',  ( 21.91891372578183450, 2.000000000000000000, 97.50188770989295506 ) ) ;
#6327 = LINE ( 'NONE', #306, #2108 ) ;
#6328 = AXIS2_PLACEMENT_3D ( 'NONE', #5099, #1855, #728 ) ;
#6329 = EDGE_CURVE ( 'NONE', #6843, #2309, #1691, .T. ) ;
#6330 = EDGE_LOOP ( 'NONE', ( #5049, #982, #6777, #3658 ) ) ;
#6331 = ORIENTED_EDGE ( 'NONE', *, *, #6903, .T. ) ;
#6332 = CARTESIAN_POINT ( 'NONE',  ( 154.2011697012675597, 2.000000000000001776, 102.4981376785884493 ) ) ;
#6333 = CARTESIAN_POINT ( 'NONE',  ( 99.24116970170310026, -7.723691345436736938E-31, 141.7328810449583614 ) ) ;
#6334 = CARTESIAN_POINT ( 'NONE',  ( 122.2211697014853087, 9.500000000000000000, 137.7328810449583330 ) ) ;
#6335 = LINE ( 'NONE', #1544, #4903 ) ;
#6336 = EDGE_CURVE ( 'NONE', #5573, #5185, #3167, .T. ) ;
#6337 = EDGE_CURVE ( 'NONE', #3185, #6795, #4115, .T. ) ;
#6338 = VERTEX_POINT ( 'NONE', #2508 ) ;
#6339 = ORIENTED_EDGE ( 'NONE', *, *, #284, .T. ) ;
#6340 = ADVANCED_FACE ( 'NONE', ( #1284 ), #6829, .F. ) ;
#6341 = VERTEX_POINT ( 'NONE', #2402 ) ;
#6342 = VECTOR ( 'NONE', #440, 1000.000000000000000 ) ;
#6343 = DIRECTION ( 'NONE',  ( 0.000000000000000000, 0.000000000000000000, 1.000000000000000000 ) ) ;
#6344 = DIRECTION ( 'NONE',  ( 0.000000000000000000, 0.000000000000000000, -1.000000000000000000 ) ) ;
#6345 = CYLINDRICAL_SURFACE ( 'NONE', #5609, 4.000000000000003553 ) ;
#6346 = DIRECTION ( 'NONE',  ( 0.000000000000000000, 0.000000000000000000, 1.000000000000000000 ) ) ;
#6347 = CIRCLE ( 'NONE', #1095, 3.999999999999996447 ) ;
#6348 = VERTEX_POINT ( 'NONE', #5756 ) ;
#6349 = CARTESIAN_POINT ( 'NONE',  ( 77.26116970192093447, 6.721976323000911582E-15, 159.9717239102517681 ) ) ;
#6350 = CARTESIAN_POINT ( 'NONE',  ( 149.2011697012675597, 9.500000000000000000, 102.4981376785882929 ) ) ;
#6351 = CARTESIAN_POINT ( 'NONE',  ( 21.90873331823642189, 2.000000000000000000, 71.26304484459957678 ) ) ;
#6352 = VECTOR ( 'NONE', #786, 1000.000000000000000 ) ;
#6353 = LINE ( 'NONE', #4888, #5989 ) ;
#6354 = FACE_OUTER_BOUND ( 'NONE', #5193, .T. ) ;
#6355 = CARTESIAN_POINT ( 'NONE',  ( 99.24116970170310026, 2.000000000000000000, 141.7328810449583614 ) ) ;
#6356 = EDGE_LOOP ( 'NONE', ( #3923, #820, #6262, #6867 ) ) ;
#6357 = EDGE_LOOP ( 'NONE', ( #6677, #5501, #1203, #1323 ) ) ;
#6358 = ORIENTED_EDGE ( 'NONE', *, *, #4926, .T. ) ;
#6359 = CARTESIAN_POINT ( 'NONE',  ( 131.2211697014853087, 9.500000000000000000, 141.7328810449583614 ) ) ;
#6360 = DIRECTION ( 'NONE',  ( 0.000000000000000000, 1.000000000000000000, 0.000000000000000000 ) ) ;
#6361 = CARTESIAN_POINT ( 'NONE',  ( 68.26116970192092026, 1.999999999999998224, 62.26711895504224969 ) ) ;
#6362 = CARTESIAN_POINT ( 'NONE',  ( 153.2011697012675597, 2.000000000000000000, 40.02827608974848062 ) ) ;
#6363 = VERTEX_POINT ( 'NONE', #3475 ) ;
#6364 = DIRECTION ( 'NONE',  ( 0.000000000000000000, 0.000000000000000000, 1.000000000000000000 ) ) ;
#6365 = EDGE_CURVE ( 'NONE', #1049, #6794, #2035, .T. ) ;
#6366 = ORIENTED_EDGE ( 'NONE', *, *, #3100, .F. ) ;
#6367 = ORIENTED_EDGE ( 'NONE', *, *, #1897, .F. ) ;
#6368 = CARTESIAN_POINT ( 'NONE',  ( 104.2411697017031003, 9.500000000000000000, 36.02827608974845219 ) ) ;
#6369 = AXIS2_PLACEMENT_3D ( 'NONE', #6559, #5309, #397 ) ;
#6370 = FACE_OUTER_BOUND ( 'NONE', #6647, .T. ) ;
#6371 = CARTESIAN_POINT ( 'NONE',  ( 158.2011697012675882, 2.000000000000000000, 124.7369805438819697 ) ) ;
#6372 = LINE ( 'NONE', #4127, #788 ) ;
#6373 = EDGE_CURVE ( 'NONE', #5738, #5975, #340, .T. ) ;
#6374 = EDGE_LOOP ( 'NONE', ( #2058, #4610, #2968, #2960 ) ) ;
#6375 = VECTOR ( 'NONE', #3558, 1000.000000000000000 ) ;
#6376 = VERTEX_POINT ( 'NONE', #4662 ) ;
#6377 = VECTOR ( 'NONE', #1485, 1000.000000000000000 ) ;
#6378 = CARTESIAN_POINT ( 'NONE',  ( 95.24116970170310026, 2.000000000000000000, 141.7328810449583614 ) ) ;
#6379 = LINE ( 'NONE', #2075, #372 ) ;
#6380 = CARTESIAN_POINT ( 'NONE',  ( 131.2211697014853087, -26.25789166916414885, 106.4981376785882929 ) ) ;
#6381 = AXIS2_PLACEMENT_3D ( 'NONE', #564, #491, #2659 ) ;
#6382 = EDGE_CURVE ( 'NONE', #4571, #6747, #1352, .T. ) ;
#6383 = FACE_BOUND ( 'NONE', #6242, .T. ) ;
#6384 = ORIENTED_EDGE ( 'NONE', *, *, #4978, .F. ) ;
#6385 = VECTOR ( 'NONE', #6847, 1000.000000000000000 ) ;
#6386 = VERTEX_POINT ( 'NONE', #4049 ) ;
#6387 = DIRECTION ( 'NONE',  ( -0.000000000000000000, 0.000000000000000000, -1.000000000000000000 ) ) ;
#6388 = CARTESIAN_POINT ( 'NONE',  ( 100.2411697017031003, 2.000000000000001776, 106.4981376785882645 ) ) ;
#6389 = CARTESIAN_POINT ( 'NONE',  ( 177.5912666817638126, 9.500000000000000000, 102.4981376785883072 ) ) ;
#6390 = EDGE_CURVE ( 'NONE', #3239, #1800, #860, .T. ) ;
#6391 = DIRECTION ( 'NONE',  ( -0.000000000000000000, 1.000000000000000000, -0.000000000000000000 ) ) ;
#6392 = CARTESIAN_POINT ( 'NONE',  ( 149.2011697012675597, 9.500000000000000000, 102.4981376785882929 ) ) ;
#6393 = DIRECTION ( 'NONE',  ( 0.000000000000000000, 0.000000000000000000, -1.000000000000000000 ) ) ;
#6394 = EDGE_LOOP ( 'NONE', ( #3051, #3295, #165, #1280 ) ) ;
#6395 = AXIS2_PLACEMENT_3D ( 'NONE', #2378, #4058, #6625 ) ;
#6396 = EDGE_CURVE ( 'NONE', #1746, #5746, #2701, .T. ) ;
#6397 = ORIENTED_EDGE ( 'NONE', *, *, #3251, .T. ) ;
#6398 = VERTEX_POINT ( 'NONE', #6293 ) ;
#6399 = FACE_OUTER_BOUND ( 'NONE', #3338, .T. ) ;
#6400 = EDGE_CURVE ( 'NONE', #535, #2823, #3548, .T. ) ;
#6401 = DIRECTION ( 'NONE',  ( 0.000000000000000000, 0.000000000000000000, -1.000000000000000000 ) ) ;
#6402 = CARTESIAN_POINT ( 'NONE',  ( 126.2211697014853087, -26.25789166916414885, 163.9717239102515691 ) ) ;
#6403 = CARTESIAN_POINT ( 'NONE',  ( 127.2211697014853087, 9.500000000000000000, 75.26304484459959099 ) ) ;
#6404 = ORIENTED_EDGE ( 'NONE', *, *, #7077, .T. ) ;
#6405 = CARTESIAN_POINT ( 'NONE',  ( 153.2011697012675597, 2.000000000000000000, 75.26304484459959099 ) ) ;
#6406 = ORIENTED_EDGE ( 'NONE', *, *, #779, .F. ) ;
#6407 = ORIENTED_EDGE ( 'NONE', *, *, #7091, .F. ) ;
#6408 = CARTESIAN_POINT ( 'NONE',  ( 100.2411697017031003, -26.25789166916415240, 97.50188770989231557 ) ) ;
#6409 = DIRECTION ( 'NONE',  ( 0.000000000000000000, 0.000000000000000000, -1.000000000000000000 ) ) ;
#6410 = CARTESIAN_POINT ( 'NONE',  ( 45.28116970213874026, -26.25789166916415951, 163.9717239102510291 ) ) ;
#6411 = CARTESIAN_POINT ( 'NONE',  ( 46.28116970213873316, 9.500000000000000000, 141.7328810449583614 ) ) ;
#6412 = VECTOR ( 'NONE', #5734, 1000.000000000000000 ) ;
#6413 = VERTEX_POINT ( 'NONE', #4011 ) ;
#6414 = EDGE_LOOP ( 'NONE', ( #2982, #219, #7088, #5096 ) ) ;
#6415 = CYLINDRICAL_SURFACE ( 'NONE', #2264, 4.000000000000031086 ) ;
#6416 = DIRECTION ( 'NONE',  ( 1.183303871744070500E-16, 0.000000000000000000, 1.000000000000000000 ) ) ;
#6417 = VECTOR ( 'NONE', #1202, 1000.000000000000000 ) ;
#6418 = CARTESIAN_POINT ( 'NONE',  ( 104.2411697017031003, 2.000000000000001776, 141.7328810449583614 ) ) ;
#6419 = CARTESIAN_POINT ( 'NONE',  ( 158.2011697012675882, 9.500000000000000000, 102.4981376785882929 ) ) ;
#6420 = LINE ( 'NONE', #1314, #4101 ) ;
#6421 = EDGE_CURVE ( 'NONE', #1986, #1178, #1432, .T. ) ;
#6422 = AXIS2_PLACEMENT_3D ( 'NONE', #144, #3341, #2919 ) ;
#6423 = CARTESIAN_POINT ( 'NONE',  ( 158.2011697012675882, 9.500000000000000000, 137.7328810449583330 ) ) ;
#6424 = VERTEX_POINT ( 'NONE', #1419 ) ;
#6425 = LINE ( 'NONE', #4782, #4134 ) ;
#6426 = DIRECTION ( 'NONE',  ( -1.000000000000000000, 0.000000000000000000, -7.131793176782546675E-16 ) ) ;
#6427 = CARTESIAN_POINT ( 'NONE',  ( 73.26116970192092026, 1.999999999999998224, 163.9717239102512281 ) ) ;
#6428 = LINE ( 'NONE', #3178, #4500 ) ;
#6429 = CARTESIAN_POINT ( 'NONE',  ( 104.2411697017031003, 9.996441374298318612E-15, 124.7369805438819839 ) ) ;
#6430 = LINE ( 'NONE', #406, #2142 ) ;
#6431 = VECTOR ( 'NONE', #7013, 1000.000000000000000 ) ;
#6432 = ORIENTED_EDGE ( 'NONE', *, *, #5605, .T. ) ;
#6433 = ADVANCED_FACE ( 'NONE', ( #1909 ), #4696, .F. ) ;
#6434 = EDGE_CURVE ( 'NONE', #6695, #1129, #4726, .T. ) ;
#6435 = ORIENTED_EDGE ( 'NONE', *, *, #2505, .F. ) ;
#6436 = ORIENTED_EDGE ( 'NONE', *, *, #1200, .F. ) ;
#6437 = CARTESIAN_POINT ( 'NONE',  ( 149.2011697012675597, 2.000000000000001776, 163.9717239102517681 ) ) ;
#6438 = DIRECTION ( 'NONE',  ( -0.000000000000000000, 1.000000000000000000, -0.000000000000000000 ) ) ;
#6439 = CARTESIAN_POINT ( 'NONE',  ( 95.24116970170310026, 0.000000000000000000, 97.50188770989298348 ) ) ;
#6440 = PLANE ( 'NONE',  #6152 ) ;
#6441 = VERTEX_POINT ( 'NONE', #5114 ) ;
#6442 = VECTOR ( 'NONE', #5314, 1000.000000000000000 ) ;
#6443 = ORIENTED_EDGE ( 'NONE', *, *, #6382, .F. ) ;
#6444 = ORIENTED_EDGE ( 'NONE', *, *, #6396, .T. ) ;
#6445 = AXIS2_PLACEMENT_3D ( 'NONE', #3302, #4382, #6591 ) ;
#6446 = CYLINDRICAL_SURFACE ( 'NONE', #6767, 4.000000000000003553 ) ;
#6447 = PLANE ( 'NONE',  #6971 ) ;
#6448 = CARTESIAN_POINT ( 'NONE',  ( 126.2211697014853087, 1.999999999999998224, 159.9717239102517681 ) ) ;
#6449 = CARTESIAN_POINT ( 'NONE',  ( 73.26116970192092026, 9.500000000000000000, 93.50188770989296927 ) ) ;
#6450 = ORIENTED_EDGE ( 'NONE', *, *, #4007, .F. ) ;
#6451 = LINE ( 'NONE', #4304, #4914 ) ;
#6452 = CARTESIAN_POINT ( 'NONE',  ( 46.28116970213874026, 2.000000000000001776, 163.9717239102510291 ) ) ;
#6453 = DIRECTION ( 'NONE',  ( -1.214306433183764966E-16, 1.000000000000000000, -0.000000000000000000 ) ) ;
#6454 = DIRECTION ( 'NONE',  ( -1.521783800684208010E-15, 0.000000000000000000, -1.000000000000000000 ) ) ;
#6455 = VECTOR ( 'NONE', #6008, 1000.000000000000000 ) ;
#6456 = CARTESIAN_POINT ( 'NONE',  ( 73.26116970192092026, 5.000000000000007105, 141.7328810449583614 ) ) ;
#6457 = ORIENTED_EDGE ( 'NONE', *, *, #2585, .F. ) ;
#6458 = DIRECTION ( 'NONE',  ( -1.000000000000000000, 0.000000000000000000, 0.000000000000000000 ) ) ;
#6459 = DIRECTION ( 'NONE',  ( 1.000000000000000000, 0.000000000000000000, 0.000000000000000000 ) ) ;
#6460 = DIRECTION ( 'NONE',  ( 1.214306433183764966E-16, -1.000000000000000000, 0.000000000000000000 ) ) ;
#6461 = ADVANCED_FACE ( 'NONE', ( #204 ), #4584, .F. ) ;
#6462 = DIRECTION ( 'NONE',  ( -0.000000000000000000, 1.000000000000000000, -0.000000000000000000 ) ) ;
#6463 = DIRECTION ( 'NONE',  ( -1.000000000000000000, -1.214306433183764966E-16, 0.000000000000000000 ) ) ;
#6464 = CARTESIAN_POINT ( 'NONE',  ( 21.91893948763057409, 0.000000000000000000, 62.26711895504224969 ) ) ;
#6465 = ORIENTED_EDGE ( 'NONE', *, *, #4812, .T. ) ;
#6466 = EDGE_CURVE ( 'NONE', #3044, #4224, #6228, .T. ) ;
#6467 = AXIS2_PLACEMENT_3D ( 'NONE', #2474, #1981, #1385 ) ;
#6468 = ORIENTED_EDGE ( 'NONE', *, *, #3633, .F. ) ;
#6469 = EDGE_LOOP ( 'NONE', ( #893, #626, #3664, #89 ) ) ;
#6470 = LINE ( 'NONE', #4760, #3389 ) ;
#6471 = DIRECTION ( 'NONE',  ( 1.214306433183764966E-16, -1.000000000000000000, 7.577659542865232346E-32 ) ) ;
#6472 = FACE_OUTER_BOUND ( 'NONE', #1039, .T. ) ;
#6473 = ORIENTED_EDGE ( 'NONE', *, *, #2837, .T. ) ;
#6474 = EDGE_CURVE ( 'NONE', #1528, #4265, #5151, .T. ) ;
#6475 = DIRECTION ( 'NONE',  ( -1.000000000000000000, 0.000000000000000000, 1.676061329446190724E-16 ) ) ;
#6476 = AXIS2_PLACEMENT_3D ( 'NONE', #3571, #160, #262 ) ;
#6477 = EDGE_CURVE ( 'NONE', #6398, #2226, #4422, .T. ) ;
#6478 = ORIENTED_EDGE ( 'NONE', *, *, #634, .T. ) ;
#6479 = ORIENTED_EDGE ( 'NONE', *, *, #4850, .T. ) ;
#6480 = DIRECTION ( 'NONE',  ( 1.214306433183764966E-16, -1.000000000000000000, -2.165045941964102761E-32 ) ) ;
#6481 = PLANE ( 'NONE',  #1819 ) ;
#6482 = ORIENTED_EDGE ( 'NONE', *, *, #6940, .T. ) ;
#6483 = VECTOR ( 'NONE', #3238, 1000.000000000000000 ) ;
#6484 = EDGE_CURVE ( 'NONE', #5824, #2062, #3843, .T. ) ;
#6485 = CARTESIAN_POINT ( 'NONE',  ( 45.28116970213874026, -26.25789166916415951, 36.02830147823024731 ) ) ;
#6486 = FACE_OUTER_BOUND ( 'NONE', #212, .T. ) ;
#6487 = DIRECTION ( 'NONE',  ( 0.000000000000000000, 0.000000000000000000, 1.000000000000000000 ) ) ;
#6488 = DIRECTION ( 'NONE',  ( -1.000000000000000000, -1.214306433183764966E-16, 0.000000000000000000 ) ) ;
#6489 = DIRECTION ( 'NONE',  ( 0.000000000000000000, 1.000000000000000000, 0.000000000000000000 ) ) ;
#6490 = VECTOR ( 'NONE', #5993, 1000.000000000000000 ) ;
#6491 = LINE ( 'NONE', #955, #6483 ) ;
#6492 = ORIENTED_EDGE ( 'NONE', *, *, #4244, .T. ) ;
#6493 = CIRCLE ( 'NONE', #310, 4.000000000000003553 ) ;
#6494 = DIRECTION ( 'NONE',  ( -1.000000000000000000, 0.000000000000000000, -6.240319029684725998E-16 ) ) ;
#6495 = LINE ( 'NONE', #367, #533 ) ;
#6496 = CYLINDRICAL_SURFACE ( 'NONE', #6665, 4.000000000000003553 ) ;
#6497 = DIRECTION ( 'NONE',  ( 1.000000000000000000, 0.000000000000000000, -1.782948589251572672E-16 ) ) ;
#6498 = CARTESIAN_POINT ( 'NONE',  ( 104.2411697017031003, 2.000000000000001776, 40.02827608974845219 ) ) ;
#6499 = ORIENTED_EDGE ( 'NONE', *, *, #3417, .F. ) ;
#6500 = CIRCLE ( 'NONE', #4334, 4.000000000000003553 ) ;
#6501 = EDGE_LOOP ( 'NONE', ( #6457, #3705, #274, #3133, #1123, #3831, #2004, #3149 ) ) ;
#6502 = ORIENTED_EDGE ( 'NONE', *, *, #779, .T. ) ;
#6503 = CARTESIAN_POINT ( 'NONE',  ( 50.28116970213873316, 2.000000000000000000, 58.26711895504224969 ) ) ;
#6504 = ADVANCED_FACE ( 'NONE', ( #2714 ), #3151, .F. ) ;
#6505 = DIRECTION ( 'NONE',  ( 0.000000000000000000, 0.000000000000000000, -1.000000000000000000 ) ) ;
#6506 = AXIS2_PLACEMENT_3D ( 'NONE', #4418, #528, #6023 ) ;
#6507 = CARTESIAN_POINT ( 'NONE',  ( 45.28116970213873316, 5.000000000000005329, 58.26711895504224969 ) ) ;
#6508 = CARTESIAN_POINT ( 'NONE',  ( 77.26116970192093447, 5.000000000000000888, 128.7369805438819981 ) ) ;
#6509 = ORIENTED_EDGE ( 'NONE', *, *, #108, .F. ) ;
#6510 = DIRECTION ( 'NONE',  ( 0.000000000000000000, 0.000000000000000000, 1.000000000000000000 ) ) ;
#6511 = VERTEX_POINT ( 'NONE', #6437 ) ;
#6512 = ORIENTED_EDGE ( 'NONE', *, *, #4779, .F. ) ;
#6513 = ORIENTED_EDGE ( 'NONE', *, *, #873, .T. ) ;
#6514 = DIRECTION ( 'NONE',  ( 1.000000000000000000, 0.000000000000000000, 0.000000000000000000 ) ) ;
#6515 = DIRECTION ( 'NONE',  ( 6.240319029684725998E-16, 0.000000000000000000, -1.000000000000000000 ) ) ;
#6516 = EDGE_CURVE ( 'NONE', #5855, #2831, #4764, .T. ) ;
#6517 = EDGE_CURVE ( 'NONE', #5721, #3628, #1673, .T. ) ;
#6518 = DIRECTION ( 'NONE',  ( 0.000000000000000000, 0.000000000000000000, 1.000000000000000000 ) ) ;
#6519 = LINE ( 'NONE', #3808, #5296 ) ;
#6520 = LINE ( 'NONE', #1623, #5379 ) ;
#6521 = CARTESIAN_POINT ( 'NONE',  ( 158.2011697012675882, 9.500000000000000000, 93.50188770989301190 ) ) ;
#6522 = VECTOR ( 'NONE', #1589, 1000.000000000000000 ) ;
#6523 = DIRECTION ( 'NONE',  ( 0.000000000000000000, 0.000000000000000000, 1.000000000000000000 ) ) ;
#6524 = ORIENTED_EDGE ( 'NONE', *, *, #83, .T. ) ;
#6525 =( LENGTH_UNIT ( ) NAMED_UNIT ( * ) SI_UNIT ( .MILLI., .METRE. ) );
#6526 = CARTESIAN_POINT ( 'NONE',  ( 72.26116970192092026, -26.25789166916415596, 36.02830147823004836 ) ) ;
#6527 = CARTESIAN_POINT ( 'NONE',  ( 50.28116970213873316, 2.000000000000001776, 102.4981376785882219 ) ) ;
#6528 = DIRECTION ( 'NONE',  ( 0.000000000000000000, 0.000000000000000000, 1.000000000000000000 ) ) ;
#6529 = ORIENTED_EDGE ( 'NONE', *, *, #4119, .F. ) ;
#6530 = AXIS2_PLACEMENT_3D ( 'NONE', #2100, #1012, #7092 ) ;
#6531 = ORIENTED_EDGE ( 'NONE', *, *, #549, .F. ) ;
#6532 = VERTEX_POINT ( 'NONE', #5391 ) ;
#6533 = DIRECTION ( 'NONE',  ( -0.000000000000000000, 1.000000000000000000, -0.000000000000000000 ) ) ;
#6534 = CIRCLE ( 'NONE', #5174, 4.000000000000003553 ) ;
#6535 = CARTESIAN_POINT ( 'NONE',  ( 122.2211697014853087, 9.500000000000000000, 97.50188770989299769 ) ) ;
#6536 = VECTOR ( 'NONE', #729, 1000.000000000000000 ) ;
#6537 = LINE ( 'NONE', #6975, #55 ) ;
#6538 = DIRECTION ( 'NONE',  ( 0.000000000000000000, 0.000000000000000000, 1.000000000000000000 ) ) ;
#6539 = ORIENTED_EDGE ( 'NONE', *, *, #2089, .T. ) ;
#6540 = PLANE ( 'NONE',  #4111 ) ;
#6541 = CIRCLE ( 'NONE', #3584, 4.000000000000003553 ) ;
#6542 = EDGE_LOOP ( 'NONE', ( #764, #339, #4331, #379 ) ) ;
#6543 = ORIENTED_EDGE ( 'NONE', *, *, #6634, .T. ) ;
#6544 = EDGE_LOOP ( 'NONE', ( #5285, #1034, #3257, #2341 ) ) ;
#6545 = DIRECTION ( 'NONE',  ( 1.214306433183764966E-16, -1.000000000000000000, 0.000000000000000000 ) ) ;
#6546 = VECTOR ( 'NONE', #2120, 1000.000000000000000 ) ;
#6547 = CARTESIAN_POINT ( 'NONE',  ( 153.2011697012675597, -7.723691345436736938E-31, 141.7328810449583614 ) ) ;
#6548 = LINE ( 'NONE', #2729, #434 ) ;
#6549 = ORIENTED_EDGE ( 'NONE', *, *, #257, .T. ) ;
#6550 = AXIS2_PLACEMENT_3D ( 'NONE', #4459, #1704, #575 ) ;
#6551 = LINE ( 'NONE', #1084, #2519 ) ;
#6552 = DIRECTION ( 'NONE',  ( 1.000000000000000000, 0.000000000000000000, 3.565896588391270872E-16 ) ) ;
#6553 = CARTESIAN_POINT ( 'NONE',  ( 77.26116970192093447, 2.000000000000000000, 159.9717239102517681 ) ) ;
#6554 = CARTESIAN_POINT ( 'NONE',  ( 154.2011697012675597, -2.313113090053462464E-30, 124.7369805438819697 ) ) ;
#6555 = AXIS2_PLACEMENT_3D ( 'NONE', #5238, #2962, #2927 ) ;
#6556 = ADVANCED_FACE ( 'NONE', ( #1004 ), #2578, .F. ) ;
#6557 = EDGE_CURVE ( 'NONE', #5209, #662, #7012, .T. ) ;
#6558 = ORIENTED_EDGE ( 'NONE', *, *, #2760, .T. ) ;
#6559 = CARTESIAN_POINT ( 'NONE',  ( 104.2411697017031003, -26.25789166916415240, 106.4981376785882645 ) ) ;
#6560 = ORIENTED_EDGE ( 'NONE', *, *, #4294, .T. ) ;
#6561 = CARTESIAN_POINT ( 'NONE',  ( 181.5810351238889666, 2.000000000000000000, 160.2576649824971753 ) ) ;
#6562 = FACE_OUTER_BOUND ( 'NONE', #656, .T. ) ;
#6563 = DIRECTION ( 'NONE',  ( -1.000000000000000000, 0.000000000000000000, 0.000000000000000000 ) ) ;
#6564 = ORIENTED_EDGE ( 'NONE', *, *, #4308, .F. ) ;
#6565 = EDGE_CURVE ( 'NONE', #6083, #572, #2129, .T. ) ;
#6566 = VERTEX_POINT ( 'NONE', #4289 ) ;
#6567 = FACE_OUTER_BOUND ( 'NONE', #6730, .T. ) ;
#6568 = ORIENTED_EDGE ( 'NONE', *, *, #257, .F. ) ;
#6569 = CARTESIAN_POINT ( 'NONE',  ( 153.2011697012675597, 2.000000000000001776, 124.7369805438819697 ) ) ;
#6570 = VECTOR ( 'NONE', #6610, 1000.000000000000000 ) ;
#6571 = DIRECTION ( 'NONE',  ( -0.000000000000000000, 1.000000000000000000, -0.000000000000000000 ) ) ;
#6572 = CARTESIAN_POINT ( 'NONE',  ( 177.5912666817638126, 2.000000000000000000, 102.4981376785883072 ) ) ;
#6573 = EDGE_CURVE ( 'NONE', #4859, #2592, #6470, .T. ) ;
#6574 = DIRECTION ( 'NONE',  ( 1.000000000000000000, 1.214306433183764966E-16, 0.000000000000000000 ) ) ;
#6575 = DIRECTION ( 'NONE',  ( -0.000000000000000000, 1.000000000000000000, -0.000000000000000000 ) ) ;
#6576 = ORIENTED_EDGE ( 'NONE', *, *, #2694, .F. ) ;
#6577 = CARTESIAN_POINT ( 'NONE',  ( 104.2411697017031287, 9.500000000000000000, 71.26304484459957678 ) ) ;
#6578 = AXIS2_PLACEMENT_3D ( 'NONE', #6485, #1619, #3805 ) ;
#6579 = ORIENTED_EDGE ( 'NONE', *, *, #383, .F. ) ;
#6580 = EDGE_LOOP ( 'NONE', ( #968, #6243, #3899, #3888 ) ) ;
#6581 = ORIENTED_EDGE ( 'NONE', *, *, #5253, .F. ) ;
#6582 = CARTESIAN_POINT ( 'NONE',  ( 68.26116970192092026, -26.25789166916415596, 124.7369805438819981 ) ) ;
#6583 = CIRCLE ( 'NONE', #4188, 4.000000000000031086 ) ;
#6584 = CARTESIAN_POINT ( 'NONE',  ( 17.91891372578181674, 0.000000000000000000, 93.50188770989296927 ) ) ;
#6585 = ORIENTED_EDGE ( 'NONE', *, *, #5774, .F. ) ;
#6586 = ADVANCED_FACE ( 'NONE', ( #6399 ), #480, .F. ) ;
#6587 = CARTESIAN_POINT ( 'NONE',  ( 153.2011697012675597, 2.000000000000001776, 102.4981376785884493 ) ) ;
#6588 = DIRECTION ( 'NONE',  ( -1.000000000000000000, -1.214306433183764966E-16, 0.000000000000000000 ) ) ;
#6589 = CIRCLE ( 'NONE', #7069, 4.000000000000003553 ) ;
#6590 = LINE ( 'NONE', #1694, #5364 ) ;
#6591 = DIRECTION ( 'NONE',  ( 0.000000000000000000, 0.000000000000000000, -1.000000000000000000 ) ) ;
#6592 = EDGE_CURVE ( 'NONE', #14, #1925, #4184, .T. ) ;
#6593 = LINE ( 'NONE', #1697, #1349 ) ;
#6594 = VERTEX_POINT ( 'NONE', #932 ) ;
#6595 = CARTESIAN_POINT ( 'NONE',  ( 149.2011697012675597, 9.500000000000000000, 97.50188770989299769 ) ) ;
#6596 = EDGE_CURVE ( 'NONE', #3745, #2616, #4793, .T. ) ;
#6597 = DIRECTION ( 'NONE',  ( 1.214306433183764966E-16, -1.000000000000000000, -0.000000000000000000 ) ) ;
#6598 = LINE ( 'NONE', #2745, #2773 ) ;
#6599 = AXIS2_PLACEMENT_3D ( 'NONE', #1627, #4813, #7032 ) ;
#6600 = DIRECTION ( 'NONE',  ( 1.000000000000000000, 0.000000000000000000, 0.000000000000000000 ) ) ;
#6601 = ORIENTED_EDGE ( 'NONE', *, *, #458, .F. ) ;
#6602 = VECTOR ( 'NONE', #6775, 1000.000000000000000 ) ;
#6603 = PRODUCT_DEFINITION_FORMATION_WITH_SPECIFIED_SOURCE ( 'ANY', '', #6833, .NOT_KNOWN. ) ;
#6604 = ORIENTED_EDGE ( 'NONE', *, *, #5812, .F. ) ;
#6605 = EDGE_CURVE ( 'NONE', #1603, #5841, #5201, .T. ) ;
#6606 = ORIENTED_EDGE ( 'NONE', *, *, #3339, .F. ) ;
#6607 = CARTESIAN_POINT ( 'NONE',  ( 104.2411697017031003, 5.000000000000000888, 97.50188770989298348 ) ) ;
#6608 = LINE ( 'NONE', #21, #2906 ) ;
#6609 = CARTESIAN_POINT ( 'NONE',  ( 182.5411697017031258, 2.000000000000000000, 163.3000063471202452 ) ) ;
#6610 = DIRECTION ( 'NONE',  ( 1.214306433183764966E-16, -1.000000000000000000, 0.000000000000000000 ) ) ;
#6611 = CARTESIAN_POINT ( 'NONE',  ( 41.28116970213874026, 9.500000000000000000, 137.7328810449583330 ) ) ;
#6612 = ORIENTED_EDGE ( 'NONE', *, *, #4032, .T. ) ;
#6613 = AXIS2_PLACEMENT_3D ( 'NONE', #800, #5197, #2883 ) ;
#6614 = EDGE_CURVE ( 'NONE', #6386, #1129, #5914, .T. ) ;
#6615 = ORIENTED_EDGE ( 'NONE', *, *, #2907, .T. ) ;
#6616 = VERTEX_POINT ( 'NONE', #3758 ) ;
#6617 = VECTOR ( 'NONE', #2641, 1000.000000000000000 ) ;
#6618 = VERTEX_POINT ( 'NONE', #3186 ) ;
#6619 = CARTESIAN_POINT ( 'NONE',  ( 127.2211697014853087, -26.25789166916414885, 97.50188770989251452 ) ) ;
#6620 = CARTESIAN_POINT ( 'NONE',  ( 177.5912666817638126, 0.000000000000000000, 36.02827608974849483 ) ) ;
#6621 = CIRCLE ( 'NONE', #2630, 4.000000000000017764 ) ;
#6622 = EDGE_LOOP ( 'NONE', ( #4404, #3141, #2238, #6225, #5699, #1351, #2997, #2193 ) ) ;
#6623 = CARTESIAN_POINT ( 'NONE',  ( 126.2211697014853087, 9.500000000000000000, 141.7328810449583614 ) ) ;
#6624 = DIRECTION ( 'NONE',  ( 1.214306433183764966E-16, -1.000000000000000000, 7.577659542865232346E-32 ) ) ;
#6625 = DIRECTION ( 'NONE',  ( 0.000000000000000000, 0.000000000000000000, 1.000000000000000000 ) ) ;
#6626 = DIRECTION ( 'NONE',  ( 6.240319029684725998E-16, 0.000000000000000000, -1.000000000000000000 ) ) ;
#6627 = CARTESIAN_POINT ( 'NONE',  ( 181.5810351238889666, 9.500000000000000000, 160.2576649824971753 ) ) ;
#6628 = DIRECTION ( 'NONE',  ( 0.000000000000000000, -0.000000000000000000, 1.000000000000000000 ) ) ;
#6629 = ORIENTED_EDGE ( 'NONE', *, *, #6645, .T. ) ;
#6630 = PLANE ( 'NONE',  #5121 ) ;
#6631 = DIRECTION ( 'NONE',  ( 0.000000000000000000, 0.000000000000000000, -1.000000000000000000 ) ) ;
#6632 = CARTESIAN_POINT ( 'NONE',  ( 68.26116970192092026, 9.500000000000000000, 106.4981376785882361 ) ) ;
#6633 = DIRECTION ( 'NONE',  ( 0.000000000000000000, 1.000000000000000000, 0.000000000000000000 ) ) ;
#6634 = EDGE_CURVE ( 'NONE', #3651, #5209, #1795, .T. ) ;
#6635 = ORIENTED_EDGE ( 'NONE', *, *, #3103, .F. ) ;
#6636 = VECTOR ( 'NONE', #147, 1000.000000000000000 ) ;
#6637 = ORIENTED_EDGE ( 'NONE', *, *, #1438, .F. ) ;
#6638 = DIRECTION ( 'NONE',  ( 1.000000000000000000, 1.214306433183764966E-16, -0.000000000000000000 ) ) ;
#6639 = ORIENTED_EDGE ( 'NONE', *, *, #2168, .F. ) ;
#6640 = CARTESIAN_POINT ( 'NONE',  ( 126.2211697014853087, 2.000000000000000000, 40.02827608974846640 ) ) ;
#6641 = LINE ( 'NONE', #5069, #4380 ) ;
#6642 = CARTESIAN_POINT ( 'NONE',  ( 95.24116970170310026, 2.000000000000000000, 40.02827608974845219 ) ) ;
#6643 = PLANE ( 'NONE',  #6803 ) ;
#6644 = VECTOR ( 'NONE', #6249, 1000.000000000000000 ) ;
#6645 = EDGE_CURVE ( 'NONE', #2220, #1640, #3217, .T. ) ;
#6646 = CARTESIAN_POINT ( 'NONE',  ( 131.2211697014853087, 1.999999999999998224, 75.26304484459959099 ) ) ;
#6647 = EDGE_LOOP ( 'NONE', ( #3781, #178, #4532, #2273 ) ) ;
#6648 = EDGE_CURVE ( 'NONE', #338, #4587, #5787, .T. ) ;
#6649 = EDGE_CURVE ( 'NONE', #4440, #5199, #289, .T. ) ;
#6650 = VERTEX_POINT ( 'NONE', #970 ) ;
#6651 = ORIENTED_EDGE ( 'NONE', *, *, #5658, .F. ) ;
#6652 =( GEOMETRIC_REPRESENTATION_CONTEXT ( 3 ) GLOBAL_UNCERTAINTY_ASSIGNED_CONTEXT ( ( #2263 ) ) GLOBAL_UNIT_ASSIGNED_CONTEXT ( ( #3555, #5297, #4669 ) ) REPRESENTATION_CONTEXT ( 'NONE', 'WORKASPACE' ) );
#6653 = ORIENTED_EDGE ( 'NONE', *, *, #5936, .T. ) ;
#6654 = CARTESIAN_POINT ( 'NONE',  ( 73.26116970192092026, 2.000000000000000000, 159.9717239102517681 ) ) ;
#6655 = CARTESIAN_POINT ( 'NONE',  ( 46.28116970213873316, 9.500000000000000000, 106.4981376785882219 ) ) ;
#6656 = VECTOR ( 'NONE', #6480, 1000.000000000000000 ) ;
#6657 = ORIENTED_EDGE ( 'NONE', *, *, #6158, .T. ) ;
#6658 = VECTOR ( 'NONE', #2715, 1000.000000000000000 ) ;
#6659 = CARTESIAN_POINT ( 'NONE',  ( 21.91891372578183450, 0.000000000000000000, 97.50188770989295506 ) ) ;
#6660 = PLANE ( 'NONE',  #106 ) ;
#6661 = CARTESIAN_POINT ( 'NONE',  ( 72.26116970192092026, 2.000000000000000000, 106.4981376785882361 ) ) ;
#6662 = DIRECTION ( 'NONE',  ( 0.000000000000000000, -0.000000000000000000, -1.000000000000000000 ) ) ;
#6663 = CARTESIAN_POINT ( 'NONE',  ( 127.2211697014853087, 5.000000000000000000, 40.02827608974847351 ) ) ;
#6664 = EDGE_CURVE ( 'NONE', #5503, #2390, #2821, .T. ) ;
#6665 = AXIS2_PLACEMENT_3D ( 'NONE', #3716, #1028, #2571 ) ;
#6666 = ORIENTED_EDGE ( 'NONE', *, *, #4336, .F. ) ;
#6667 = VERTEX_POINT ( 'NONE', #4503 ) ;
#6668 = EDGE_CURVE ( 'NONE', #2099, #6292, #1676, .T. ) ;
#6669 = DIRECTION ( 'NONE',  ( 0.000000000000000000, -0.000000000000000000, -1.000000000000000000 ) ) ;
#6670 = LINE ( 'NONE', #1162, #1818 ) ;
#6671 = DIRECTION ( 'NONE',  ( -0.000000000000000000, 1.000000000000000000, -0.000000000000000000 ) ) ;
#6672 = CARTESIAN_POINT ( 'NONE',  ( 177.5912666817638126, 0.000000000000000000, 58.26711895504224969 ) ) ;
#6673 = CARTESIAN_POINT ( 'NONE',  ( 41.28116970213874026, 9.500000000000000000, 40.02827608974841667 ) ) ;
#6674 = VERTEX_POINT ( 'NONE', #6678 ) ;
#6675 = EDGE_CURVE ( 'NONE', #4941, #3547, #3856, .T. ) ;
#6676 = DIRECTION ( 'NONE',  ( 1.000000000000000000, 1.214306433183764966E-16, 0.000000000000000000 ) ) ;
#6677 = ORIENTED_EDGE ( 'NONE', *, *, #692, .F. ) ;
#6678 = CARTESIAN_POINT ( 'NONE',  ( 100.2411697017031003, 2.000000000000001776, 40.02827608974845219 ) ) ;
#6679 = DIRECTION ( 'NONE',  ( 0.000000000000000000, 1.000000000000000000, 0.000000000000000000 ) ) ;
#6680 = CARTESIAN_POINT ( 'NONE',  ( 41.28116970213874026, 9.500000000000000000, 102.4981376785882219 ) ) ;
#6681 = LINE ( 'NONE', #2364, #3609 ) ;
#6682 = DIRECTION ( 'NONE',  ( -1.214306433183764966E-16, 1.000000000000000000, 0.000000000000000000 ) ) ;
#6683 = VERTEX_POINT ( 'NONE', #6640 ) ;
#6684 = EDGE_CURVE ( 'NONE', #6441, #3078, #2138, .T. ) ;
#6685 = ORIENTED_EDGE ( 'NONE', *, *, #3940, .T. ) ;
#6686 = VECTOR ( 'NONE', #6717, 1000.000000000000000 ) ;
#6687 = AXIS2_PLACEMENT_3D ( 'NONE', #2333, #6574, #62 ) ;
#6688 = ORIENTED_EDGE ( 'NONE', *, *, #5417, .T. ) ;
#6689 = EDGE_CURVE ( 'NONE', #6532, #755, #4361, .T. ) ;
#6690 = ORIENTED_EDGE ( 'NONE', *, *, #3082, .F. ) ;
#6691 = CYLINDRICAL_SURFACE ( 'NONE', #3915, 4.000000000000003553 ) ;
#6692 = ADVANCED_FACE ( 'NONE', ( #6041 ), #4934, .T. ) ;
#6693 = DIRECTION ( 'NONE',  ( 0.000000000000000000, 0.000000000000000000, 1.000000000000000000 ) ) ;
#6694 = AXIS2_PLACEMENT_3D ( 'NONE', #5599, #688, #7062 ) ;
#6695 = VERTEX_POINT ( 'NONE', #2789 ) ;
#6696 = DIRECTION ( 'NONE',  ( 0.000000000000000000, 0.000000000000000000, -1.000000000000000000 ) ) ;
#6697 = VERTEX_POINT ( 'NONE', #2329 ) ;
#6698 = VECTOR ( 'NONE', #1584, 1000.000000000000000 ) ;
#6699 = EDGE_CURVE ( 'NONE', #3078, #300, #93, .T. ) ;
#6700 = CARTESIAN_POINT ( 'NONE',  ( 68.26116970192092026, 9.500000000000000000, 124.7369805438819981 ) ) ;
#6701 = CARTESIAN_POINT ( 'NONE',  ( 154.2011697012675597, 2.000000000000001776, 75.26304484459959099 ) ) ;
#6702 = PLANE ( 'NONE',  #4054 ) ;
#6703 = LINE ( 'NONE', #1808, #571 ) ;
#6704 = CARTESIAN_POINT ( 'NONE',  ( 126.2211697014853087, 5.000000000000015987, 124.7369805438819839 ) ) ;
#6705 = CIRCLE ( 'NONE', #3622, 4.000000000000003553 ) ;
#6706 = ORIENTED_EDGE ( 'NONE', *, *, #2830, .T. ) ;
#6707 = ORIENTED_EDGE ( 'NONE', *, *, #6004, .T. ) ;
#6708 = ADVANCED_FACE ( 'NONE', ( #1714 ), #2751, .F. ) ;
#6709 = CARTESIAN_POINT ( 'NONE',  ( 153.2011697012675597, -7.723691345436736938E-31, 75.26304484459959099 ) ) ;
#6710 = ADVANCED_FACE ( 'NONE', ( #1238 ), #657, .F. ) ;
#6711 = DIRECTION ( 'NONE',  ( -1.000000000000000000, 0.000000000000000000, 0.000000000000000000 ) ) ;
#6712 = CARTESIAN_POINT ( 'NONE',  ( 127.2211697014853087, -26.25789166916414885, 36.02830147822969309 ) ) ;
#6713 = ORIENTED_EDGE ( 'NONE', *, *, #2984, .F. ) ;
#6714 = CIRCLE ( 'NONE', #3291, 4.000000000000003553 ) ;
#6715 = DIRECTION ( 'NONE',  ( 1.214306433183764966E-16, -1.000000000000000000, -2.165045941964102761E-32 ) ) ;
#6716 = EDGE_LOOP ( 'NONE', ( #5761, #7041, #5601, #4574 ) ) ;
#6717 = DIRECTION ( 'NONE',  ( 1.000000000000000000, 0.000000000000000000, -1.782948589251572672E-16 ) ) ;
#6718 = DIRECTION ( 'NONE',  ( 0.000000000000000000, 1.000000000000000000, 0.000000000000000000 ) ) ;
#6719 = DIRECTION ( 'NONE',  ( 0.000000000000000000, 0.000000000000000000, 1.000000000000000000 ) ) ;
#6720 = DIRECTION ( 'NONE',  ( 0.000000000000000000, 0.000000000000000000, 1.000000000000000000 ) ) ;
#6721 = CARTESIAN_POINT ( 'NONE',  ( 181.5810351238889666, 0.000000000000000000, 160.2576649824971753 ) ) ;
#6722 = VECTOR ( 'NONE', #531, 1000.000000000000000 ) ;
#6723 = VERTEX_POINT ( 'NONE', #2824 ) ;
#6724 = VERTEX_POINT ( 'NONE', #620 ) ;
#6725 = ORIENTED_EDGE ( 'NONE', *, *, #6516, .F. ) ;
#6726 = DIRECTION ( 'NONE',  ( -0.000000000000000000, 1.000000000000000000, -0.000000000000000000 ) ) ;
#6727 = VECTOR ( 'NONE', #3057, 1000.000000000000000 ) ;
#6728 = EDGE_LOOP ( 'NONE', ( #3534, #6473, #7, #1290, #4122, #919, #3511, #3613 ) ) ;
#6729 = DIRECTION ( 'NONE',  ( 1.000000000000000000, 1.214306433183764966E-16, 0.000000000000000000 ) ) ;
#6730 = EDGE_LOOP ( 'NONE', ( #5074, #5220, #469, #5815 ) ) ;
#6731 = AXIS2_PLACEMENT_3D ( 'NONE', #3529, #254, #2455 ) ;
#6732 = DIRECTION ( 'NONE',  ( 0.000000000000000000, 0.000000000000000000, -1.000000000000000000 ) ) ;
#6733 = EDGE_LOOP ( 'NONE', ( #5319, #3862, #6155, #6900 ) ) ;
#6734 = CARTESIAN_POINT ( 'NONE',  ( 77.26116970192093447, 0.000000000000000000, 36.02827608974843798 ) ) ;
#6735 = LINE ( 'NONE', #1845, #6969 ) ;
#6736 = LINE ( 'NONE', #5666, #3027 ) ;
#6737 = DIRECTION ( 'NONE',  ( -0.000000000000000000, 0.000000000000000000, 1.000000000000000000 ) ) ;
#6738 = AXIS2_PLACEMENT_3D ( 'NONE', #3667, #4775, #3062 ) ;
#6739 = DIRECTION ( 'NONE',  ( 1.000000000000000000, 0.000000000000000000, 0.000000000000000000 ) ) ;
#6740 = EDGE_CURVE ( 'NONE', #4224, #2398, #4864, .T. ) ;
#6741 = VERTEX_POINT ( 'NONE', #4898 ) ;
#6742 = ORIENTED_EDGE ( 'NONE', *, *, #6951, .F. ) ;
#6743 = EDGE_CURVE ( 'NONE', #1575, #371, #3927, .T. ) ;
#6744 = CIRCLE ( 'NONE', #805, 4.000000000000003553 ) ;
#6745 = DIRECTION ( 'NONE',  ( 0.000000000000000000, 0.000000000000000000, 1.000000000000000000 ) ) ;
#6746 = CARTESIAN_POINT ( 'NONE',  ( 21.90466215730799249, 0.000000000000000000, 163.9717239102517681 ) ) ;
#6747 = VERTEX_POINT ( 'NONE', #1204 ) ;
#6748 = CARTESIAN_POINT ( 'NONE',  ( 127.2211697014853087, 1.999999999999998224, 106.4981376785882929 ) ) ;
#6749 = ORIENTED_EDGE ( 'NONE', *, *, #5658, .T. ) ;
#6750 = DIRECTION ( 'NONE',  ( 0.000000000000000000, 0.000000000000000000, -1.000000000000000000 ) ) ;
#6751 = DIRECTION ( 'NONE',  ( 0.000000000000000000, 1.000000000000000000, 0.000000000000000000 ) ) ;
#6752 = DIRECTION ( 'NONE',  ( -0.000000000000000000, 1.000000000000000000, -0.000000000000000000 ) ) ;
#6753 = CARTESIAN_POINT ( 'NONE',  ( 95.24116970170310026, 2.000000000000001776, 163.9717239102517681 ) ) ;
#6754 = DIRECTION ( 'NONE',  ( -1.214306433183764966E-16, 1.000000000000000000, 0.000000000000000000 ) ) ;
#6755 = EDGE_CURVE ( 'NONE', #911, #6363, #4972, .T. ) ;
#6756 = AXIS2_PLACEMENT_3D ( 'NONE', #4092, #1886, #6774 ) ;
#6757 = ORIENTED_EDGE ( 'NONE', *, *, #336, .F. ) ;
#6758 = EDGE_CURVE ( 'NONE', #666, #5621, #5459, .T. ) ;
#6759 = VERTEX_POINT ( 'NONE', #5035 ) ;
#6760 = ORIENTED_EDGE ( 'NONE', *, *, #6085, .F. ) ;
#6761 = DIRECTION ( 'NONE',  ( 1.214306433183764966E-16, -1.000000000000000000, 4.330091167351559933E-32 ) ) ;
#6762 = CIRCLE ( 'NONE', #3682, 4.000000000000003553 ) ;
#6763 = LINE ( 'NONE', #1322, #3349 ) ;
#6764 = EDGE_LOOP ( 'NONE', ( #5766, #900, #2172, #5708 ) ) ;
#6765 = FACE_OUTER_BOUND ( 'NONE', #2443, .T. ) ;
#6766 = EDGE_CURVE ( 'NONE', #1915, #6208, #3393, .T. ) ;
#6767 = AXIS2_PLACEMENT_3D ( 'NONE', #2203, #3834, #4337 ) ;
#6768 = VERTEX_POINT ( 'NONE', #6569 ) ;
#6769 = EDGE_LOOP ( 'NONE', ( #5119, #865, #5803, #6637, #6062, #2662, #4398, #5814 ) ) ;
#6770 = DIRECTION ( 'NONE',  ( 0.000000000000000000, -0.000000000000000000, -1.000000000000000000 ) ) ;
#6771 = CARTESIAN_POINT ( 'NONE',  ( 21.91891372578183450, 0.000000000000000000, 102.4981376785882077 ) ) ;
#6772 = AXIS2_PLACEMENT_3D ( 'NONE', #7083, #6471, #6010 ) ;
#6773 = DIRECTION ( 'NONE',  ( 0.000000000000000000, 0.000000000000000000, 1.000000000000000000 ) ) ;
#6774 = DIRECTION ( 'NONE',  ( 0.000000000000000000, 0.000000000000000000, -1.000000000000000000 ) ) ;
#6775 = DIRECTION ( 'NONE',  ( 1.000000000000000000, 0.000000000000000000, 0.000000000000000000 ) ) ;
#6776 = EDGE_CURVE ( 'NONE', #1024, #1889, #1134, .T. ) ;
#6777 = ORIENTED_EDGE ( 'NONE', *, *, #3068, .T. ) ;
#6778 = VERTEX_POINT ( 'NONE', #2267 ) ;
#6779 = CIRCLE ( 'NONE', #2337, 4.000000000000003553 ) ;
#6780 = EDGE_CURVE ( 'NONE', #6341, #3044, #4432, .T. ) ;
#6781 = CARTESIAN_POINT ( 'NONE',  ( 149.2011697012675597, 9.500000000000000000, 141.7328810449583614 ) ) ;
#6782 = CYLINDRICAL_SURFACE ( 'NONE', #3345, 4.000000000000003553 ) ;
#6783 = EDGE_CURVE ( 'NONE', #5612, #5692, #633, .T. ) ;
#6784 = AXIS2_PLACEMENT_3D ( 'NONE', #4176, #1413, #3605 ) ;
#6785 = ORIENTED_EDGE ( 'NONE', *, *, #4733, .F. ) ;
#6786 = CIRCLE ( 'NONE', #5649, 4.000000000000003553 ) ;
#6787 = DIRECTION ( 'NONE',  ( 1.000000000000000000, 1.214306433183763240E-16, 0.000000000000000000 ) ) ;
#6788 = VERTEX_POINT ( 'NONE', #4038 ) ;
#6789 = DIRECTION ( 'NONE',  ( 1.214306433183764966E-16, -1.000000000000000000, -2.165045941964102761E-32 ) ) ;
#6790 = CARTESIAN_POINT ( 'NONE',  ( 154.2011697012675597, 4.999999999999996447, 40.02827608974848772 ) ) ;
#6791 = DIRECTION ( 'NONE',  ( 1.000000000000000000, 0.000000000000000000, 0.000000000000000000 ) ) ;
#6792 = DIRECTION ( 'NONE',  ( 0.000000000000000000, 0.000000000000000000, -1.000000000000000000 ) ) ;
#6793 = EDGE_LOOP ( 'NONE', ( #1924, #5673, #2384, #6760 ) ) ;
#6794 = VERTEX_POINT ( 'NONE', #2427 ) ;
#6795 = VERTEX_POINT ( 'NONE', #6317 ) ;
#6796 = DIRECTION ( 'NONE',  ( 0.000000000000000000, 0.000000000000000000, -1.000000000000000000 ) ) ;
#6797 = EDGE_CURVE ( 'NONE', #896, #5592, #4002, .T. ) ;
#6798 = CYLINDRICAL_SURFACE ( 'NONE', #5283, 4.000000000000003553 ) ;
#6799 = ORIENTED_EDGE ( 'NONE', *, *, #5957, .F. ) ;
#6800 = EDGE_CURVE ( 'NONE', #6759, #1746, #194, .T. ) ;
#6801 = EDGE_CURVE ( 'NONE', #1422, #4758, #5769, .T. ) ;
#6802 = DIRECTION ( 'NONE',  ( 0.000000000000000000, 0.000000000000000000, -1.000000000000000000 ) ) ;
#6803 = AXIS2_PLACEMENT_3D ( 'NONE', #2865, #5039, #197 ) ;
#6804 = ORIENTED_EDGE ( 'NONE', *, *, #628, .F. ) ;
#6805 = DIRECTION ( 'NONE',  ( 0.000000000000000000, 0.000000000000000000, 1.000000000000000000 ) ) ;
#6806 = CARTESIAN_POINT ( 'NONE',  ( 181.5810351238889666, 0.000000000000000000, 160.2576649824971753 ) ) ;
#6807 = CIRCLE ( 'NONE', #6244, 4.000000000000003553 ) ;
#6808 = CARTESIAN_POINT ( 'NONE',  ( 41.28116970213874026, -26.25789166916415951, 93.50188770989295506 ) ) ;
#6809 = DIRECTION ( 'NONE',  ( -0.000000000000000000, 0.000000000000000000, 1.000000000000000000 ) ) ;
#6810 = LINE ( 'NONE', #6663, #1458 ) ;
#6811 = ORIENTED_EDGE ( 'NONE', *, *, #3260, .T. ) ;
#6812 = VERTEX_POINT ( 'NONE', #6183 ) ;
#6813 = AXIS2_PLACEMENT_3D ( 'NONE', #5257, #6761, #1874 ) ;
#6814 = VERTEX_POINT ( 'NONE', #3464 ) ;
#6815 = CARTESIAN_POINT ( 'NONE',  ( 50.28116970213873316, 9.500000000000000000, 62.26711895504224969 ) ) ;
#6816 = PLANE ( 'NONE',  #5170 ) ;
#6817 = AXIS2_PLACEMENT_3D ( 'NONE', #695, #5005, #1170 ) ;
#6818 = ORIENTED_EDGE ( 'NONE', *, *, #124, .T. ) ;
#6819 = LINE ( 'NONE', #4000, #574 ) ;
#6820 = VERTEX_POINT ( 'NONE', #1310 ) ;
#6821 = LINE ( 'NONE', #1863, #1216 ) ;
#6822 = LINE ( 'NONE', #6790, #3701 ) ;
#6823 = FACE_OUTER_BOUND ( 'NONE', #7086, .T. ) ;
#6824 = DIRECTION ( 'NONE',  ( -1.214306433183764966E-16, 1.000000000000000000, 2.165045941964102761E-32 ) ) ;
#6825 = EDGE_CURVE ( 'NONE', #3798, #5492, #3501, .T. ) ;
#6826 = AXIS2_PLACEMENT_3D ( 'NONE', #4997, #2288, #5593 ) ;
#6827 = VERTEX_POINT ( 'NONE', #6286 ) ;
#6828 = ORIENTED_EDGE ( 'NONE', *, *, #5132, .T. ) ;
#6829 = CYLINDRICAL_SURFACE ( 'NONE', #6467, 4.000000000000003553 ) ;
#6830 = CARTESIAN_POINT ( 'NONE',  ( 122.2211697014853087, 1.999999999999998224, 97.50188770989299769 ) ) ;
#6831 = CARTESIAN_POINT ( 'NONE',  ( 6.941169701703126194, 0.000000000000000000, 36.70000634712030063 ) ) ;
#6832 = ORIENTED_EDGE ( 'NONE', *, *, #2034, .T. ) ;
#6833 = PRODUCT ( 'PCB separator 2', 'PCB separator 2', '', ( #2291 ) ) ;
#6834 = VECTOR ( 'NONE', #2271, 1000.000000000000000 ) ;
#6835 = EDGE_LOOP ( 'NONE', ( #565, #3194, #235, #6407 ) ) ;
#6836 = AXIS2_PLACEMENT_3D ( 'NONE', #6271, #218, #1809 ) ;
#6837 = ORIENTED_EDGE ( 'NONE', *, *, #6365, .T. ) ;
#6838 = CARTESIAN_POINT ( 'NONE',  ( 153.2011697012675597, 9.500000000000000000, 58.26711895504224259 ) ) ;
#6839 = DIRECTION ( 'NONE',  ( 0.000000000000000000, 0.000000000000000000, 1.000000000000000000 ) ) ;
#6840 = CARTESIAN_POINT ( 'NONE',  ( 104.2411697017031003, 9.500000000000000000, 97.50188770989298348 ) ) ;
#6841 = CARTESIAN_POINT ( 'NONE',  ( 73.26116970192092026, 5.000000000000007105, 75.26304484459959099 ) ) ;
#6842 = AXIS2_PLACEMENT_3D ( 'NONE', #72, #4984, #5988 ) ;
#6843 = VERTEX_POINT ( 'NONE', #3000 ) ;
#6844 = ORIENTED_EDGE ( 'NONE', *, *, #3417, .T. ) ;
#6845 = ORIENTED_EDGE ( 'NONE', *, *, #2418, .F. ) ;
#6846 = AXIS2_PLACEMENT_3D ( 'NONE', #5912, #452, #2654 ) ;
#6847 = DIRECTION ( 'NONE',  ( -0.000000000000000000, 1.000000000000000000, -0.000000000000000000 ) ) ;
#6848 = DIRECTION ( 'NONE',  ( 1.000000000000000000, 0.000000000000000000, 0.000000000000000000 ) ) ;
#6849 = FACE_OUTER_BOUND ( 'NONE', #690, .T. ) ;
#6850 = VECTOR ( 'NONE', #2880, 1000.000000000000000 ) ;
#6851 = ORIENTED_EDGE ( 'NONE', *, *, #337, .F. ) ;
#6852 = CARTESIAN_POINT ( 'NONE',  ( 77.26116970192093447, 9.500000000000000000, 93.50188770989296927 ) ) ;
#6853 = CARTESIAN_POINT ( 'NONE',  ( 104.2411697017031003, -26.25789166916415240, 75.26304484459959099 ) ) ;
#6854 = CARTESIAN_POINT ( 'NONE',  ( 41.28116970213874026, 2.000000000000001776, 124.7369805438819981 ) ) ;
#6855 = EDGE_CURVE ( 'NONE', #1049, #3655, #1824, .T. ) ;
#6856 = CARTESIAN_POINT ( 'NONE',  ( 127.2211697014853087, 1.999999999999998224, 40.02827608974847351 ) ) ;
#6857 = CYLINDRICAL_SURFACE ( 'NONE', #468, 4.000000000000003553 ) ;
#6858 = AXIS2_PLACEMENT_3D ( 'NONE', #4401, #3858, #5007 ) ;
#6859 = LINE ( 'NONE', #5720, #4643 ) ;
#6860 = ORIENTED_EDGE ( 'NONE', *, *, #5076, .T. ) ;
#6861 = EDGE_LOOP ( 'NONE', ( #1169, #3408, #6173, #1098 ) ) ;
#6862 = ORIENTED_EDGE ( 'NONE', *, *, #3281, .T. ) ;
#6863 = CARTESIAN_POINT ( 'NONE',  ( 158.2011697012675882, -26.25789166916414530, 106.4981376785883072 ) ) ;
#6864 = ADVANCED_FACE ( 'NONE', ( #2969 ), #5178, .F. ) ;
#6865 = LINE ( 'NONE', #1982, #2330 ) ;
#6866 = AXIS2_PLACEMENT_3D ( 'NONE', #495, #4882, #44 ) ;
#6867 = ORIENTED_EDGE ( 'NONE', *, *, #3683, .T. ) ;
#6868 = EDGE_CURVE ( 'NONE', #2375, #3745, #6705, .T. ) ;
#6869 = EDGE_CURVE ( 'NONE', #1461, #2453, #1900, .T. ) ;
#6870 = EDGE_LOOP ( 'NONE', ( #6435, #5355, #5365, #5707 ) ) ;
#6871 = AXIS2_PLACEMENT_3D ( 'NONE', #351, #6983, #6875 ) ;
#6872 = ORIENTED_EDGE ( 'NONE', *, *, #3069, .F. ) ;
#6873 = SURFACE_SIDE_STYLE ('',( #3053 ) ) ;
#6874 = CARTESIAN_POINT ( 'NONE',  ( 21.90873331823642189, 9.500000000000000000, 71.26304484459957678 ) ) ;
#6875 = DIRECTION ( 'NONE',  ( 0.000000000000000000, 0.000000000000000000, -1.000000000000000000 ) ) ;
#6876 = CARTESIAN_POINT ( 'NONE',  ( 158.2011697012675882, 9.500000000000000000, 163.9717239102517681 ) ) ;
#6877 = VECTOR ( 'NONE', #1844, 1000.000000000000000 ) ;
#6878 = EDGE_LOOP ( 'NONE', ( #2888, #3426, #5192, #2487 ) ) ;
#6879 = ORIENTED_EDGE ( 'NONE', *, *, #5376, .F. ) ;
#6880 = ORIENTED_EDGE ( 'NONE', *, *, #1394, .T. ) ;
#6881 = VECTOR ( 'NONE', #4801, 1000.000000000000000 ) ;
#6882 = AXIS2_PLACEMENT_3D ( 'NONE', #5751, #854, #3037 ) ;
#6883 = CARTESIAN_POINT ( 'NONE',  ( 127.2211697014853087, 9.500000000000000000, 75.26304484459959099 ) ) ;
#6884 = CARTESIAN_POINT ( 'NONE',  ( 127.2211697014853087, -7.723691345436736938E-31, 124.7369805438819839 ) ) ;
#6885 = FACE_OUTER_BOUND ( 'NONE', #6979, .T. ) ;
#6886 = FACE_BOUND ( 'NONE', #4641, .T. ) ;
#6887 = EDGE_CURVE ( 'NONE', #5051, #535, #2899, .T. ) ;
#6888 = ORIENTED_EDGE ( 'NONE', *, *, #6214, .T. ) ;
#6889 = CYLINDRICAL_SURFACE ( 'NONE', #2890, 4.000000000000003553 ) ;
#6890 = CARTESIAN_POINT ( 'NONE',  ( 77.26116970192096289, 9.500000000000000000, 71.26304484459957678 ) ) ;
#6891 = DIRECTION ( 'NONE',  ( 0.000000000000000000, 1.000000000000000000, 0.000000000000000000 ) ) ;
#6892 = AXIS2_PLACEMENT_3D ( 'NONE', #6073, #3285, #2901 ) ;
#6893 = CARTESIAN_POINT ( 'NONE',  ( 50.28116970213873316, 9.500000000000000000, 163.9717239102517681 ) ) ;
#6894 = DIRECTION ( 'NONE',  ( 1.782948589251572672E-16, 0.000000000000000000, 1.000000000000000000 ) ) ;
#6895 = CARTESIAN_POINT ( 'NONE',  ( 181.5912666817637842, 9.500000000000000000, 106.4981376785882503 ) ) ;
#6896 = VERTEX_POINT ( 'NONE', #2463 ) ;
#6897 = AXIS2_PLACEMENT_3D ( 'NONE', #1163, #4999, #4391 ) ;
#6898 = EDGE_CURVE ( 'NONE', #6154, #767, #4685, .T. ) ;
#6899 = ORIENTED_EDGE ( 'NONE', *, *, #6958, .F. ) ;
#6900 = ORIENTED_EDGE ( 'NONE', *, *, #5253, .T. ) ;
#6901 = DIRECTION ( 'NONE',  ( 0.000000000000000000, 0.000000000000000000, 1.000000000000000000 ) ) ;
#6902 = LINE ( 'NONE', #2439, #3232 ) ;
#6903 = EDGE_CURVE ( 'NONE', #3048, #5235, #2393, .T. ) ;
#6904 = VECTOR ( 'NONE', #4776, 1000.000000000000000 ) ;
#6905 = ORIENTED_EDGE ( 'NONE', *, *, #2895, .T. ) ;
#6906 = ORIENTED_EDGE ( 'NONE', *, *, #3730, .F. ) ;
#6907 = AXIS2_PLACEMENT_3D ( 'NONE', #249, #4186, #5092 ) ;
#6908 = EDGE_CURVE ( 'NONE', #4143, #1306, #4303, .T. ) ;
#6909 = ORIENTED_EDGE ( 'NONE', *, *, #2021, .T. ) ;
#6910 = CARTESIAN_POINT ( 'NONE',  ( 158.2011697012675882, 2.000000000000001776, 102.4981376785882929 ) ) ;
#6911 = DIRECTION ( 'NONE',  ( 0.000000000000000000, 0.000000000000000000, -1.000000000000000000 ) ) ;
#6912 = PLANE ( 'NONE',  #4476 ) ;
#6913 = CARTESIAN_POINT ( 'NONE',  ( 77.26116970192093447, 0.000000000000000000, 137.7328810449583330 ) ) ;
#6914 = ORIENTED_EDGE ( 'NONE', *, *, #5508, .T. ) ;
#6915 = ORIENTED_EDGE ( 'NONE', *, *, #678, .T. ) ;
#6916 = EDGE_CURVE ( 'NONE', #444, #5950, #6821, .T. ) ;
#6917 = AXIS2_PLACEMENT_3D ( 'NONE', #1007, #4938, #450 ) ;
#6918 = LINE ( 'NONE', #985, #2073 ) ;
#6919 = DIRECTION ( 'NONE',  ( 0.000000000000000000, 1.000000000000000000, 0.000000000000000000 ) ) ;
#6920 = DIRECTION ( 'NONE',  ( 1.000000000000000000, 0.000000000000000000, 0.000000000000000000 ) ) ;
#6921 = FACE_BOUND ( 'NONE', #4693, .T. ) ;
#6922 = EDGE_CURVE ( 'NONE', #3822, #5494, #1937, .T. ) ;
#6923 = AXIS2_PLACEMENT_3D ( 'NONE', #542, #2223, #1778 ) ;
#6924 = ORIENTED_EDGE ( 'NONE', *, *, #1999, .T. ) ;
#6925 = CARTESIAN_POINT ( 'NONE',  ( 127.2211697014853087, 2.000000000000000000, 58.26711895504224969 ) ) ;
#6926 = DIRECTION ( 'NONE',  ( 1.214306433183764966E-16, -1.000000000000000000, 0.000000000000000000 ) ) ;
#6927 = ADVANCED_FACE ( 'NONE', ( #6251 ), #1343, .F. ) ;
#6928 = LINE ( 'NONE', #4818, #3262 ) ;
#6929 = AXIS2_PLACEMENT_3D ( 'NONE', #4624, #4083, #5724 ) ;
#6930 = DIRECTION ( 'NONE',  ( 0.000000000000000000, 1.000000000000000000, 0.000000000000000000 ) ) ;
#6931 = LINE ( 'NONE', #3645, #5056 ) ;
#6932 = LINE ( 'NONE', #1489, #7039 ) ;
#6933 = ORIENTED_EDGE ( 'NONE', *, *, #4031, .T. ) ;
#6934 = ORIENTED_EDGE ( 'NONE', *, *, #5477, .T. ) ;
#6935 = ORIENTED_EDGE ( 'NONE', *, *, #3180, .F. ) ;
#6936 = CARTESIAN_POINT ( 'NONE',  ( 182.5411697017030974, 0.000000000000000000, 36.70000634712027932 ) ) ;
#6937 = CARTESIAN_POINT ( 'NONE',  ( 182.5411697017031258, 2.000000000000000000, 163.3000063471202452 ) ) ;
#6938 = PLANE ( 'NONE',  #1535 ) ;
#6939 = ORIENTED_EDGE ( 'NONE', *, *, #4611, .F. ) ;
#6940 = EDGE_CURVE ( 'NONE', #4982, #5259, #1199, .T. ) ;
#6941 = ORIENTED_EDGE ( 'NONE', *, *, #878, .T. ) ;
#6942 = ORIENTED_EDGE ( 'NONE', *, *, #3328, .T. ) ;
#6943 = DIRECTION ( 'NONE',  ( 0.000000000000000000, 0.000000000000000000, 1.000000000000000000 ) ) ;
#6944 = VECTOR ( 'NONE', #5929, 1000.000000000000000 ) ;
#6945 = CARTESIAN_POINT ( 'NONE',  ( 149.2011697012675597, 2.000000000000001776, 58.26711895504224969 ) ) ;
#6946 = CYLINDRICAL_SURFACE ( 'NONE', #5965, 10.00000000000000888 ) ;
#6947 = FACE_OUTER_BOUND ( 'NONE', #5754, .T. ) ;
#6948 = ORIENTED_EDGE ( 'NONE', *, *, #4478, .F. ) ;
#6949 = VECTOR ( 'NONE', #2184, 1000.000000000000000 ) ;
#6950 = ORIENTED_EDGE ( 'NONE', *, *, #488, .T. ) ;
#6951 = EDGE_CURVE ( 'NONE', #666, #5697, #959, .T. ) ;
#6952 = DIRECTION ( 'NONE',  ( -0.000000000000000000, 1.000000000000000000, -0.000000000000000000 ) ) ;
#6953 = CARTESIAN_POINT ( 'NONE',  ( 73.26116970192092026, 1.999999999999998224, 106.4981376785882503 ) ) ;
#6954 = FACE_OUTER_BOUND ( 'NONE', #5010, .T. ) ;
#6955 = VECTOR ( 'NONE', #3336, 1000.000000000000000 ) ;
#6956 = FACE_BOUND ( 'NONE', #6622, .T. ) ;
#6957 = EDGE_CURVE ( 'NONE', #3637, #6788, #2356, .T. ) ;
#6958 = EDGE_CURVE ( 'NONE', #3972, #56, #1522, .T. ) ;
#6959 = VECTOR ( 'NONE', #2949, 1000.000000000000000 ) ;
#6960 = ORIENTED_EDGE ( 'NONE', *, *, #3159, .F. ) ;
#6961 = CARTESIAN_POINT ( 'NONE',  ( 46.28116970213874026, -26.25789166916415951, 36.02830147823024731 ) ) ;
#6962 = LINE ( 'NONE', #5278, #6617 ) ;
#6963 = DIRECTION ( 'NONE',  ( 1.214306433183764966E-16, -1.000000000000000000, 7.577659542865232346E-32 ) ) ;
#6964 = DIRECTION ( 'NONE',  ( -1.000000000000000000, 0.000000000000000000, -7.131793176782546675E-16 ) ) ;
#6965 = CARTESIAN_POINT ( 'NONE',  ( 72.26116970192092026, 9.500000000000000000, 159.9717239102517681 ) ) ;
#6966 = DIRECTION ( 'NONE',  ( 1.000000000000000000, 1.214306433183764966E-16, 0.000000000000000000 ) ) ;
#6967 = EDGE_CURVE ( 'NONE', #6618, #4823, #6928, .T. ) ;
#6968 = EDGE_LOOP ( 'NONE', ( #2225, #6828, #3060, #1612 ) ) ;
#6969 = VECTOR ( 'NONE', #5701, 1000.000000000000000 ) ;
#6970 = ORIENTED_EDGE ( 'NONE', *, *, #3827, .F. ) ;
#6971 = AXIS2_PLACEMENT_3D ( 'NONE', #1136, #2791, #3324 ) ;
#6972 = ORIENTED_EDGE ( 'NONE', *, *, #1394, .F. ) ;
#6973 = DIRECTION ( 'NONE',  ( 0.000000000000000000, 1.000000000000000000, 0.000000000000000000 ) ) ;
#6974 = FACE_OUTER_BOUND ( 'NONE', #4081, .T. ) ;
#6975 = CARTESIAN_POINT ( 'NONE',  ( 17.91893948763051370, 2.000000000000000000, 40.01392011099375168 ) ) ;
#6976 = DIRECTION ( 'NONE',  ( 0.000000000000000000, 0.000000000000000000, -1.000000000000000000 ) ) ;
#6977 = EDGE_LOOP ( 'NONE', ( #343, #804, #5834, #1144 ) ) ;
#6978 = VERTEX_POINT ( 'NONE', #6351 ) ;
#6979 = EDGE_LOOP ( 'NONE', ( #875, #1840, #5788, #1109 ) ) ;
#6980 = DIRECTION ( 'NONE',  ( -1.000000000000000000, -1.214306433183764966E-16, 0.000000000000000000 ) ) ;
#6981 = CARTESIAN_POINT ( 'NONE',  ( 104.2411697017031003, 0.000000000000000000, 102.4981376785882645 ) ) ;
#6982 = ADVANCED_FACE ( 'NONE', ( #3676 ), #3642, .F. ) ;
#6983 = DIRECTION ( 'NONE',  ( -0.000000000000000000, 1.000000000000000000, -0.000000000000000000 ) ) ;
#6984 = ADVANCED_FACE ( 'NONE', ( #5820 ), #2046, .F. ) ;
#6985 = CYLINDRICAL_SURFACE ( 'NONE', #5018, 4.000000000000003553 ) ;
#6986 = AXIS2_PLACEMENT_3D ( 'NONE', #360, #5273, #5926 ) ;
#6987 = AXIS2_PLACEMENT_3D ( 'NONE', #1865, #4041, #6791 ) ;
#6988 = ORIENTED_EDGE ( 'NONE', *, *, #4861, .T. ) ;
#6989 = CARTESIAN_POINT ( 'NONE',  ( 73.26116970192092026, 2.000000000000000000, 93.50188770989296927 ) ) ;
#6990 = FACE_OUTER_BOUND ( 'NONE', #1793, .T. ) ;
#6991 = DIRECTION ( 'NONE',  ( 0.000000000000000000, -0.000000000000000000, -1.000000000000000000 ) ) ;
#6992 = FACE_OUTER_BOUND ( 'NONE', #4278, .T. ) ;
#6993 = EDGE_CURVE ( 'NONE', #521, #107, #3177, .T. ) ;
#6994 = AXIS2_PLACEMENT_3D ( 'NONE', #1918, #2064, #4090 ) ;
#6995 = LINE ( 'NONE', #536, #2279 ) ;
#6996 = EDGE_CURVE ( 'NONE', #5692, #128, #6495, .T. ) ;
#6997 = ORIENTED_EDGE ( 'NONE', *, *, #1851, .F. ) ;
#6998 = EDGE_CURVE ( 'NONE', #14, #5503, #5896, .T. ) ;
#6999 = EDGE_CURVE ( 'NONE', #6788, #5643, #5933, .T. ) ;
#7000 = LINE ( 'NONE', #365, #3450 ) ;
#7001 = CARTESIAN_POINT ( 'NONE',  ( 100.2411697017031003, -26.25789166916415240, 102.4981376785889466 ) ) ;
#7002 = DIRECTION ( 'NONE',  ( -1.000000000000000000, 0.000000000000000000, 1.183303871744070500E-16 ) ) ;
#7003 = DIRECTION ( 'NONE',  ( 0.000000000000000000, 0.000000000000000000, 1.000000000000000000 ) ) ;
#7004 = DIRECTION ( 'NONE',  ( 1.214306433183764966E-16, -1.000000000000000000, 0.000000000000000000 ) ) ;
#7005 = EDGE_CURVE ( 'NONE', #2062, #2724, #4210, .T. ) ;
#7006 = CARTESIAN_POINT ( 'NONE',  ( 153.2011697012675597, 2.000000000000001776, 97.50188770989259979 ) ) ;
#7007 = CIRCLE ( 'NONE', #3578, 4.000000000000003553 ) ;
#7008 = ORIENTED_EDGE ( 'NONE', *, *, #4955, .F. ) ;
#7009 = ORIENTED_EDGE ( 'NONE', *, *, #3496, .F. ) ;
#7010 = AXIS2_PLACEMENT_3D ( 'NONE', #813, #3466, #1972 ) ;
#7011 = ORIENTED_EDGE ( 'NONE', *, *, #826, .T. ) ;
#7012 = LINE ( 'NONE', #412, #996 ) ;
#7013 = DIRECTION ( 'NONE',  ( 1.214306433183764966E-16, -1.000000000000000000, 0.000000000000000000 ) ) ;
#7014 = DIRECTION ( 'NONE',  ( 1.214306433183764966E-16, -1.000000000000000000, -2.165045941964102761E-32 ) ) ;
#7015 = DIRECTION ( 'NONE',  ( 0.000000000000000000, 0.000000000000000000, 1.000000000000000000 ) ) ;
#7016 = ORIENTED_EDGE ( 'NONE', *, *, #3368, .F. ) ;
#7017 = CARTESIAN_POINT ( 'NONE',  ( 154.2011697012675597, 2.000000000000000000, 124.7369805438819697 ) ) ;
#7018 = CIRCLE ( 'NONE', #6784, 4.000000000000003553 ) ;
#7019 = ORIENTED_EDGE ( 'NONE', *, *, #1857, .F. ) ;
#7020 = EDGE_LOOP ( 'NONE', ( #4633, #608, #4190, #6564 ) ) ;
#7021 = AXIS2_PLACEMENT_3D ( 'NONE', #4529, #843, #6711 ) ;
#7022 = DIRECTION ( 'NONE',  ( 1.214306433183764966E-16, -1.000000000000000000, -0.000000000000000000 ) ) ;
#7023 = LINE ( 'NONE', #4876, #3077 ) ;
#7024 = CIRCLE ( 'NONE', #2132, 4.000000000000003553 ) ;
#7025 = ORIENTED_EDGE ( 'NONE', *, *, #5829, .F. ) ;
#7026 = LINE ( 'NONE', #5515, #3425 ) ;
#7027 = CARTESIAN_POINT ( 'NONE',  ( 21.90873331823642189, 9.500000000000000000, 141.7328810449583614 ) ) ;
#7028 = PLANE ( 'NONE',  #2652 ) ;
#7029 = FACE_BOUND ( 'NONE', #5760, .T. ) ;
#7030 = VECTOR ( 'NONE', #6072, 1000.000000000000000 ) ;
#7031 = AXIS2_PLACEMENT_3D ( 'NONE', #4363, #1606, #482 ) ;
#7032 = DIRECTION ( 'NONE',  ( 0.000000000000000000, 0.000000000000000000, -1.000000000000000000 ) ) ;
#7033 = ORIENTED_EDGE ( 'NONE', *, *, #4029, .F. ) ;
#7034 = PLANE ( 'NONE',  #2539 ) ;
#7035 = DIRECTION ( 'NONE',  ( 1.000000000000000000, 0.000000000000000000, 3.565896588391270872E-16 ) ) ;
#7036 = LINE ( 'NONE', #4314, #1760 ) ;
#7037 = PLANE ( 'NONE',  #1984 ) ;
#7038 = CYLINDRICAL_SURFACE ( 'NONE', #6122, 4.000000000000003553 ) ;
#7039 = VECTOR ( 'NONE', #5861, 1000.000000000000000 ) ;
#7040 = ADVANCED_FACE ( 'NONE', ( #5313 ), #471, .F. ) ;
#7041 = ORIENTED_EDGE ( 'NONE', *, *, #4251, .T. ) ;
#7042 = VECTOR ( 'NONE', #1186, 1000.000000000000000 ) ;
#7043 = ORIENTED_EDGE ( 'NONE', *, *, #7005, .F. ) ;
#7044 = ORIENTED_EDGE ( 'NONE', *, *, #4850, .F. ) ;
#7045 = DIRECTION ( 'NONE',  ( 0.000000000000000000, 0.000000000000000000, 1.000000000000000000 ) ) ;
#7046 = CARTESIAN_POINT ( 'NONE',  ( 46.28116970213874026, 2.000000000000000000, 124.7369805438819981 ) ) ;
#7047 = DIRECTION ( 'NONE',  ( -0.000000000000000000, 0.000000000000000000, 1.000000000000000000 ) ) ;
#7048 = DIRECTION ( 'NONE',  ( -0.000000000000000000, 1.000000000000000000, -0.000000000000000000 ) ) ;
#7049 = ORIENTED_EDGE ( 'NONE', *, *, #4667, .T. ) ;
#7050 = DIRECTION ( 'NONE',  ( 0.000000000000000000, 0.000000000000000000, 1.000000000000000000 ) ) ;
#7051 = AXIS2_PLACEMENT_3D ( 'NONE', #6359, #1071, #7045 ) ;
#7052 = EDGE_CURVE ( 'NONE', #6162, #2351, #6589, .T. ) ;
#7053 = EDGE_CURVE ( 'NONE', #1908, #4001, #2642, .T. ) ;
#7054 = ADVANCED_FACE ( 'NONE', ( #5279 ), #3782, .T. ) ;
#7055 = ORIENTED_EDGE ( 'NONE', *, *, #6064, .F. ) ;
#7056 = ORIENTED_EDGE ( 'NONE', *, *, #5292, .F. ) ;
#7057 = DIRECTION ( 'NONE',  ( 1.214306433183764966E-16, -1.000000000000000000, 0.000000000000000000 ) ) ;
#7058 = CARTESIAN_POINT ( 'NONE',  ( 154.2011697012675597, 2.000000000000000000, 93.50188770989301190 ) ) ;
#7059 = ADVANCED_FACE ( 'NONE', ( #330 ), #4281, .F. ) ;
#7060 = ORIENTED_EDGE ( 'NONE', *, *, #6275, .F. ) ;
#7061 = VECTOR ( 'NONE', #4528, 1000.000000000000000 ) ;
#7062 = DIRECTION ( 'NONE',  ( 0.000000000000000000, 0.000000000000000000, -1.000000000000000000 ) ) ;
#7063 = FACE_OUTER_BOUND ( 'NONE', #3041, .T. ) ;
#7064 = DIRECTION ( 'NONE',  ( 1.214306433183764966E-16, -1.000000000000000000, 7.577659542865232346E-32 ) ) ;
#7065 = DIRECTION ( 'NONE',  ( 0.000000000000000000, 0.000000000000000000, -1.000000000000000000 ) ) ;
#7066 = DIRECTION ( 'NONE',  ( 1.214306433183764966E-16, -1.000000000000000000, 0.000000000000000000 ) ) ;
#7067 = EDGE_CURVE ( 'NONE', #543, #5591, #3980, .T. ) ;
#7068 = VECTOR ( 'NONE', #5040, 1000.000000000000000 ) ;
#7069 = AXIS2_PLACEMENT_3D ( 'NONE', #1595, #2677, #4248 ) ;
#7070 = CARTESIAN_POINT ( 'NONE',  ( 73.26116970192092026, -7.723691345436736938E-31, 124.7369805438819839 ) ) ;
#7071 = ORIENTED_EDGE ( 'NONE', *, *, #2409, .F. ) ;
#7072 = AXIS2_PLACEMENT_3D ( 'NONE', #2801, #3801, #5954 ) ;
#7073 = DIRECTION ( 'NONE',  ( -1.214306433183764966E-16, 1.000000000000000000, -0.000000000000000000 ) ) ;
#7074 = CARTESIAN_POINT ( 'NONE',  ( 122.2211697014853087, 1.999999999999998224, 159.9717239102517681 ) ) ;
#7075 = LINE ( 'NONE', #3784, #3803 ) ;
#7076 = FACE_OUTER_BOUND ( 'NONE', #6374, .T. ) ;
#7077 = EDGE_CURVE ( 'NONE', #2390, #4947, #4175, .T. ) ;
#7078 = ORIENTED_EDGE ( 'NONE', *, *, #3996, .F. ) ;
#7079 = ADVANCED_FACE ( 'NONE', ( #501 ), #6630, .F. ) ;
#7080 = EDGE_LOOP ( 'NONE', ( #2943, #2647, #2161, #2136 ) ) ;
#7081 = ORIENTED_EDGE ( 'NONE', *, *, #3069, .T. ) ;
#7082 = CARTESIAN_POINT ( 'NONE',  ( 6.941169701703125305, 0.000000000000000000, 26.70000634712029708 ) ) ;
#7083 = CARTESIAN_POINT ( 'NONE',  ( 149.2011697012675597, -3.447427740212757467E-15, 40.02827608974848062 ) ) ;
#7084 = VECTOR ( 'NONE', #1883, 1000.000000000000000 ) ;
#7085 = DIRECTION ( 'NONE',  ( -0.000000000000000000, 0.000000000000000000, 1.000000000000000000 ) ) ;
#7086 = EDGE_LOOP ( 'NONE', ( #3310, #5326, #6688, #2799 ) ) ;
#7087 = LINE ( 'NONE', #1646, #5709 ) ;
#7088 = ORIENTED_EDGE ( 'NONE', *, *, #3952, .T. ) ;
#7089 = ORIENTED_EDGE ( 'NONE', *, *, #4586, .F. ) ;
#7090 = ORIENTED_EDGE ( 'NONE', *, *, #3859, .T. ) ;
#7091 = EDGE_CURVE ( 'NONE', #2444, #911, #6670, .T. ) ;
#7092 = DIRECTION ( 'NONE',  ( 0.000000000000000000, 0.000000000000000000, 1.000000000000000000 ) ) ;
#7093 = EDGE_CURVE ( 'NONE', #3719, #6650, #2780, .T. ) ;
#7094 = LINE ( 'NONE', #6547, #2996 ) ;
#7095 = DIRECTION ( 'NONE',  ( 0.000000000000000000, 0.000000000000000000, 1.000000000000000000 ) ) ;
ENDSEC;
END-ISO-10303-21;
