ISO-10303-21;
HEADER;
/* Generated by software containing ST-Developer
 * from STEP Tools, Inc. (www.steptools.com) 
 */
/* OPTION: using custom renumber hook */

FILE_DESCRIPTION(
/* description */ ('STEP AP242 Edition 2',
'CAx-IF Rec.Pracs.---Representation and Presentation of Product Manufa
cturing Information (PMI)---4.0---2014-10-13',
'CAx-IF Rec.Pracs.---3D Tessellated Geometry---0.4---2014-09-14','2;1',
'CAx-IF Rec.Pracs.---User Defined Attributes---1.5---2016-08-15'),
/* implementation_level */ '2;1');

FILE_NAME(
/* name */ '10_01_05_00406 - 10_01_05_00406',
/* time_stamp */ '2026-09-28T08:25:40Z',
/* author */ (''),
/* organization */ (''),
/* preprocessor_version */ 'ST-DEVELOPER v20',
/* originating_system */ 'ONSHAPE BY PTC INC, 1.221',
/* authorisation */ '  ');

FILE_SCHEMA (('AP242_MANAGED_MODEL_BASED_3D_ENGINEERING_MIM_LF { 1 0 10303 442 3 1 4 }'));
ENDSEC;

DATA;
#10=SHAPE_REPRESENTATION_RELATIONSHIP('','',#1008,#11);
#11=ADVANCED_BREP_SHAPE_REPRESENTATION('',(#1006),#5107);
#12=(
BOUNDED_SURFACE()
B_SPLINE_SURFACE(3,2,((#4288,#4289,#4290,#4291,#4292,#4293,#4294,#4295,
#4296,#4297,#4298,#4299,#4300,#4301,#4302,#4303,#4304,#4305,#4306,#4307,
#4308,#4309,#4310,#4311,#4312,#4313,#4314,#4315,#4316,#4317,#4318,#4319,
#4320,#4321,#4322,#4323,#4324,#4325,#4326,#4327,#4328,#4329,#4330,#4331,
#4332,#4333,#4334,#4335,#4336,#4337,#4338,#4339,#4340,#4341,#4342,#4343,
#4344,#4345,#4346,#4347,#4348,#4349,#4350,#4351,#4352,#4353,#4354,#4355,
#4356,#4357,#4358,#4359,#4360,#4361,#4362),(#4363,#4364,#4365,#4366,#4367,
#4368,#4369,#4370,#4371,#4372,#4373,#4374,#4375,#4376,#4377,#4378,#4379,
#4380,#4381,#4382,#4383,#4384,#4385,#4386,#4387,#4388,#4389,#4390,#4391,
#4392,#4393,#4394,#4395,#4396,#4397,#4398,#4399,#4400,#4401,#4402,#4403,
#4404,#4405,#4406,#4407,#4408,#4409,#4410,#4411,#4412,#4413,#4414,#4415,
#4416,#4417,#4418,#4419,#4420,#4421,#4422,#4423,#4424,#4425,#4426,#4427,
#4428,#4429,#4430,#4431,#4432,#4433,#4434,#4435,#4436,#4437),(#4438,#4439,
#4440,#4441,#4442,#4443,#4444,#4445,#4446,#4447,#4448,#4449,#4450,#4451,
#4452,#4453,#4454,#4455,#4456,#4457,#4458,#4459,#4460,#4461,#4462,#4463,
#4464,#4465,#4466,#4467,#4468,#4469,#4470,#4471,#4472,#4473,#4474,#4475,
#4476,#4477,#4478,#4479,#4480,#4481,#4482,#4483,#4484,#4485,#4486,#4487,
#4488,#4489,#4490,#4491,#4492,#4493,#4494,#4495,#4496,#4497,#4498,#4499,
#4500,#4501,#4502,#4503,#4504,#4505,#4506,#4507,#4508,#4509,#4510,#4511,
#4512),(#4513,#4514,#4515,#4516,#4517,#4518,#4519,#4520,#4521,#4522,#4523,
#4524,#4525,#4526,#4527,#4528,#4529,#4530,#4531,#4532,#4533,#4534,#4535,
#4536,#4537,#4538,#4539,#4540,#4541,#4542,#4543,#4544,#4545,#4546,#4547,
#4548,#4549,#4550,#4551,#4552,#4553,#4554,#4555,#4556,#4557,#4558,#4559,
#4560,#4561,#4562,#4563,#4564,#4565,#4566,#4567,#4568,#4569,#4570,#4571,
#4572,#4573,#4574,#4575,#4576,#4577,#4578,#4579,#4580,#4581,#4582,#4583,
#4584,#4585,#4586,#4587)),.UNSPECIFIED.,.F.,.F.,.F.)
B_SPLINE_SURFACE_WITH_KNOTS((4,4),(3,2,2,2,2,2,2,2,2,2,2,2,2,2,2,2,2,2,
2,2,2,2,2,2,2,2,2,2,2,2,2,2,2,2,2,2,2,3),(0.,1.),(0.155659435041913,0.166666666666667,
0.185185185185185,0.203703703703703,0.222222222222222,0.240740740740741,
0.25925925925926,0.277777777777778,0.296296296296297,0.314814814814815,
0.333333333333334,0.351851851851852,0.370370370370371,0.388888888888889,
0.407407407407407,0.425925925925926,0.444444444444444,0.462962962962963,
0.481481481481482,0.5,0.518518518518519,0.537037037037037,0.555555555555556,
0.574074074074074,0.592592592592593,0.611111111111111,0.62962962962963,
0.648148148148148,0.666666666666667,0.685185185185185,0.703703703703704,
0.722222222222222,0.740740740740741,0.759259259259259,0.777777777777778,
0.796296296296296,0.814814814814815,0.816196402722141),
 .PIECEWISE_BEZIER_KNOTS.)
GEOMETRIC_REPRESENTATION_ITEM()
RATIONAL_B_SPLINE_SURFACE(((0.935400013429545,0.920366771731612,1.,0.866025403784439,
1.,0.866025403784439,1.,0.866025403784439,1.,0.866025403784439,1.,0.866025403784439,
1.,0.866025403784439,1.,0.866025403784439,1.,0.866025403784439,1.,0.866025403784439,
1.,0.866025403784439,1.,0.866025403784439,1.,0.866025403784439,1.,0.866025403784439,
1.,0.866025403784439,1.,0.866025403784439,1.,0.866025403784439,1.,0.866025403784439,
1.,0.866025403784439,1.,0.866025403784439,1.,0.866025403784439,1.,0.866025403784439,
1.,0.866025403784439,1.,0.866025403784439,1.,0.866025403784439,1.,0.866025403784439,
1.,0.866025403784439,1.,0.866025403784439,1.,0.866025403784439,1.,0.866025403784439,
1.,0.866025403784439,1.,0.866025403784439,1.,0.866025403784439,1.,0.866025403784439,
1.,0.866025403784439,1.,0.866025403784439,1.,0.990004725170906,0.981500860231913),
(0.738473696262141,0.726605347529953,0.789473685759962,0.68370426748746,
0.789473685759962,0.68370426748746,0.789473685759962,0.68370426748746,0.789473685759962,
0.68370426748746,0.789473685759962,0.68370426748746,0.789473685759962,0.68370426748746,
0.789473685759962,0.68370426748746,0.789473685759962,0.68370426748746,0.789473685759962,
0.68370426748746,0.789473685759962,0.68370426748746,0.789473685759962,0.68370426748746,
0.789473685759962,0.68370426748746,0.789473685759962,0.68370426748746,0.789473685759962,
0.68370426748746,0.789473685759962,0.68370426748746,0.789473685759962,0.68370426748746,
0.789473685759962,0.68370426748746,0.789473685759962,0.68370426748746,0.789473685759962,
0.68370426748746,0.789473685759962,0.68370426748746,0.789473685759962,0.68370426748746,
0.789473685759962,0.68370426748746,0.789473685759962,0.68370426748746,0.789473685759962,
0.68370426748746,0.789473685759962,0.68370426748746,0.789473685759962,0.68370426748746,
0.789473685759962,0.68370426748746,0.789473685759962,0.68370426748746,0.789473685759962,
0.68370426748746,0.789473685759962,0.68370426748746,0.789473685759962,0.68370426748746,
0.789473685759962,0.68370426748746,0.789473685759962,0.68370426748746,0.789473685759962,
0.68370426748746,0.789473685759962,0.68370426748746,0.789473685759962,0.781582679300453,
0.774869101703862),(0.738473696262141,0.726605347529953,0.789473685759962,
0.68370426748746,0.789473685759962,0.68370426748746,0.789473685759962,0.68370426748746,
0.789473685759962,0.68370426748746,0.789473685759962,0.68370426748746,0.789473685759962,
0.68370426748746,0.789473685759962,0.68370426748746,0.789473685759962,0.68370426748746,
0.789473685759962,0.68370426748746,0.789473685759962,0.68370426748746,0.789473685759962,
0.68370426748746,0.789473685759962,0.68370426748746,0.789473685759962,0.68370426748746,
0.789473685759962,0.68370426748746,0.789473685759962,0.68370426748746,0.789473685759962,
0.68370426748746,0.789473685759962,0.68370426748746,0.789473685759962,0.68370426748746,
0.789473685759962,0.68370426748746,0.789473685759962,0.68370426748746,0.789473685759962,
0.68370426748746,0.789473685759962,0.68370426748746,0.789473685759962,0.68370426748746,
0.789473685759962,0.68370426748746,0.789473685759962,0.68370426748746,0.789473685759962,
0.68370426748746,0.789473685759962,0.68370426748746,0.789473685759962,0.68370426748746,
0.789473685759962,0.68370426748746,0.789473685759962,0.68370426748746,0.789473685759962,
0.68370426748746,0.789473685759962,0.68370426748746,0.789473685759962,0.68370426748746,
0.789473685759962,0.68370426748746,0.789473685759962,0.68370426748746,0.789473685759962,
0.781582679300453,0.774869101703862),(0.935400013429545,0.920366771731612,
1.,0.866025403784439,1.,0.866025403784439,1.,0.866025403784439,1.,0.866025403784439,
1.,0.866025403784439,1.,0.866025403784439,1.,0.866025403784439,1.,0.866025403784439,
1.,0.866025403784439,1.,0.866025403784439,1.,0.866025403784439,1.,0.866025403784439,
1.,0.866025403784439,1.,0.866025403784439,1.,0.866025403784439,1.,0.866025403784439,
1.,0.866025403784439,1.,0.866025403784439,1.,0.866025403784439,1.,0.866025403784439,
1.,0.866025403784439,1.,0.866025403784439,1.,0.866025403784439,1.,0.866025403784439,
1.,0.866025403784439,1.,0.866025403784439,1.,0.866025403784439,1.,0.866025403784439,
1.,0.866025403784439,1.,0.866025403784439,1.,0.866025403784439,1.,0.866025403784439,
1.,0.866025403784439,1.,0.866025403784439,1.,0.866025403784439,1.,0.990004725170906,
0.981500860231913)))
REPRESENTATION_ITEM('')
SURFACE()
);
#13=(
BOUNDED_SURFACE()
B_SPLINE_SURFACE(1,2,((#4806,#4807,#4808,#4809,#4810,#4811,#4812,#4813,
#4814,#4815,#4816,#4817,#4818,#4819,#4820,#4821,#4822,#4823,#4824,#4825,
#4826,#4827,#4828,#4829,#4830,#4831,#4832,#4833,#4834,#4835,#4836,#4837,
#4838,#4839,#4840,#4841,#4842,#4843,#4844,#4845,#4846,#4847,#4848,#4849,
#4850,#4851,#4852,#4853,#4854,#4855,#4856,#4857,#4858,#4859,#4860,#4861,
#4862,#4863,#4864,#4865,#4866,#4867,#4868,#4869,#4870,#4871,#4872,#4873,
#4874,#4875,#4876,#4877,#4878,#4879,#4880),(#4881,#4882,#4883,#4884,#4885,
#4886,#4887,#4888,#4889,#4890,#4891,#4892,#4893,#4894,#4895,#4896,#4897,
#4898,#4899,#4900,#4901,#4902,#4903,#4904,#4905,#4906,#4907,#4908,#4909,
#4910,#4911,#4912,#4913,#4914,#4915,#4916,#4917,#4918,#4919,#4920,#4921,
#4922,#4923,#4924,#4925,#4926,#4927,#4928,#4929,#4930,#4931,#4932,#4933,
#4934,#4935,#4936,#4937,#4938,#4939,#4940,#4941,#4942,#4943,#4944,#4945,
#4946,#4947,#4948,#4949,#4950,#4951,#4952,#4953,#4954,#4955)),
 .UNSPECIFIED.,.F.,.F.,.F.)
B_SPLINE_SURFACE_WITH_KNOTS((2,2),(3,2,2,2,2,2,2,2,2,2,2,2,2,2,2,2,2,2,
2,2,2,2,2,2,2,2,2,2,2,2,2,2,2,2,2,2,2,3),(0.,1.),(0.120798905833788,0.12962962962963,
0.148148148148148,0.166666666666667,0.185185185185185,0.203703703703703,
0.222222222222222,0.240740740740741,0.25925925925926,0.277777777777778,
0.296296296296297,0.314814814814815,0.333333333333334,0.351851851851852,
0.370370370370371,0.388888888888889,0.407407407407407,0.425925925925926,
0.444444444444444,0.462962962962963,0.481481481481482,0.5,0.518518518518519,
0.537037037037037,0.555555555555556,0.574074074074074,0.592592592592593,
0.611111111111111,0.62962962962963,0.648148148148148,0.666666666666667,
0.685185185185185,0.703703703703704,0.722222222222222,0.740740740740741,
0.759259259259259,0.777777777777778,0.788829437648387),
 .PIECEWISE_BEZIER_KNOTS.)
GEOMETRIC_REPRESENTATION_ITEM()
RATIONAL_B_SPLINE_SURFACE(((0.933156189206778,0.936112996638696,1.,0.866025403784439,
1.,0.866025403784439,1.,0.866025403784439,1.,0.866025403784439,1.,0.866025403784439,
1.,0.866025403784439,1.,0.866025403784439,1.,0.866025403784439,1.,0.866025403784439,
1.,0.866025403784439,1.,0.866025403784439,1.,0.866025403784439,1.,0.866025403784439,
1.,0.866025403784439,1.,0.866025403784439,1.,0.866025403784439,1.,0.866025403784439,
1.,0.866025403784439,1.,0.866025403784439,1.,0.866025403784439,1.,0.866025403784439,
1.,0.866025403784439,1.,0.866025403784439,1.,0.866025403784439,1.,0.866025403784439,
1.,0.866025403784439,1.,0.866025403784439,1.,0.866025403784439,1.,0.866025403784439,
1.,0.866025403784439,1.,0.866025403784439,1.,0.866025403784439,1.,0.866025403784439,
1.,0.866025403784439,1.,0.866025403784439,1.,0.92004534989146,0.935522912374825),
(0.933156189206778,0.936112996638696,1.,0.866025403784439,1.,0.866025403784439,
1.,0.866025403784439,1.,0.866025403784439,1.,0.866025403784439,1.,0.866025403784439,
1.,0.866025403784439,1.,0.866025403784439,1.,0.866025403784439,1.,0.866025403784439,
1.,0.866025403784439,1.,0.866025403784439,1.,0.866025403784439,1.,0.866025403784439,
1.,0.866025403784439,1.,0.866025403784439,1.,0.866025403784439,1.,0.866025403784439,
1.,0.866025403784439,1.,0.866025403784439,1.,0.866025403784439,1.,0.866025403784439,
1.,0.866025403784439,1.,0.866025403784439,1.,0.866025403784439,1.,0.866025403784439,
1.,0.866025403784439,1.,0.866025403784439,1.,0.866025403784439,1.,0.866025403784439,
1.,0.866025403784439,1.,0.866025403784439,1.,0.866025403784439,1.,0.866025403784439,
1.,0.866025403784439,1.,0.92004534989146,0.935522912374825)))
REPRESENTATION_ITEM('')
SURFACE()
);
#14=(
BOUNDED_SURFACE()
B_SPLINE_SURFACE(1,2,((#4956,#4957,#4958,#4959,#4960,#4961,#4962,#4963,
#4964,#4965,#4966,#4967,#4968,#4969,#4970,#4971,#4972,#4973,#4974,#4975,
#4976,#4977,#4978,#4979,#4980,#4981,#4982,#4983,#4984,#4985,#4986,#4987,
#4988,#4989,#4990,#4991,#4992,#4993,#4994,#4995,#4996,#4997,#4998,#4999,
#5000,#5001,#5002,#5003,#5004,#5005,#5006,#5007,#5008,#5009,#5010,#5011,
#5012,#5013,#5014,#5015,#5016,#5017,#5018,#5019,#5020,#5021,#5022,#5023,
#5024,#5025,#5026,#5027,#5028,#5029,#5030),(#5031,#5032,#5033,#5034,#5035,
#5036,#5037,#5038,#5039,#5040,#5041,#5042,#5043,#5044,#5045,#5046,#5047,
#5048,#5049,#5050,#5051,#5052,#5053,#5054,#5055,#5056,#5057,#5058,#5059,
#5060,#5061,#5062,#5063,#5064,#5065,#5066,#5067,#5068,#5069,#5070,#5071,
#5072,#5073,#5074,#5075,#5076,#5077,#5078,#5079,#5080,#5081,#5082,#5083,
#5084,#5085,#5086,#5087,#5088,#5089,#5090,#5091,#5092,#5093,#5094,#5095,
#5096,#5097,#5098,#5099,#5100,#5101,#5102,#5103,#5104,#5105)),
 .UNSPECIFIED.,.F.,.F.,.F.)
B_SPLINE_SURFACE_WITH_KNOTS((2,2),(3,2,2,2,2,2,2,2,2,2,2,2,2,2,2,2,2,2,
2,2,2,2,2,2,2,2,2,2,2,2,2,2,2,2,2,2,2,3),(0.,1.),(0.183764252604823,0.185185185185185,
0.203703703703703,0.222222222222222,0.240740740740741,0.25925925925926,
0.277777777777778,0.296296296296297,0.314814814814815,0.333333333333334,
0.351851851851852,0.370370370370371,0.388888888888889,0.407407407407407,
0.425925925925926,0.444444444444444,0.462962962962963,0.481481481481482,
0.5,0.518518518518519,0.537037037037037,0.555555555555556,0.574074074074074,
0.592592592592593,0.611111111111111,0.62962962962963,0.648148148148148,
0.666666666666667,0.685185185185185,0.703703703703704,0.722222222222222,
0.740740740740741,0.759259259259259,0.777777777777778,0.796296296296296,
0.814814814814815,0.833333333333333,0.850937355137119),
 .PIECEWISE_BEZIER_KNOTS.)
GEOMETRIC_REPRESENTATION_ITEM()
RATIONAL_B_SPLINE_SURFACE(((0.98101772592391,0.98972008109001,1.,0.866025403784439,
1.,0.866025403784439,1.,0.866025403784439,1.,0.866025403784439,1.,0.866025403784439,
1.,0.866025403784439,1.,0.866025403784439,1.,0.866025403784439,1.,0.866025403784439,
1.,0.866025403784439,1.,0.866025403784439,1.,0.866025403784439,1.,0.866025403784439,
1.,0.866025403784439,1.,0.866025403784439,1.,0.866025403784439,1.,0.866025403784439,
1.,0.866025403784439,1.,0.866025403784439,1.,0.866025403784439,1.,0.866025403784439,
1.,0.866025403784439,1.,0.866025403784439,1.,0.866025403784439,1.,0.866025403784439,
1.,0.866025403784439,1.,0.866025403784439,1.,0.866025403784439,1.,0.866025403784439,
1.,0.866025403784439,1.,0.866025403784439,1.,0.866025403784439,1.,0.866025403784439,
1.,0.866025403784439,1.,0.866025403784439,1.,0.872641447501666,0.987421350391891),
(0.98101772592391,0.98972008109001,1.,0.866025403784439,1.,0.866025403784439,
1.,0.866025403784439,1.,0.866025403784439,1.,0.866025403784439,1.,0.866025403784439,
1.,0.866025403784439,1.,0.866025403784439,1.,0.866025403784439,1.,0.866025403784439,
1.,0.866025403784439,1.,0.866025403784439,1.,0.866025403784439,1.,0.866025403784439,
1.,0.866025403784439,1.,0.866025403784439,1.,0.866025403784439,1.,0.866025403784439,
1.,0.866025403784439,1.,0.866025403784439,1.,0.866025403784439,1.,0.866025403784439,
1.,0.866025403784439,1.,0.866025403784439,1.,0.866025403784439,1.,0.866025403784439,
1.,0.866025403784439,1.,0.866025403784439,1.,0.866025403784439,1.,0.866025403784439,
1.,0.866025403784439,1.,0.866025403784439,1.,0.866025403784439,1.,0.866025403784439,
1.,0.866025403784439,1.,0.872641447501666,0.987421350391891)))
REPRESENTATION_ITEM('')
SURFACE()
);
#15=ELLIPSE('',#1066,0.00306739036062548,0.00175000000012717);
#16=ELLIPSE('',#1067,0.00306739036059018,0.00175000000002739);
#17=ELLIPSE('',#1069,0.00306739036062328,0.00175000000012623);
#18=ELLIPSE('',#1070,0.00306739036056722,0.00174999999996203);
#19=CONICAL_SURFACE('',#1055,0.0021,0.78539816339745);
#20=CONICAL_SURFACE('',#1061,0.004,0.78539816339745);
#21=CONICAL_SURFACE('',#1084,0.004,0.78539816339745);
#22=CONICAL_SURFACE('',#1086,0.0021,0.78539816339745);
#23=CONICAL_SURFACE('',#1092,0.00205213956538806,0.607135874840022);
#24=CONICAL_SURFACE('',#1093,0.00205213956538806,0.607135874840022);
#25=CONICAL_SURFACE('',#1095,0.002,0.84382904253675);
#26=CONICAL_SURFACE('',#1097,0.002,0.84382904253675);
#27=B_SPLINE_CURVE_WITH_KNOTS('',3,(#2715,#2716,#2717,#2718,#2719,#2720),
 .UNSPECIFIED.,.F.,.F.,(4,1,1,4),(0.00734208541929737,0.00957047210339216,
0.0106846654454396,0.011798858787487),.UNSPECIFIED.);
#28=B_SPLINE_CURVE_WITH_KNOTS('',3,(#2722,#2723,#2724,#2725,#2726),
 .UNSPECIFIED.,.F.,.F.,(4,1,4),(0.00797093689694527,0.00959655284714877,
0.0112221687973523),.UNSPECIFIED.);
#29=B_SPLINE_CURVE_WITH_KNOTS('',3,(#2728,#2729,#2730,#2731,#2732),
 .UNSPECIFIED.,.F.,.F.,(4,1,4),(0.00248579504545987,0.0047257604277765,
0.00696572581009313),.UNSPECIFIED.);
#30=B_SPLINE_CURVE_WITH_KNOTS('',3,(#4097,#4098,#4099,#4100,#4101),
 .UNSPECIFIED.,.F.,.F.,(4,1,4),(0.00848725047184237,0.0106730571706389,
0.0128588638694355),.UNSPECIFIED.);
#31=B_SPLINE_CURVE_WITH_KNOTS('',3,(#4103,#4104,#4105,#4106,#4107),
 .UNSPECIFIED.,.F.,.F.,(4,1,4),(0.0101192091803591,0.0116976220511339,0.0132760349219086),
 .UNSPECIFIED.);
#32=B_SPLINE_CURVE_WITH_KNOTS('',3,(#4109,#4110,#4111,#4112,#4113),
 .UNSPECIFIED.,.F.,.F.,(4,1,4),(0.0275257626775911,0.0297845813943815,0.0320434001111718),
 .UNSPECIFIED.);
#33=B_SPLINE_CURVE_WITH_KNOTS('',3,(#4159,#4160,#4161,#4162),
 .UNSPECIFIED.,.F.,.F.,(4,4),(8.71599184171106E-20,0.000765875776319696),
 .UNSPECIFIED.);
#34=B_SPLINE_CURVE_WITH_KNOTS('',3,(#4169,#4170,#4171,#4172),
 .UNSPECIFIED.,.F.,.F.,(4,4),(4.11996825544492E-18,0.000765636031263605),
 .UNSPECIFIED.);
#35=B_SPLINE_CURVE_WITH_KNOTS('',3,(#4174,#4175,#4176,#4177,#4178,#4179,
#4180),.UNSPECIFIED.,.F.,.F.,(4,1,1,1,4),(0.,0.00141185535809109,0.00282371071618218,
0.00423556607427327,0.00564742143236435),.UNSPECIFIED.);
#36=B_SPLINE_CURVE_WITH_KNOTS('',3,(#4227,#4228,#4229,#4230,#4231,#4232,
#4233),.UNSPECIFIED.,.F.,.F.,(4,1,1,1,4),(0.,0.00141185535809109,0.00282371071618218,
0.00423556607427327,0.00564742143236435),.UNSPECIFIED.);
#37=B_SPLINE_CURVE_WITH_KNOTS('',3,(#4236,#4237,#4238,#4239),
 .UNSPECIFIED.,.F.,.F.,(4,4),(5.00741785540681E-33,0.000765875776319696),
 .UNSPECIFIED.);
#38=B_SPLINE_CURVE_WITH_KNOTS('',3,(#4244,#4245,#4246,#4247),
 .UNSPECIFIED.,.F.,.F.,(4,4),(0.,0.000765636031263609),.UNSPECIFIED.);
#39=PLANE('',#1017);
#40=PLANE('',#1027);
#41=PLANE('',#1029);
#42=PLANE('',#1031);
#43=PLANE('',#1033);
#44=PLANE('',#1035);
#45=PLANE('',#1037);
#46=PLANE('',#1039);
#47=PLANE('',#1046);
#48=PLANE('',#1047);
#49=PLANE('',#1048);
#50=PLANE('',#1049);
#51=PLANE('',#1050);
#52=PLANE('',#1051);
#53=PLANE('',#1052);
#54=PLANE('',#1065);
#55=PLANE('',#1068);
#56=PLANE('',#1073);
#57=PLANE('',#1076);
#58=PLANE('',#1080);
#59=PLANE('',#1082);
#60=PLANE('',#1087);
#61=PLANE('',#1094);
#62=PLANE('',#1099);
#63=PLANE('',#1100);
#64=CIRCLE('',#1016,0.0025);
#65=CIRCLE('',#1018,0.0009);
#66=CIRCLE('',#1019,0.0009);
#67=CIRCLE('',#1020,0.0025);
#68=CIRCLE('',#1028,0.004);
#69=CIRCLE('',#1030,0.004);
#70=CIRCLE('',#1032,0.004);
#71=CIRCLE('',#1034,0.004);
#72=CIRCLE('',#1036,0.004);
#73=CIRCLE('',#1038,0.004);
#74=CIRCLE('',#1040,0.0021);
#75=CIRCLE('',#1041,0.0021);
#76=CIRCLE('',#1042,0.0009);
#77=CIRCLE('',#1043,0.0009);
#78=CIRCLE('',#1054,0.0021);
#79=CIRCLE('',#1056,0.00075);
#80=CIRCLE('',#1057,0.0021);
#81=CIRCLE('',#1060,0.004);
#82=CIRCLE('',#1062,0.004);
#83=CIRCLE('',#1064,0.00075);
#84=CIRCLE('',#1072,0.00175);
#85=CIRCLE('',#1075,0.00175);
#86=CIRCLE('',#1078,0.00075);
#87=CIRCLE('',#1079,0.00075);
#88=CIRCLE('',#1081,0.000662811259456773);
#89=CIRCLE('',#1083,0.000662811259456773);
#90=CIRCLE('',#1088,0.00205213956538806);
#91=CIRCLE('',#1089,0.00205213956538806);
#92=CIRCLE('',#1090,0.002);
#93=CIRCLE('',#1091,0.002);
#94=CIRCLE('',#1096,0.00143786796564403);
#95=CIRCLE('',#1098,0.00143786796564403);
#96=(
BOUNDED_CURVE()
B_SPLINE_CURVE(2,(#1361,#1362,#1363,#1364,#1365,#1366,#1367,#1368,#1369,
#1370,#1371,#1372,#1373,#1374,#1375,#1376,#1377,#1378,#1379,#1380,#1381,
#1382,#1383,#1384,#1385,#1386,#1387,#1388,#1389,#1390,#1391,#1392,#1393,
#1394,#1395,#1396,#1397,#1398,#1399,#1400,#1401,#1402,#1403,#1404,#1405,
#1406,#1407,#1408,#1409,#1410,#1411,#1412,#1413,#1414,#1415,#1416,#1417,
#1418,#1419,#1420,#1421,#1422,#1423,#1424,#1425,#1426,#1427,#1428,#1429,
#1430,#1431,#1432,#1433,#1434,#1435,#1436,#1437,#1438,#1439,#1440,#1441,
#1442,#1443,#1444,#1445,#1446,#1447,#1448,#1449,#1450,#1451,#1452,#1453,
#1454,#1455,#1456,#1457,#1458,#1459,#1460,#1461,#1462,#1463,#1464,#1465,
#1466,#1467,#1468,#1469),.UNSPECIFIED.,.F.,.F.)
B_SPLINE_CURVE_WITH_KNOTS((3,2,2,2,2,2,2,2,2,2,2,2,2,2,2,2,2,2,2,2,2,2,
2,2,2,2,2,2,2,2,2,2,2,2,2,2,2,2,2,2,2,2,2,2,2,2,2,2,2,2,2,2,2,2,3),(0.,
0.0185185185185185,0.037037037037037,0.0555555555555556,0.0740740740740741,
0.0925925925925926,0.111111111111111,0.12962962962963,0.148148148148148,
0.166666666666667,0.185185185185185,0.203703703703703,0.222222222222222,
0.240740740740741,0.25925925925926,0.277777777777778,0.296296296296297,
0.314814814814815,0.333333333333334,0.351851851851852,0.370370370370371,
0.388888888888889,0.407407407407407,0.425925925925926,0.444444444444444,
0.462962962962963,0.481481481481482,0.5,0.518518518518519,0.537037037037037,
0.555555555555556,0.574074074074074,0.592592592592593,0.611111111111111,
0.62962962962963,0.648148148148148,0.666666666666667,0.685185185185185,
0.703703703703704,0.722222222222222,0.740740740740741,0.759259259259259,
0.777777777777778,0.796296296296296,0.814814814814815,0.833333333333333,
0.851851851851852,0.87037037037037,0.888888888888889,0.907407407407407,
0.925925925925926,0.944444444444444,0.962962962962963,0.981481481481482,
1.),.UNSPECIFIED.)
CURVE()
GEOMETRIC_REPRESENTATION_ITEM()
RATIONAL_B_SPLINE_CURVE((1.,0.866025403784439,1.,0.866025403784439,1.,0.866025403784439,
1.,0.866025403784439,1.,0.866025403784439,1.,0.866025403784439,1.,0.866025403784439,
1.,0.866025403784439,1.,0.866025403784439,1.,0.866025403784439,1.,0.866025403784439,
1.,0.866025403784439,1.,0.866025403784439,1.,0.866025403784439,1.,0.866025403784439,
1.,0.866025403784439,1.,0.866025403784439,1.,0.866025403784439,1.,0.866025403784439,
1.,0.866025403784439,1.,0.866025403784439,1.,0.866025403784439,1.,0.866025403784439,
1.,0.866025403784439,1.,0.866025403784439,1.,0.866025403784439,1.,0.866025403784439,
1.,0.866025403784439,1.,0.866025403784439,1.,0.866025403784439,1.,0.866025403784439,
1.,0.866025403784439,1.,0.866025403784439,1.,0.866025403784439,1.,0.866025403784439,
1.,0.866025403784439,1.,0.866025403784439,1.,0.866025403784439,1.,0.866025403784439,
1.,0.866025403784439,1.,0.866025403784439,1.,0.866025403784439,1.,0.866025403784439,
1.,0.866025403784439,1.,0.866025403784439,1.,0.866025403784439,1.,0.866025403784439,
1.,0.866025403784439,1.,0.866025403784439,1.,0.866025403784439,1.,0.866025403784439,
1.,0.866025403784439,1.,0.866025403784439,1.,0.866025403784439,1.))
REPRESENTATION_ITEM('')
);
#97=(
BOUNDED_CURVE()
B_SPLINE_CURVE(2,(#1473,#1474,#1475,#1476,#1477,#1478,#1479,#1480,#1481,
#1482,#1483,#1484,#1485,#1486,#1487,#1488,#1489,#1490,#1491,#1492,#1493,
#1494,#1495,#1496,#1497,#1498,#1499,#1500,#1501,#1502,#1503,#1504,#1505,
#1506,#1507,#1508,#1509,#1510,#1511,#1512,#1513,#1514,#1515,#1516,#1517,
#1518,#1519,#1520,#1521,#1522,#1523,#1524,#1525,#1526,#1527,#1528,#1529,
#1530,#1531,#1532,#1533,#1534,#1535,#1536,#1537,#1538,#1539,#1540,#1541,
#1542,#1543,#1544,#1545,#1546,#1547,#1548,#1549,#1550,#1551,#1552,#1553,
#1554,#1555,#1556,#1557,#1558,#1559,#1560,#1561,#1562,#1563,#1564,#1565,
#1566,#1567,#1568,#1569,#1570,#1571,#1572,#1573,#1574,#1575,#1576,#1577,
#1578,#1579,#1580,#1581),.UNSPECIFIED.,.F.,.F.)
B_SPLINE_CURVE_WITH_KNOTS((3,2,2,2,2,2,2,2,2,2,2,2,2,2,2,2,2,2,2,2,2,2,
2,2,2,2,2,2,2,2,2,2,2,2,2,2,2,2,2,2,2,2,2,2,2,2,2,2,2,2,2,2,2,2,3),(0.,
0.0185185185185185,0.037037037037037,0.0555555555555556,0.0740740740740741,
0.0925925925925926,0.111111111111111,0.12962962962963,0.148148148148148,
0.166666666666667,0.185185185185185,0.203703703703703,0.222222222222222,
0.240740740740741,0.25925925925926,0.277777777777778,0.296296296296297,
0.314814814814815,0.333333333333334,0.351851851851852,0.370370370370371,
0.388888888888889,0.407407407407407,0.425925925925926,0.444444444444444,
0.462962962962963,0.481481481481482,0.5,0.518518518518519,0.537037037037037,
0.555555555555556,0.574074074074074,0.592592592592593,0.611111111111111,
0.62962962962963,0.648148148148148,0.666666666666667,0.685185185185185,
0.703703703703704,0.722222222222222,0.740740740740741,0.759259259259259,
0.777777777777778,0.796296296296296,0.814814814814815,0.833333333333333,
0.851851851851852,0.87037037037037,0.888888888888889,0.907407407407407,
0.925925925925926,0.944444444444444,0.962962962962963,0.981481481481482,
1.),.UNSPECIFIED.)
CURVE()
GEOMETRIC_REPRESENTATION_ITEM()
RATIONAL_B_SPLINE_CURVE((1.,0.866025403784439,1.,0.866025403784439,1.,0.866025403784439,
1.,0.866025403784439,1.,0.866025403784439,1.,0.866025403784439,1.,0.866025403784439,
1.,0.866025403784439,1.,0.866025403784439,1.,0.866025403784439,1.,0.866025403784439,
1.,0.866025403784439,1.,0.866025403784439,1.,0.866025403784439,1.,0.866025403784439,
1.,0.866025403784439,1.,0.866025403784439,1.,0.866025403784439,1.,0.866025403784439,
1.,0.866025403784439,1.,0.866025403784439,1.,0.866025403784439,1.,0.866025403784439,
1.,0.866025403784439,1.,0.866025403784439,1.,0.866025403784439,1.,0.866025403784439,
1.,0.866025403784439,1.,0.866025403784439,1.,0.866025403784439,1.,0.866025403784439,
1.,0.866025403784439,1.,0.866025403784439,1.,0.866025403784439,1.,0.866025403784439,
1.,0.866025403784439,1.,0.866025403784439,1.,0.866025403784439,1.,0.866025403784439,
1.,0.866025403784439,1.,0.866025403784439,1.,0.866025403784439,1.,0.866025403784439,
1.,0.866025403784439,1.,0.866025403784439,1.,0.866025403784439,1.,0.866025403784439,
1.,0.866025403784439,1.,0.866025403784439,1.,0.866025403784439,1.,0.866025403784439,
1.,0.866025403784439,1.,0.866025403784439,1.,0.866025403784439,1.))
REPRESENTATION_ITEM('')
);
#98=(
BOUNDED_CURVE()
B_SPLINE_CURVE(2,(#1586,#1587,#1588,#1589,#1590,#1591,#1592,#1593,#1594,
#1595,#1596,#1597,#1598,#1599,#1600,#1601,#1602,#1603,#1604,#1605,#1606,
#1607,#1608,#1609,#1610,#1611,#1612,#1613,#1614,#1615,#1616,#1617,#1618,
#1619,#1620,#1621,#1622,#1623,#1624,#1625,#1626,#1627,#1628,#1629,#1630,
#1631,#1632,#1633,#1634,#1635,#1636,#1637,#1638,#1639,#1640,#1641,#1642,
#1643,#1644,#1645,#1646,#1647,#1648,#1649,#1650,#1651,#1652,#1653,#1654,
#1655,#1656,#1657,#1658,#1659,#1660,#1661,#1662,#1663,#1664,#1665,#1666,
#1667,#1668,#1669,#1670,#1671,#1672,#1673,#1674,#1675,#1676,#1677,#1678,
#1679,#1680,#1681,#1682,#1683,#1684,#1685,#1686,#1687,#1688,#1689,#1690,
#1691,#1692,#1693,#1694),.UNSPECIFIED.,.F.,.F.)
B_SPLINE_CURVE_WITH_KNOTS((3,2,2,2,2,2,2,2,2,2,2,2,2,2,2,2,2,2,2,2,2,2,
2,2,2,2,2,2,2,2,2,2,2,2,2,2,2,2,2,2,2,2,2,2,2,2,2,2,2,2,2,2,2,2,3),(0.,
0.0185185185185185,0.037037037037037,0.0555555555555556,0.0740740740740741,
0.0925925925925926,0.111111111111111,0.12962962962963,0.148148148148148,
0.166666666666667,0.185185185185185,0.203703703703703,0.222222222222222,
0.240740740740741,0.25925925925926,0.277777777777778,0.296296296296297,
0.314814814814815,0.333333333333334,0.351851851851852,0.370370370370371,
0.388888888888889,0.407407407407407,0.425925925925926,0.444444444444444,
0.462962962962963,0.481481481481482,0.5,0.518518518518519,0.537037037037037,
0.555555555555556,0.574074074074074,0.592592592592593,0.611111111111111,
0.62962962962963,0.648148148148148,0.666666666666667,0.685185185185185,
0.703703703703704,0.722222222222222,0.740740740740741,0.759259259259259,
0.777777777777778,0.796296296296296,0.814814814814815,0.833333333333333,
0.851851851851852,0.87037037037037,0.888888888888889,0.907407407407407,
0.925925925925926,0.944444444444444,0.962962962962963,0.981481481481482,
1.),.UNSPECIFIED.)
CURVE()
GEOMETRIC_REPRESENTATION_ITEM()
RATIONAL_B_SPLINE_CURVE((1.,0.866025403784439,1.,0.866025403784439,1.,0.866025403784439,
1.,0.866025403784439,1.,0.866025403784439,1.,0.866025403784439,1.,0.866025403784439,
1.,0.866025403784439,1.,0.866025403784439,1.,0.866025403784439,1.,0.866025403784439,
1.,0.866025403784439,1.,0.866025403784439,1.,0.866025403784439,1.,0.866025403784439,
1.,0.866025403784439,1.,0.866025403784439,1.,0.866025403784439,1.,0.866025403784439,
1.,0.866025403784439,1.,0.866025403784439,1.,0.866025403784439,1.,0.866025403784439,
1.,0.866025403784439,1.,0.866025403784439,1.,0.866025403784439,1.,0.866025403784439,
1.,0.866025403784439,1.,0.866025403784439,1.,0.866025403784439,1.,0.866025403784439,
1.,0.866025403784439,1.,0.866025403784439,1.,0.866025403784439,1.,0.866025403784439,
1.,0.866025403784439,1.,0.866025403784439,1.,0.866025403784439,1.,0.866025403784439,
1.,0.866025403784439,1.,0.866025403784439,1.,0.866025403784439,1.,0.866025403784439,
1.,0.866025403784439,1.,0.866025403784439,1.,0.866025403784439,1.,0.866025403784439,
1.,0.866025403784439,1.,0.866025403784439,1.,0.866025403784439,1.,0.866025403784439,
1.,0.866025403784439,1.,0.866025403784439,1.,0.866025403784439,1.))
REPRESENTATION_ITEM('')
);
#99=(
BOUNDED_CURVE()
B_SPLINE_CURVE(2,(#1698,#1699,#1700,#1701,#1702,#1703,#1704,#1705,#1706,
#1707,#1708,#1709,#1710,#1711,#1712,#1713,#1714,#1715,#1716,#1717,#1718,
#1719,#1720,#1721,#1722,#1723,#1724,#1725,#1726,#1727,#1728,#1729,#1730,
#1731,#1732,#1733,#1734,#1735,#1736,#1737,#1738,#1739,#1740,#1741,#1742,
#1743,#1744,#1745,#1746,#1747,#1748,#1749,#1750,#1751,#1752,#1753,#1754,
#1755,#1756,#1757,#1758,#1759,#1760,#1761,#1762,#1763,#1764,#1765,#1766,
#1767,#1768,#1769,#1770,#1771,#1772,#1773,#1774,#1775,#1776,#1777,#1778,
#1779,#1780,#1781,#1782,#1783,#1784,#1785,#1786,#1787,#1788,#1789,#1790,
#1791,#1792,#1793,#1794,#1795,#1796,#1797,#1798,#1799,#1800,#1801,#1802,
#1803,#1804,#1805,#1806),.UNSPECIFIED.,.F.,.F.)
B_SPLINE_CURVE_WITH_KNOTS((3,2,2,2,2,2,2,2,2,2,2,2,2,2,2,2,2,2,2,2,2,2,
2,2,2,2,2,2,2,2,2,2,2,2,2,2,2,2,2,2,2,2,2,2,2,2,2,2,2,2,2,2,2,2,3),(0.,
0.0185185185185185,0.037037037037037,0.0555555555555556,0.0740740740740741,
0.0925925925925926,0.111111111111111,0.12962962962963,0.148148148148148,
0.166666666666667,0.185185185185185,0.203703703703703,0.222222222222222,
0.240740740740741,0.25925925925926,0.277777777777778,0.296296296296297,
0.314814814814815,0.333333333333334,0.351851851851852,0.370370370370371,
0.388888888888889,0.407407407407407,0.425925925925926,0.444444444444444,
0.462962962962963,0.481481481481482,0.5,0.518518518518519,0.537037037037037,
0.555555555555556,0.574074074074074,0.592592592592593,0.611111111111111,
0.62962962962963,0.648148148148148,0.666666666666667,0.685185185185185,
0.703703703703704,0.722222222222222,0.740740740740741,0.759259259259259,
0.777777777777778,0.796296296296296,0.814814814814815,0.833333333333333,
0.851851851851852,0.87037037037037,0.888888888888889,0.907407407407407,
0.925925925925926,0.944444444444444,0.962962962962963,0.981481481481482,
1.),.UNSPECIFIED.)
CURVE()
GEOMETRIC_REPRESENTATION_ITEM()
RATIONAL_B_SPLINE_CURVE((1.,0.866025403784439,1.,0.866025403784439,1.,0.866025403784439,
1.,0.866025403784439,1.,0.866025403784439,1.,0.866025403784439,1.,0.866025403784439,
1.,0.866025403784439,1.,0.866025403784439,1.,0.866025403784439,1.,0.866025403784439,
1.,0.866025403784439,1.,0.866025403784439,1.,0.866025403784439,1.,0.866025403784439,
1.,0.866025403784439,1.,0.866025403784439,1.,0.866025403784439,1.,0.866025403784439,
1.,0.866025403784439,1.,0.866025403784439,1.,0.866025403784439,1.,0.866025403784439,
1.,0.866025403784439,1.,0.866025403784439,1.,0.866025403784439,1.,0.866025403784439,
1.,0.866025403784439,1.,0.866025403784439,1.,0.866025403784439,1.,0.866025403784439,
1.,0.866025403784439,1.,0.866025403784439,1.,0.866025403784439,1.,0.866025403784439,
1.,0.866025403784439,1.,0.866025403784439,1.,0.866025403784439,1.,0.866025403784439,
1.,0.866025403784439,1.,0.866025403784439,1.,0.866025403784439,1.,0.866025403784439,
1.,0.866025403784439,1.,0.866025403784439,1.,0.866025403784439,1.,0.866025403784439,
1.,0.866025403784439,1.,0.866025403784439,1.,0.866025403784439,1.,0.866025403784439,
1.,0.866025403784439,1.,0.866025403784439,1.,0.866025403784439,1.))
REPRESENTATION_ITEM('')
);
#100=(
BOUNDED_CURVE()
B_SPLINE_CURVE(2,(#1811,#1812,#1813,#1814,#1815,#1816,#1817,#1818,#1819,
#1820,#1821,#1822,#1823,#1824,#1825,#1826,#1827,#1828,#1829,#1830,#1831,
#1832,#1833,#1834,#1835,#1836,#1837,#1838,#1839,#1840,#1841,#1842,#1843,
#1844,#1845,#1846,#1847,#1848,#1849,#1850,#1851,#1852,#1853,#1854,#1855,
#1856,#1857,#1858,#1859,#1860,#1861,#1862,#1863,#1864,#1865,#1866,#1867,
#1868,#1869,#1870,#1871,#1872,#1873,#1874,#1875,#1876,#1877,#1878,#1879,
#1880,#1881,#1882,#1883,#1884,#1885,#1886,#1887,#1888,#1889,#1890,#1891,
#1892,#1893,#1894,#1895,#1896,#1897,#1898,#1899,#1900,#1901,#1902,#1903,
#1904,#1905,#1906,#1907,#1908,#1909,#1910,#1911,#1912,#1913,#1914,#1915,
#1916,#1917,#1918,#1919),.UNSPECIFIED.,.F.,.F.)
B_SPLINE_CURVE_WITH_KNOTS((3,2,2,2,2,2,2,2,2,2,2,2,2,2,2,2,2,2,2,2,2,2,
2,2,2,2,2,2,2,2,2,2,2,2,2,2,2,2,2,2,2,2,2,2,2,2,2,2,2,2,2,2,2,2,3),(0.,
0.0185185185185185,0.037037037037037,0.0555555555555556,0.0740740740740741,
0.0925925925925926,0.111111111111111,0.12962962962963,0.148148148148148,
0.166666666666667,0.185185185185185,0.203703703703703,0.222222222222222,
0.240740740740741,0.25925925925926,0.277777777777778,0.296296296296297,
0.314814814814815,0.333333333333334,0.351851851851852,0.370370370370371,
0.388888888888889,0.407407407407407,0.425925925925926,0.444444444444444,
0.462962962962963,0.481481481481482,0.5,0.518518518518519,0.537037037037037,
0.555555555555556,0.574074074074074,0.592592592592593,0.611111111111111,
0.62962962962963,0.648148148148148,0.666666666666667,0.685185185185185,
0.703703703703704,0.722222222222222,0.740740740740741,0.759259259259259,
0.777777777777778,0.796296296296296,0.814814814814815,0.833333333333333,
0.851851851851852,0.87037037037037,0.888888888888889,0.907407407407407,
0.925925925925926,0.944444444444444,0.962962962962963,0.981481481481482,
1.),.UNSPECIFIED.)
CURVE()
GEOMETRIC_REPRESENTATION_ITEM()
RATIONAL_B_SPLINE_CURVE((1.,0.866025403784439,1.,0.866025403784439,1.,0.866025403784439,
1.,0.866025403784439,1.,0.866025403784439,1.,0.866025403784439,1.,0.866025403784439,
1.,0.866025403784439,1.,0.866025403784439,1.,0.866025403784439,1.,0.866025403784439,
1.,0.866025403784439,1.,0.866025403784439,1.,0.866025403784439,1.,0.866025403784439,
1.,0.866025403784439,1.,0.866025403784439,1.,0.866025403784439,1.,0.866025403784439,
1.,0.866025403784439,1.,0.866025403784439,1.,0.866025403784439,1.,0.866025403784439,
1.,0.866025403784439,1.,0.866025403784439,1.,0.866025403784439,1.,0.866025403784439,
1.,0.866025403784439,1.,0.866025403784439,1.,0.866025403784439,1.,0.866025403784439,
1.,0.866025403784439,1.,0.866025403784439,1.,0.866025403784439,1.,0.866025403784439,
1.,0.866025403784439,1.,0.866025403784439,1.,0.866025403784439,1.,0.866025403784439,
1.,0.866025403784439,1.,0.866025403784439,1.,0.866025403784439,1.,0.866025403784439,
1.,0.866025403784439,1.,0.866025403784439,1.,0.866025403784439,1.,0.866025403784439,
1.,0.866025403784439,1.,0.866025403784439,1.,0.866025403784439,1.,0.866025403784439,
1.,0.866025403784439,1.,0.866025403784439,1.,0.866025403784439,1.))
REPRESENTATION_ITEM('')
);
#101=(
BOUNDED_CURVE()
B_SPLINE_CURVE(2,(#1923,#1924,#1925,#1926,#1927,#1928,#1929,#1930,#1931,
#1932,#1933,#1934,#1935,#1936,#1937,#1938,#1939,#1940,#1941,#1942,#1943,
#1944,#1945,#1946,#1947,#1948,#1949,#1950,#1951,#1952,#1953,#1954,#1955,
#1956,#1957,#1958,#1959,#1960,#1961,#1962,#1963,#1964,#1965,#1966,#1967,
#1968,#1969,#1970,#1971,#1972,#1973,#1974,#1975,#1976,#1977,#1978,#1979,
#1980,#1981,#1982,#1983,#1984,#1985,#1986,#1987,#1988,#1989,#1990,#1991,
#1992,#1993,#1994,#1995,#1996,#1997,#1998,#1999,#2000,#2001,#2002,#2003,
#2004,#2005,#2006,#2007,#2008,#2009,#2010,#2011,#2012,#2013,#2014,#2015,
#2016,#2017,#2018,#2019,#2020,#2021,#2022,#2023,#2024,#2025,#2026,#2027,
#2028,#2029,#2030,#2031),.UNSPECIFIED.,.F.,.F.)
B_SPLINE_CURVE_WITH_KNOTS((3,2,2,2,2,2,2,2,2,2,2,2,2,2,2,2,2,2,2,2,2,2,
2,2,2,2,2,2,2,2,2,2,2,2,2,2,2,2,2,2,2,2,2,2,2,2,2,2,2,2,2,2,2,2,3),(0.,
0.0185185185185185,0.037037037037037,0.0555555555555556,0.0740740740740741,
0.0925925925925926,0.111111111111111,0.12962962962963,0.148148148148148,
0.166666666666667,0.185185185185185,0.203703703703703,0.222222222222222,
0.240740740740741,0.25925925925926,0.277777777777778,0.296296296296297,
0.314814814814815,0.333333333333334,0.351851851851852,0.370370370370371,
0.388888888888889,0.407407407407407,0.425925925925926,0.444444444444444,
0.462962962962963,0.481481481481482,0.5,0.518518518518519,0.537037037037037,
0.555555555555556,0.574074074074074,0.592592592592593,0.611111111111111,
0.62962962962963,0.648148148148148,0.666666666666667,0.685185185185185,
0.703703703703704,0.722222222222222,0.740740740740741,0.759259259259259,
0.777777777777778,0.796296296296296,0.814814814814815,0.833333333333333,
0.851851851851852,0.87037037037037,0.888888888888889,0.907407407407407,
0.925925925925926,0.944444444444444,0.962962962962963,0.981481481481482,
1.),.UNSPECIFIED.)
CURVE()
GEOMETRIC_REPRESENTATION_ITEM()
RATIONAL_B_SPLINE_CURVE((1.,0.866025403784439,1.,0.866025403784439,1.,0.866025403784439,
1.,0.866025403784439,1.,0.866025403784439,1.,0.866025403784439,1.,0.866025403784439,
1.,0.866025403784439,1.,0.866025403784439,1.,0.866025403784439,1.,0.866025403784439,
1.,0.866025403784439,1.,0.866025403784439,1.,0.866025403784439,1.,0.866025403784439,
1.,0.866025403784439,1.,0.866025403784439,1.,0.866025403784439,1.,0.866025403784439,
1.,0.866025403784439,1.,0.866025403784439,1.,0.866025403784439,1.,0.866025403784439,
1.,0.866025403784439,1.,0.866025403784439,1.,0.866025403784439,1.,0.866025403784439,
1.,0.866025403784439,1.,0.866025403784439,1.,0.866025403784439,1.,0.866025403784439,
1.,0.866025403784439,1.,0.866025403784439,1.,0.866025403784439,1.,0.866025403784439,
1.,0.866025403784439,1.,0.866025403784439,1.,0.866025403784439,1.,0.866025403784439,
1.,0.866025403784439,1.,0.866025403784439,1.,0.866025403784439,1.,0.866025403784439,
1.,0.866025403784439,1.,0.866025403784439,1.,0.866025403784439,1.,0.866025403784439,
1.,0.866025403784439,1.,0.866025403784439,1.,0.866025403784439,1.,0.866025403784439,
1.,0.866025403784439,1.,0.866025403784439,1.,0.866025403784439,1.))
REPRESENTATION_ITEM('')
);
#102=(
BOUNDED_CURVE()
B_SPLINE_CURVE(2,(#2036,#2037,#2038,#2039,#2040,#2041,#2042,#2043,#2044,
#2045,#2046,#2047,#2048,#2049,#2050,#2051,#2052,#2053,#2054,#2055,#2056,
#2057,#2058,#2059,#2060,#2061,#2062,#2063,#2064,#2065,#2066,#2067,#2068,
#2069,#2070,#2071,#2072,#2073,#2074,#2075,#2076,#2077,#2078,#2079,#2080,
#2081,#2082,#2083,#2084,#2085,#2086,#2087,#2088,#2089,#2090,#2091,#2092,
#2093,#2094,#2095,#2096,#2097,#2098,#2099,#2100,#2101,#2102,#2103,#2104,
#2105,#2106,#2107,#2108,#2109,#2110,#2111,#2112,#2113,#2114,#2115,#2116,
#2117,#2118,#2119,#2120,#2121,#2122,#2123,#2124,#2125,#2126,#2127,#2128,
#2129,#2130,#2131,#2132,#2133,#2134,#2135,#2136,#2137,#2138,#2139,#2140,
#2141,#2142,#2143,#2144),.UNSPECIFIED.,.F.,.F.)
B_SPLINE_CURVE_WITH_KNOTS((3,2,2,2,2,2,2,2,2,2,2,2,2,2,2,2,2,2,2,2,2,2,
2,2,2,2,2,2,2,2,2,2,2,2,2,2,2,2,2,2,2,2,2,2,2,2,2,2,2,2,2,2,2,2,3),(0.,
0.0185185185185185,0.037037037037037,0.0555555555555556,0.0740740740740741,
0.0925925925925926,0.111111111111111,0.12962962962963,0.148148148148148,
0.166666666666667,0.185185185185185,0.203703703703703,0.222222222222222,
0.240740740740741,0.25925925925926,0.277777777777778,0.296296296296297,
0.314814814814815,0.333333333333334,0.351851851851852,0.370370370370371,
0.388888888888889,0.407407407407407,0.425925925925926,0.444444444444444,
0.462962962962963,0.481481481481482,0.5,0.518518518518519,0.537037037037037,
0.555555555555556,0.574074074074074,0.592592592592593,0.611111111111111,
0.62962962962963,0.648148148148148,0.666666666666667,0.685185185185185,
0.703703703703704,0.722222222222222,0.740740740740741,0.759259259259259,
0.777777777777778,0.796296296296296,0.814814814814815,0.833333333333333,
0.851851851851852,0.87037037037037,0.888888888888889,0.907407407407407,
0.925925925925926,0.944444444444444,0.962962962962963,0.981481481481482,
1.),.UNSPECIFIED.)
CURVE()
GEOMETRIC_REPRESENTATION_ITEM()
RATIONAL_B_SPLINE_CURVE((1.,0.866025403784439,1.,0.866025403784439,1.,0.866025403784439,
1.,0.866025403784439,1.,0.866025403784439,1.,0.866025403784439,1.,0.866025403784439,
1.,0.866025403784439,1.,0.866025403784439,1.,0.866025403784439,1.,0.866025403784439,
1.,0.866025403784439,1.,0.866025403784439,1.,0.866025403784439,1.,0.866025403784439,
1.,0.866025403784439,1.,0.866025403784439,1.,0.866025403784439,1.,0.866025403784439,
1.,0.866025403784439,1.,0.866025403784439,1.,0.866025403784439,1.,0.866025403784439,
1.,0.866025403784439,1.,0.866025403784439,1.,0.866025403784439,1.,0.866025403784439,
1.,0.866025403784439,1.,0.866025403784439,1.,0.866025403784439,1.,0.866025403784439,
1.,0.866025403784439,1.,0.866025403784439,1.,0.866025403784439,1.,0.866025403784439,
1.,0.866025403784439,1.,0.866025403784439,1.,0.866025403784439,1.,0.866025403784439,
1.,0.866025403784439,1.,0.866025403784439,1.,0.866025403784439,1.,0.866025403784439,
1.,0.866025403784439,1.,0.866025403784439,1.,0.866025403784439,1.,0.866025403784439,
1.,0.866025403784439,1.,0.866025403784439,1.,0.866025403784439,1.,0.866025403784439,
1.,0.866025403784439,1.,0.866025403784439,1.,0.866025403784439,1.))
REPRESENTATION_ITEM('')
);
#103=(
BOUNDED_CURVE()
B_SPLINE_CURVE(2,(#2148,#2149,#2150,#2151,#2152,#2153,#2154,#2155,#2156,
#2157,#2158,#2159,#2160,#2161,#2162,#2163,#2164,#2165,#2166,#2167,#2168,
#2169,#2170,#2171,#2172,#2173,#2174,#2175,#2176,#2177,#2178,#2179,#2180,
#2181,#2182,#2183,#2184,#2185,#2186,#2187,#2188,#2189,#2190,#2191,#2192,
#2193,#2194,#2195,#2196,#2197,#2198,#2199,#2200,#2201,#2202,#2203,#2204,
#2205,#2206,#2207,#2208,#2209,#2210,#2211,#2212,#2213,#2214,#2215,#2216,
#2217,#2218,#2219,#2220,#2221,#2222,#2223,#2224,#2225,#2226,#2227,#2228,
#2229,#2230,#2231,#2232,#2233,#2234,#2235,#2236,#2237,#2238,#2239,#2240,
#2241,#2242,#2243,#2244,#2245,#2246,#2247,#2248,#2249,#2250,#2251,#2252,
#2253,#2254,#2255,#2256),.UNSPECIFIED.,.F.,.F.)
B_SPLINE_CURVE_WITH_KNOTS((3,2,2,2,2,2,2,2,2,2,2,2,2,2,2,2,2,2,2,2,2,2,
2,2,2,2,2,2,2,2,2,2,2,2,2,2,2,2,2,2,2,2,2,2,2,2,2,2,2,2,2,2,2,2,3),(0.,
0.0185185185185185,0.037037037037037,0.0555555555555556,0.0740740740740741,
0.0925925925925926,0.111111111111111,0.12962962962963,0.148148148148148,
0.166666666666667,0.185185185185185,0.203703703703703,0.222222222222222,
0.240740740740741,0.25925925925926,0.277777777777778,0.296296296296297,
0.314814814814815,0.333333333333334,0.351851851851852,0.370370370370371,
0.388888888888889,0.407407407407407,0.425925925925926,0.444444444444444,
0.462962962962963,0.481481481481482,0.5,0.518518518518519,0.537037037037037,
0.555555555555556,0.574074074074074,0.592592592592593,0.611111111111111,
0.62962962962963,0.648148148148148,0.666666666666667,0.685185185185185,
0.703703703703704,0.722222222222222,0.740740740740741,0.759259259259259,
0.777777777777778,0.796296296296296,0.814814814814815,0.833333333333333,
0.851851851851852,0.87037037037037,0.888888888888889,0.907407407407407,
0.925925925925926,0.944444444444444,0.962962962962963,0.981481481481482,
1.),.UNSPECIFIED.)
CURVE()
GEOMETRIC_REPRESENTATION_ITEM()
RATIONAL_B_SPLINE_CURVE((1.,0.866025403784439,1.,0.866025403784439,1.,0.866025403784439,
1.,0.866025403784439,1.,0.866025403784439,1.,0.866025403784439,1.,0.866025403784439,
1.,0.866025403784439,1.,0.866025403784439,1.,0.866025403784439,1.,0.866025403784439,
1.,0.866025403784439,1.,0.866025403784439,1.,0.866025403784439,1.,0.866025403784439,
1.,0.866025403784439,1.,0.866025403784439,1.,0.866025403784439,1.,0.866025403784439,
1.,0.866025403784439,1.,0.866025403784439,1.,0.866025403784439,1.,0.866025403784439,
1.,0.866025403784439,1.,0.866025403784439,1.,0.866025403784439,1.,0.866025403784439,
1.,0.866025403784439,1.,0.866025403784439,1.,0.866025403784439,1.,0.866025403784439,
1.,0.866025403784439,1.,0.866025403784439,1.,0.866025403784439,1.,0.866025403784439,
1.,0.866025403784439,1.,0.866025403784439,1.,0.866025403784439,1.,0.866025403784439,
1.,0.866025403784439,1.,0.866025403784439,1.,0.866025403784439,1.,0.866025403784439,
1.,0.866025403784439,1.,0.866025403784439,1.,0.866025403784439,1.,0.866025403784439,
1.,0.866025403784439,1.,0.866025403784439,1.,0.866025403784439,1.,0.866025403784439,
1.,0.866025403784439,1.,0.866025403784439,1.,0.866025403784439,1.))
REPRESENTATION_ITEM('')
);
#104=(
BOUNDED_CURVE()
B_SPLINE_CURVE(2,(#2261,#2262,#2263,#2264,#2265,#2266,#2267,#2268,#2269,
#2270,#2271,#2272,#2273,#2274,#2275,#2276,#2277,#2278,#2279,#2280,#2281,
#2282,#2283,#2284,#2285,#2286,#2287,#2288,#2289,#2290,#2291,#2292,#2293,
#2294,#2295,#2296,#2297,#2298,#2299,#2300,#2301,#2302,#2303,#2304,#2305,
#2306,#2307,#2308,#2309,#2310,#2311,#2312,#2313,#2314,#2315,#2316,#2317,
#2318,#2319,#2320,#2321,#2322,#2323,#2324,#2325,#2326,#2327,#2328,#2329,
#2330,#2331,#2332,#2333,#2334,#2335,#2336,#2337,#2338,#2339,#2340,#2341,
#2342,#2343,#2344,#2345,#2346,#2347,#2348,#2349,#2350,#2351,#2352,#2353,
#2354,#2355,#2356,#2357,#2358,#2359,#2360,#2361,#2362,#2363,#2364,#2365,
#2366,#2367,#2368,#2369),.UNSPECIFIED.,.F.,.F.)
B_SPLINE_CURVE_WITH_KNOTS((3,2,2,2,2,2,2,2,2,2,2,2,2,2,2,2,2,2,2,2,2,2,
2,2,2,2,2,2,2,2,2,2,2,2,2,2,2,2,2,2,2,2,2,2,2,2,2,2,2,2,2,2,2,2,3),(0.,
0.0185185185185185,0.037037037037037,0.0555555555555556,0.0740740740740741,
0.0925925925925926,0.111111111111111,0.12962962962963,0.148148148148148,
0.166666666666667,0.185185185185185,0.203703703703703,0.222222222222222,
0.240740740740741,0.25925925925926,0.277777777777778,0.296296296296297,
0.314814814814815,0.333333333333334,0.351851851851852,0.370370370370371,
0.388888888888889,0.407407407407407,0.425925925925926,0.444444444444444,
0.462962962962963,0.481481481481482,0.5,0.518518518518519,0.537037037037037,
0.555555555555556,0.574074074074074,0.592592592592593,0.611111111111111,
0.62962962962963,0.648148148148148,0.666666666666667,0.685185185185185,
0.703703703703704,0.722222222222222,0.740740740740741,0.759259259259259,
0.777777777777778,0.796296296296296,0.814814814814815,0.833333333333333,
0.851851851851852,0.87037037037037,0.888888888888889,0.907407407407407,
0.925925925925926,0.944444444444444,0.962962962962963,0.981481481481482,
1.),.UNSPECIFIED.)
CURVE()
GEOMETRIC_REPRESENTATION_ITEM()
RATIONAL_B_SPLINE_CURVE((1.,0.866025403784439,1.,0.866025403784439,1.,0.866025403784439,
1.,0.866025403784439,1.,0.866025403784439,1.,0.866025403784439,1.,0.866025403784439,
1.,0.866025403784439,1.,0.866025403784439,1.,0.866025403784439,1.,0.866025403784439,
1.,0.866025403784439,1.,0.866025403784439,1.,0.866025403784439,1.,0.866025403784439,
1.,0.866025403784439,1.,0.866025403784439,1.,0.866025403784439,1.,0.866025403784439,
1.,0.866025403784439,1.,0.866025403784439,1.,0.866025403784439,1.,0.866025403784439,
1.,0.866025403784439,1.,0.866025403784439,1.,0.866025403784439,1.,0.866025403784439,
1.,0.866025403784439,1.,0.866025403784439,1.,0.866025403784439,1.,0.866025403784439,
1.,0.866025403784439,1.,0.866025403784439,1.,0.866025403784439,1.,0.866025403784439,
1.,0.866025403784439,1.,0.866025403784439,1.,0.866025403784439,1.,0.866025403784439,
1.,0.866025403784439,1.,0.866025403784439,1.,0.866025403784439,1.,0.866025403784439,
1.,0.866025403784439,1.,0.866025403784439,1.,0.866025403784439,1.,0.866025403784439,
1.,0.866025403784439,1.,0.866025403784439,1.,0.866025403784439,1.,0.866025403784439,
1.,0.866025403784439,1.,0.866025403784439,1.,0.866025403784439,1.))
REPRESENTATION_ITEM('')
);
#105=(
BOUNDED_CURVE()
B_SPLINE_CURVE(2,(#2373,#2374,#2375,#2376,#2377,#2378,#2379,#2380,#2381,
#2382,#2383,#2384,#2385,#2386,#2387,#2388,#2389,#2390,#2391,#2392,#2393,
#2394,#2395,#2396,#2397,#2398,#2399,#2400,#2401,#2402,#2403,#2404,#2405,
#2406,#2407,#2408,#2409,#2410,#2411,#2412,#2413,#2414,#2415,#2416,#2417,
#2418,#2419,#2420,#2421,#2422,#2423,#2424,#2425,#2426,#2427,#2428,#2429,
#2430,#2431,#2432,#2433,#2434,#2435,#2436,#2437,#2438,#2439,#2440,#2441,
#2442,#2443,#2444,#2445,#2446,#2447,#2448,#2449,#2450,#2451,#2452,#2453,
#2454,#2455,#2456,#2457,#2458,#2459,#2460,#2461,#2462,#2463,#2464,#2465,
#2466,#2467,#2468,#2469,#2470,#2471,#2472,#2473,#2474,#2475,#2476,#2477,
#2478,#2479,#2480,#2481),.UNSPECIFIED.,.F.,.F.)
B_SPLINE_CURVE_WITH_KNOTS((3,2,2,2,2,2,2,2,2,2,2,2,2,2,2,2,2,2,2,2,2,2,
2,2,2,2,2,2,2,2,2,2,2,2,2,2,2,2,2,2,2,2,2,2,2,2,2,2,2,2,2,2,2,2,3),(0.,
0.0185185185185185,0.037037037037037,0.0555555555555556,0.0740740740740741,
0.0925925925925926,0.111111111111111,0.12962962962963,0.148148148148148,
0.166666666666667,0.185185185185185,0.203703703703703,0.222222222222222,
0.240740740740741,0.25925925925926,0.277777777777778,0.296296296296297,
0.314814814814815,0.333333333333334,0.351851851851852,0.370370370370371,
0.388888888888889,0.407407407407407,0.425925925925926,0.444444444444444,
0.462962962962963,0.481481481481482,0.5,0.518518518518519,0.537037037037037,
0.555555555555556,0.574074074074074,0.592592592592593,0.611111111111111,
0.62962962962963,0.648148148148148,0.666666666666667,0.685185185185185,
0.703703703703704,0.722222222222222,0.740740740740741,0.759259259259259,
0.777777777777778,0.796296296296296,0.814814814814815,0.833333333333333,
0.851851851851852,0.87037037037037,0.888888888888889,0.907407407407407,
0.925925925925926,0.944444444444444,0.962962962962963,0.981481481481482,
1.),.UNSPECIFIED.)
CURVE()
GEOMETRIC_REPRESENTATION_ITEM()
RATIONAL_B_SPLINE_CURVE((1.,0.866025403784439,1.,0.866025403784439,1.,0.866025403784439,
1.,0.866025403784439,1.,0.866025403784439,1.,0.866025403784439,1.,0.866025403784439,
1.,0.866025403784439,1.,0.866025403784439,1.,0.866025403784439,1.,0.866025403784439,
1.,0.866025403784439,1.,0.866025403784439,1.,0.866025403784439,1.,0.866025403784439,
1.,0.866025403784439,1.,0.866025403784439,1.,0.866025403784439,1.,0.866025403784439,
1.,0.866025403784439,1.,0.866025403784439,1.,0.866025403784439,1.,0.866025403784439,
1.,0.866025403784439,1.,0.866025403784439,1.,0.866025403784439,1.,0.866025403784439,
1.,0.866025403784439,1.,0.866025403784439,1.,0.866025403784439,1.,0.866025403784439,
1.,0.866025403784439,1.,0.866025403784439,1.,0.866025403784439,1.,0.866025403784439,
1.,0.866025403784439,1.,0.866025403784439,1.,0.866025403784439,1.,0.866025403784439,
1.,0.866025403784439,1.,0.866025403784439,1.,0.866025403784439,1.,0.866025403784439,
1.,0.866025403784439,1.,0.866025403784439,1.,0.866025403784439,1.,0.866025403784439,
1.,0.866025403784439,1.,0.866025403784439,1.,0.866025403784439,1.,0.866025403784439,
1.,0.866025403784439,1.,0.866025403784439,1.,0.866025403784439,1.))
REPRESENTATION_ITEM('')
);
#106=(
BOUNDED_CURVE()
B_SPLINE_CURVE(2,(#2486,#2487,#2488,#2489,#2490,#2491,#2492,#2493,#2494,
#2495,#2496,#2497,#2498,#2499,#2500,#2501,#2502,#2503,#2504,#2505,#2506,
#2507,#2508,#2509,#2510,#2511,#2512,#2513,#2514,#2515,#2516,#2517,#2518,
#2519,#2520,#2521,#2522,#2523,#2524,#2525,#2526,#2527,#2528,#2529,#2530,
#2531,#2532,#2533,#2534,#2535,#2536,#2537,#2538,#2539,#2540,#2541,#2542,
#2543,#2544,#2545,#2546,#2547,#2548,#2549,#2550,#2551,#2552,#2553,#2554,
#2555,#2556,#2557,#2558,#2559,#2560,#2561,#2562,#2563,#2564,#2565,#2566,
#2567,#2568,#2569,#2570,#2571,#2572,#2573,#2574,#2575,#2576,#2577,#2578,
#2579,#2580,#2581,#2582,#2583,#2584,#2585,#2586,#2587,#2588,#2589,#2590,
#2591,#2592,#2593,#2594),.UNSPECIFIED.,.F.,.F.)
B_SPLINE_CURVE_WITH_KNOTS((3,2,2,2,2,2,2,2,2,2,2,2,2,2,2,2,2,2,2,2,2,2,
2,2,2,2,2,2,2,2,2,2,2,2,2,2,2,2,2,2,2,2,2,2,2,2,2,2,2,2,2,2,2,2,3),(0.,
0.0185185185185185,0.037037037037037,0.0555555555555556,0.0740740740740741,
0.0925925925925926,0.111111111111111,0.12962962962963,0.148148148148148,
0.166666666666667,0.185185185185185,0.203703703703703,0.222222222222222,
0.240740740740741,0.25925925925926,0.277777777777778,0.296296296296297,
0.314814814814815,0.333333333333334,0.351851851851852,0.370370370370371,
0.388888888888889,0.407407407407407,0.425925925925926,0.444444444444444,
0.462962962962963,0.481481481481482,0.5,0.518518518518519,0.537037037037037,
0.555555555555556,0.574074074074074,0.592592592592593,0.611111111111111,
0.62962962962963,0.648148148148148,0.666666666666667,0.685185185185185,
0.703703703703704,0.722222222222222,0.740740740740741,0.759259259259259,
0.777777777777778,0.796296296296296,0.814814814814815,0.833333333333333,
0.851851851851852,0.87037037037037,0.888888888888889,0.907407407407407,
0.925925925925926,0.944444444444444,0.962962962962963,0.981481481481482,
1.),.UNSPECIFIED.)
CURVE()
GEOMETRIC_REPRESENTATION_ITEM()
RATIONAL_B_SPLINE_CURVE((1.,0.866025403784439,1.,0.866025403784439,1.,0.866025403784439,
1.,0.866025403784439,1.,0.866025403784439,1.,0.866025403784439,1.,0.866025403784439,
1.,0.866025403784439,1.,0.866025403784439,1.,0.866025403784439,1.,0.866025403784439,
1.,0.866025403784439,1.,0.866025403784439,1.,0.866025403784439,1.,0.866025403784439,
1.,0.866025403784439,1.,0.866025403784439,1.,0.866025403784439,1.,0.866025403784439,
1.,0.866025403784439,1.,0.866025403784439,1.,0.866025403784439,1.,0.866025403784439,
1.,0.866025403784439,1.,0.866025403784439,1.,0.866025403784439,1.,0.866025403784439,
1.,0.866025403784439,1.,0.866025403784439,1.,0.866025403784439,1.,0.866025403784439,
1.,0.866025403784439,1.,0.866025403784439,1.,0.866025403784439,1.,0.866025403784439,
1.,0.866025403784439,1.,0.866025403784439,1.,0.866025403784439,1.,0.866025403784439,
1.,0.866025403784439,1.,0.866025403784439,1.,0.866025403784439,1.,0.866025403784439,
1.,0.866025403784439,1.,0.866025403784439,1.,0.866025403784439,1.,0.866025403784439,
1.,0.866025403784439,1.,0.866025403784439,1.,0.866025403784439,1.,0.866025403784439,
1.,0.866025403784439,1.,0.866025403784439,1.,0.866025403784439,1.))
REPRESENTATION_ITEM('')
);
#107=(
BOUNDED_CURVE()
B_SPLINE_CURVE(2,(#2598,#2599,#2600,#2601,#2602,#2603,#2604,#2605,#2606,
#2607,#2608,#2609,#2610,#2611,#2612,#2613,#2614,#2615,#2616,#2617,#2618,
#2619,#2620,#2621,#2622,#2623,#2624,#2625,#2626,#2627,#2628,#2629,#2630,
#2631,#2632,#2633,#2634,#2635,#2636,#2637,#2638,#2639,#2640,#2641,#2642,
#2643,#2644,#2645,#2646,#2647,#2648,#2649,#2650,#2651,#2652,#2653,#2654,
#2655,#2656,#2657,#2658,#2659,#2660,#2661,#2662,#2663,#2664,#2665,#2666,
#2667,#2668,#2669,#2670,#2671,#2672,#2673,#2674,#2675,#2676,#2677,#2678,
#2679,#2680,#2681,#2682,#2683,#2684,#2685,#2686,#2687,#2688,#2689,#2690,
#2691,#2692,#2693,#2694,#2695,#2696,#2697,#2698,#2699,#2700,#2701,#2702,
#2703,#2704,#2705,#2706),.UNSPECIFIED.,.F.,.F.)
B_SPLINE_CURVE_WITH_KNOTS((3,2,2,2,2,2,2,2,2,2,2,2,2,2,2,2,2,2,2,2,2,2,
2,2,2,2,2,2,2,2,2,2,2,2,2,2,2,2,2,2,2,2,2,2,2,2,2,2,2,2,2,2,2,2,3),(0.,
0.0185185185185185,0.037037037037037,0.0555555555555556,0.0740740740740741,
0.0925925925925926,0.111111111111111,0.12962962962963,0.148148148148148,
0.166666666666667,0.185185185185185,0.203703703703703,0.222222222222222,
0.240740740740741,0.25925925925926,0.277777777777778,0.296296296296297,
0.314814814814815,0.333333333333334,0.351851851851852,0.370370370370371,
0.388888888888889,0.407407407407407,0.425925925925926,0.444444444444444,
0.462962962962963,0.481481481481482,0.5,0.518518518518519,0.537037037037037,
0.555555555555556,0.574074074074074,0.592592592592593,0.611111111111111,
0.62962962962963,0.648148148148148,0.666666666666667,0.685185185185185,
0.703703703703704,0.722222222222222,0.740740740740741,0.759259259259259,
0.777777777777778,0.796296296296296,0.814814814814815,0.833333333333333,
0.851851851851852,0.87037037037037,0.888888888888889,0.907407407407407,
0.925925925925926,0.944444444444444,0.962962962962963,0.981481481481482,
1.),.UNSPECIFIED.)
CURVE()
GEOMETRIC_REPRESENTATION_ITEM()
RATIONAL_B_SPLINE_CURVE((1.,0.866025403784439,1.,0.866025403784439,1.,0.866025403784439,
1.,0.866025403784439,1.,0.866025403784439,1.,0.866025403784439,1.,0.866025403784439,
1.,0.866025403784439,1.,0.866025403784439,1.,0.866025403784439,1.,0.866025403784439,
1.,0.866025403784439,1.,0.866025403784439,1.,0.866025403784439,1.,0.866025403784439,
1.,0.866025403784439,1.,0.866025403784439,1.,0.866025403784439,1.,0.866025403784439,
1.,0.866025403784439,1.,0.866025403784439,1.,0.866025403784439,1.,0.866025403784439,
1.,0.866025403784439,1.,0.866025403784439,1.,0.866025403784439,1.,0.866025403784439,
1.,0.866025403784439,1.,0.866025403784439,1.,0.866025403784439,1.,0.866025403784439,
1.,0.866025403784439,1.,0.866025403784439,1.,0.866025403784439,1.,0.866025403784439,
1.,0.866025403784439,1.,0.866025403784439,1.,0.866025403784439,1.,0.866025403784439,
1.,0.866025403784439,1.,0.866025403784439,1.,0.866025403784439,1.,0.866025403784439,
1.,0.866025403784439,1.,0.866025403784439,1.,0.866025403784439,1.,0.866025403784439,
1.,0.866025403784439,1.,0.866025403784439,1.,0.866025403784439,1.,0.866025403784439,
1.,0.866025403784439,1.,0.866025403784439,1.,0.866025403784439,1.))
REPRESENTATION_ITEM('')
);
#108=(
BOUNDED_CURVE()
B_SPLINE_CURVE(2,(#2734,#2735,#2736,#2737,#2738,#2739,#2740,#2741,#2742,
#2743,#2744,#2745,#2746,#2747,#2748,#2749,#2750,#2751,#2752,#2753,#2754,
#2755,#2756,#2757,#2758,#2759,#2760,#2761,#2762,#2763,#2764,#2765,#2766,
#2767,#2768,#2769,#2770,#2771,#2772,#2773,#2774,#2775,#2776,#2777,#2778,
#2779,#2780,#2781,#2782,#2783,#2784,#2785,#2786,#2787,#2788,#2789,#2790,
#2791,#2792,#2793,#2794,#2795,#2796,#2797,#2798,#2799,#2800,#2801,#2802,
#2803,#2804,#2805,#2806,#2807,#2808,#2809,#2810,#2811,#2812,#2813,#2814,
#2815,#2816,#2817,#2818,#2819,#2820,#2821,#2822,#2823,#2824,#2825,#2826,
#2827,#2828,#2829,#2830,#2831,#2832,#2833,#2834,#2835,#2836,#2837,#2838,
#2839,#2840,#2841,#2842),.UNSPECIFIED.,.F.,.F.)
B_SPLINE_CURVE_WITH_KNOTS((3,2,2,2,2,2,2,2,2,2,2,2,2,2,2,2,2,2,2,2,2,2,
2,2,2,2,2,2,2,2,2,2,2,2,2,2,2,2,2,2,2,2,2,2,2,2,2,2,2,2,2,2,2,2,3),(0.,
0.0185185185185185,0.037037037037037,0.0555555555555556,0.0740740740740741,
0.0925925925925926,0.111111111111111,0.12962962962963,0.148148148148148,
0.166666666666667,0.185185185185185,0.203703703703703,0.222222222222222,
0.240740740740741,0.25925925925926,0.277777777777778,0.296296296296297,
0.314814814814815,0.333333333333334,0.351851851851852,0.370370370370371,
0.388888888888889,0.407407407407407,0.425925925925926,0.444444444444444,
0.462962962962963,0.481481481481482,0.5,0.518518518518519,0.537037037037037,
0.555555555555556,0.574074074074074,0.592592592592593,0.611111111111111,
0.62962962962963,0.648148148148148,0.666666666666667,0.685185185185185,
0.703703703703704,0.722222222222222,0.740740740740741,0.759259259259259,
0.777777777777778,0.796296296296296,0.814814814814815,0.833333333333333,
0.851851851851852,0.87037037037037,0.888888888888889,0.907407407407407,
0.925925925925926,0.944444444444444,0.962962962962963,0.981481481481482,
1.),.UNSPECIFIED.)
CURVE()
GEOMETRIC_REPRESENTATION_ITEM()
RATIONAL_B_SPLINE_CURVE((1.,0.866025403784439,1.,0.866025403784439,1.,0.866025403784439,
1.,0.866025403784439,1.,0.866025403784439,1.,0.866025403784439,1.,0.866025403784439,
1.,0.866025403784439,1.,0.866025403784439,1.,0.866025403784439,1.,0.866025403784439,
1.,0.866025403784439,1.,0.866025403784439,1.,0.866025403784439,1.,0.866025403784439,
1.,0.866025403784439,1.,0.866025403784439,1.,0.866025403784439,1.,0.866025403784439,
1.,0.866025403784439,1.,0.866025403784439,1.,0.866025403784439,1.,0.866025403784439,
1.,0.866025403784439,1.,0.866025403784439,1.,0.866025403784439,1.,0.866025403784439,
1.,0.866025403784439,1.,0.866025403784439,1.,0.866025403784439,1.,0.866025403784439,
1.,0.866025403784439,1.,0.866025403784439,1.,0.866025403784439,1.,0.866025403784439,
1.,0.866025403784439,1.,0.866025403784439,1.,0.866025403784439,1.,0.866025403784439,
1.,0.866025403784439,1.,0.866025403784439,1.,0.866025403784439,1.,0.866025403784439,
1.,0.866025403784439,1.,0.866025403784439,1.,0.866025403784439,1.,0.866025403784439,
1.,0.866025403784439,1.,0.866025403784439,1.,0.866025403784439,1.,0.866025403784439,
1.,0.866025403784439,1.,0.866025403784439,1.,0.866025403784439,1.))
REPRESENTATION_ITEM('')
);
#109=(
BOUNDED_CURVE()
B_SPLINE_CURVE(2,(#2843,#2844,#2845,#2846,#2847,#2848,#2849,#2850,#2851,
#2852,#2853,#2854,#2855,#2856,#2857,#2858,#2859,#2860,#2861,#2862,#2863,
#2864,#2865,#2866,#2867,#2868,#2869,#2870,#2871,#2872,#2873,#2874,#2875,
#2876,#2877,#2878,#2879,#2880,#2881,#2882,#2883,#2884,#2885,#2886,#2887,
#2888,#2889,#2890,#2891,#2892,#2893,#2894,#2895,#2896,#2897,#2898,#2899,
#2900,#2901,#2902,#2903,#2904,#2905,#2906,#2907,#2908,#2909,#2910,#2911,
#2912,#2913,#2914,#2915,#2916,#2917,#2918,#2919,#2920,#2921,#2922,#2923,
#2924,#2925,#2926,#2927,#2928,#2929,#2930,#2931,#2932,#2933,#2934,#2935,
#2936,#2937,#2938,#2939,#2940,#2941,#2942,#2943,#2944,#2945,#2946,#2947,
#2948,#2949,#2950,#2951),.UNSPECIFIED.,.F.,.F.)
B_SPLINE_CURVE_WITH_KNOTS((3,2,2,2,2,2,2,2,2,2,2,2,2,2,2,2,2,2,2,2,2,2,
2,2,2,2,2,2,2,2,2,2,2,2,2,2,2,2,2,2,2,2,2,2,2,2,2,2,2,2,2,2,2,2,3),(0.,
0.0185185185185185,0.037037037037037,0.0555555555555556,0.0740740740740741,
0.0925925925925926,0.111111111111111,0.12962962962963,0.148148148148148,
0.166666666666667,0.185185185185185,0.203703703703703,0.222222222222222,
0.240740740740741,0.25925925925926,0.277777777777778,0.296296296296297,
0.314814814814815,0.333333333333334,0.351851851851852,0.370370370370371,
0.388888888888889,0.407407407407407,0.425925925925926,0.444444444444444,
0.462962962962963,0.481481481481482,0.5,0.518518518518519,0.537037037037037,
0.555555555555556,0.574074074074074,0.592592592592593,0.611111111111111,
0.62962962962963,0.648148148148148,0.666666666666667,0.685185185185185,
0.703703703703704,0.722222222222222,0.740740740740741,0.759259259259259,
0.777777777777778,0.796296296296296,0.814814814814815,0.833333333333333,
0.851851851851852,0.87037037037037,0.888888888888889,0.907407407407407,
0.925925925925926,0.944444444444444,0.962962962962963,0.981481481481482,
1.),.UNSPECIFIED.)
CURVE()
GEOMETRIC_REPRESENTATION_ITEM()
RATIONAL_B_SPLINE_CURVE((1.,0.866025403784439,1.,0.866025403784439,1.,0.866025403784439,
1.,0.866025403784439,1.,0.866025403784439,1.,0.866025403784439,1.,0.866025403784439,
1.,0.866025403784439,1.,0.866025403784439,1.,0.866025403784439,1.,0.866025403784439,
1.,0.866025403784439,1.,0.866025403784439,1.,0.866025403784439,1.,0.866025403784439,
1.,0.866025403784439,1.,0.866025403784439,1.,0.866025403784439,1.,0.866025403784439,
1.,0.866025403784439,1.,0.866025403784439,1.,0.866025403784439,1.,0.866025403784439,
1.,0.866025403784439,1.,0.866025403784439,1.,0.866025403784439,1.,0.866025403784439,
1.,0.866025403784439,1.,0.866025403784439,1.,0.866025403784439,1.,0.866025403784439,
1.,0.866025403784439,1.,0.866025403784439,1.,0.866025403784439,1.,0.866025403784439,
1.,0.866025403784439,1.,0.866025403784439,1.,0.866025403784439,1.,0.866025403784439,
1.,0.866025403784439,1.,0.866025403784439,1.,0.866025403784439,1.,0.866025403784439,
1.,0.866025403784439,1.,0.866025403784439,1.,0.866025403784439,1.,0.866025403784439,
1.,0.866025403784439,1.,0.866025403784439,1.,0.866025403784439,1.,0.866025403784439,
1.,0.866025403784439,1.,0.866025403784439,1.,0.866025403784439,1.))
REPRESENTATION_ITEM('')
);
#110=(
BOUNDED_CURVE()
B_SPLINE_CURVE(2,(#2953,#2954,#2955,#2956,#2957,#2958,#2959,#2960,#2961,
#2962,#2963,#2964,#2965,#2966,#2967,#2968,#2969,#2970,#2971,#2972,#2973,
#2974,#2975,#2976,#2977,#2978,#2979,#2980,#2981,#2982,#2983,#2984,#2985,
#2986,#2987,#2988,#2989,#2990,#2991,#2992,#2993,#2994,#2995,#2996,#2997,
#2998,#2999,#3000,#3001,#3002,#3003,#3004,#3005,#3006,#3007,#3008,#3009,
#3010,#3011,#3012,#3013,#3014,#3015,#3016,#3017,#3018,#3019,#3020,#3021,
#3022,#3023,#3024,#3025,#3026,#3027,#3028,#3029,#3030,#3031,#3032,#3033,
#3034,#3035,#3036,#3037,#3038,#3039,#3040,#3041,#3042,#3043,#3044,#3045,
#3046,#3047,#3048,#3049,#3050,#3051,#3052,#3053,#3054,#3055,#3056,#3057,
#3058,#3059,#3060,#3061),.UNSPECIFIED.,.F.,.F.)
B_SPLINE_CURVE_WITH_KNOTS((3,2,2,2,2,2,2,2,2,2,2,2,2,2,2,2,2,2,2,2,2,2,
2,2,2,2,2,2,2,2,2,2,2,2,2,2,2,2,2,2,2,2,2,2,2,2,2,2,2,2,2,2,2,2,3),(0.,
0.0185185185185185,0.037037037037037,0.0555555555555556,0.0740740740740741,
0.0925925925925926,0.111111111111111,0.12962962962963,0.148148148148148,
0.166666666666667,0.185185185185185,0.203703703703703,0.222222222222222,
0.240740740740741,0.25925925925926,0.277777777777778,0.296296296296297,
0.314814814814815,0.333333333333334,0.351851851851852,0.370370370370371,
0.388888888888889,0.407407407407407,0.425925925925926,0.444444444444444,
0.462962962962963,0.481481481481482,0.5,0.518518518518519,0.537037037037037,
0.555555555555556,0.574074074074074,0.592592592592593,0.611111111111111,
0.62962962962963,0.648148148148148,0.666666666666667,0.685185185185185,
0.703703703703704,0.722222222222222,0.740740740740741,0.759259259259259,
0.777777777777778,0.796296296296296,0.814814814814815,0.833333333333333,
0.851851851851852,0.87037037037037,0.888888888888889,0.907407407407407,
0.925925925925926,0.944444444444444,0.962962962962963,0.981481481481482,
1.),.UNSPECIFIED.)
CURVE()
GEOMETRIC_REPRESENTATION_ITEM()
RATIONAL_B_SPLINE_CURVE((1.,0.866025403784439,1.,0.866025403784439,1.,0.866025403784439,
1.,0.866025403784439,1.,0.866025403784439,1.,0.866025403784439,1.,0.866025403784439,
1.,0.866025403784439,1.,0.866025403784439,1.,0.866025403784439,1.,0.866025403784439,
1.,0.866025403784439,1.,0.866025403784439,1.,0.866025403784439,1.,0.866025403784439,
1.,0.866025403784439,1.,0.866025403784439,1.,0.866025403784439,1.,0.866025403784439,
1.,0.866025403784439,1.,0.866025403784439,1.,0.866025403784439,1.,0.866025403784439,
1.,0.866025403784439,1.,0.866025403784439,1.,0.866025403784439,1.,0.866025403784439,
1.,0.866025403784439,1.,0.866025403784439,1.,0.866025403784439,1.,0.866025403784439,
1.,0.866025403784439,1.,0.866025403784439,1.,0.866025403784439,1.,0.866025403784439,
1.,0.866025403784439,1.,0.866025403784439,1.,0.866025403784439,1.,0.866025403784439,
1.,0.866025403784439,1.,0.866025403784439,1.,0.866025403784439,1.,0.866025403784439,
1.,0.866025403784439,1.,0.866025403784439,1.,0.866025403784439,1.,0.866025403784439,
1.,0.866025403784439,1.,0.866025403784439,1.,0.866025403784439,1.,0.866025403784439,
1.,0.866025403784439,1.,0.866025403784439,1.,0.866025403784439,1.))
REPRESENTATION_ITEM('')
);
#111=(
BOUNDED_CURVE()
B_SPLINE_CURVE(2,(#3062,#3063,#3064,#3065,#3066,#3067,#3068,#3069,#3070,
#3071,#3072,#3073,#3074,#3075,#3076,#3077,#3078,#3079,#3080,#3081,#3082,
#3083,#3084,#3085,#3086,#3087,#3088,#3089,#3090,#3091,#3092,#3093,#3094,
#3095,#3096,#3097,#3098,#3099,#3100,#3101,#3102,#3103,#3104,#3105,#3106,
#3107,#3108,#3109,#3110,#3111,#3112,#3113,#3114,#3115,#3116,#3117,#3118,
#3119,#3120,#3121,#3122,#3123,#3124,#3125,#3126,#3127,#3128,#3129,#3130,
#3131,#3132,#3133,#3134,#3135,#3136,#3137,#3138,#3139,#3140,#3141,#3142,
#3143,#3144,#3145,#3146,#3147,#3148,#3149,#3150,#3151,#3152,#3153,#3154,
#3155,#3156,#3157,#3158,#3159,#3160,#3161,#3162,#3163,#3164,#3165,#3166,
#3167,#3168,#3169,#3170),.UNSPECIFIED.,.F.,.F.)
B_SPLINE_CURVE_WITH_KNOTS((3,2,2,2,2,2,2,2,2,2,2,2,2,2,2,2,2,2,2,2,2,2,
2,2,2,2,2,2,2,2,2,2,2,2,2,2,2,2,2,2,2,2,2,2,2,2,2,2,2,2,2,2,2,2,3),(0.,
0.0185185185185185,0.037037037037037,0.0555555555555556,0.0740740740740741,
0.0925925925925926,0.111111111111111,0.12962962962963,0.148148148148148,
0.166666666666667,0.185185185185185,0.203703703703703,0.222222222222222,
0.240740740740741,0.25925925925926,0.277777777777778,0.296296296296297,
0.314814814814815,0.333333333333334,0.351851851851852,0.370370370370371,
0.388888888888889,0.407407407407407,0.425925925925926,0.444444444444444,
0.462962962962963,0.481481481481482,0.5,0.518518518518519,0.537037037037037,
0.555555555555556,0.574074074074074,0.592592592592593,0.611111111111111,
0.62962962962963,0.648148148148148,0.666666666666667,0.685185185185185,
0.703703703703704,0.722222222222222,0.740740740740741,0.759259259259259,
0.777777777777778,0.796296296296296,0.814814814814815,0.833333333333333,
0.851851851851852,0.87037037037037,0.888888888888889,0.907407407407407,
0.925925925925926,0.944444444444444,0.962962962962963,0.981481481481482,
1.),.UNSPECIFIED.)
CURVE()
GEOMETRIC_REPRESENTATION_ITEM()
RATIONAL_B_SPLINE_CURVE((1.,0.866025403784439,1.,0.866025403784439,1.,0.866025403784439,
1.,0.866025403784439,1.,0.866025403784439,1.,0.866025403784439,1.,0.866025403784439,
1.,0.866025403784439,1.,0.866025403784439,1.,0.866025403784439,1.,0.866025403784439,
1.,0.866025403784439,1.,0.866025403784439,1.,0.866025403784439,1.,0.866025403784439,
1.,0.866025403784439,1.,0.866025403784439,1.,0.866025403784439,1.,0.866025403784439,
1.,0.866025403784439,1.,0.866025403784439,1.,0.866025403784439,1.,0.866025403784439,
1.,0.866025403784439,1.,0.866025403784439,1.,0.866025403784439,1.,0.866025403784439,
1.,0.866025403784439,1.,0.866025403784439,1.,0.866025403784439,1.,0.866025403784439,
1.,0.866025403784439,1.,0.866025403784439,1.,0.866025403784439,1.,0.866025403784439,
1.,0.866025403784439,1.,0.866025403784439,1.,0.866025403784439,1.,0.866025403784439,
1.,0.866025403784439,1.,0.866025403784439,1.,0.866025403784439,1.,0.866025403784439,
1.,0.866025403784439,1.,0.866025403784439,1.,0.866025403784439,1.,0.866025403784439,
1.,0.866025403784439,1.,0.866025403784439,1.,0.866025403784439,1.,0.866025403784439,
1.,0.866025403784439,1.,0.866025403784439,1.,0.866025403784439,1.))
REPRESENTATION_ITEM('')
);
#112=(
BOUNDED_CURVE()
B_SPLINE_CURVE(2,(#3172,#3173,#3174,#3175,#3176,#3177,#3178,#3179,#3180,
#3181,#3182,#3183,#3184,#3185,#3186,#3187,#3188,#3189,#3190,#3191,#3192,
#3193,#3194,#3195,#3196,#3197,#3198,#3199,#3200,#3201,#3202,#3203,#3204,
#3205,#3206,#3207,#3208,#3209,#3210,#3211,#3212,#3213,#3214,#3215,#3216,
#3217,#3218,#3219,#3220,#3221,#3222,#3223,#3224,#3225,#3226,#3227,#3228,
#3229,#3230,#3231,#3232,#3233,#3234,#3235,#3236,#3237,#3238,#3239,#3240,
#3241,#3242,#3243,#3244,#3245,#3246,#3247,#3248,#3249,#3250,#3251,#3252,
#3253,#3254,#3255,#3256,#3257,#3258,#3259,#3260,#3261,#3262,#3263,#3264,
#3265,#3266,#3267,#3268,#3269,#3270,#3271,#3272,#3273,#3274,#3275,#3276,
#3277,#3278,#3279,#3280),.UNSPECIFIED.,.F.,.F.)
B_SPLINE_CURVE_WITH_KNOTS((3,2,2,2,2,2,2,2,2,2,2,2,2,2,2,2,2,2,2,2,2,2,
2,2,2,2,2,2,2,2,2,2,2,2,2,2,2,2,2,2,2,2,2,2,2,2,2,2,2,2,2,2,2,2,3),(0.,
0.0185185185185185,0.037037037037037,0.0555555555555556,0.0740740740740741,
0.0925925925925926,0.111111111111111,0.12962962962963,0.148148148148148,
0.166666666666667,0.185185185185185,0.203703703703703,0.222222222222222,
0.240740740740741,0.25925925925926,0.277777777777778,0.296296296296297,
0.314814814814815,0.333333333333334,0.351851851851852,0.370370370370371,
0.388888888888889,0.407407407407407,0.425925925925926,0.444444444444444,
0.462962962962963,0.481481481481482,0.5,0.518518518518519,0.537037037037037,
0.555555555555556,0.574074074074074,0.592592592592593,0.611111111111111,
0.62962962962963,0.648148148148148,0.666666666666667,0.685185185185185,
0.703703703703704,0.722222222222222,0.740740740740741,0.759259259259259,
0.777777777777778,0.796296296296296,0.814814814814815,0.833333333333333,
0.851851851851852,0.87037037037037,0.888888888888889,0.907407407407407,
0.925925925925926,0.944444444444444,0.962962962962963,0.981481481481482,
1.),.UNSPECIFIED.)
CURVE()
GEOMETRIC_REPRESENTATION_ITEM()
RATIONAL_B_SPLINE_CURVE((1.,0.866025403784439,1.,0.866025403784439,1.,0.866025403784439,
1.,0.866025403784439,1.,0.866025403784439,1.,0.866025403784439,1.,0.866025403784439,
1.,0.866025403784439,1.,0.866025403784439,1.,0.866025403784439,1.,0.866025403784439,
1.,0.866025403784439,1.,0.866025403784439,1.,0.866025403784439,1.,0.866025403784439,
1.,0.866025403784439,1.,0.866025403784439,1.,0.866025403784439,1.,0.866025403784439,
1.,0.866025403784439,1.,0.866025403784439,1.,0.866025403784439,1.,0.866025403784439,
1.,0.866025403784439,1.,0.866025403784439,1.,0.866025403784439,1.,0.866025403784439,
1.,0.866025403784439,1.,0.866025403784439,1.,0.866025403784439,1.,0.866025403784439,
1.,0.866025403784439,1.,0.866025403784439,1.,0.866025403784439,1.,0.866025403784439,
1.,0.866025403784439,1.,0.866025403784439,1.,0.866025403784439,1.,0.866025403784439,
1.,0.866025403784439,1.,0.866025403784439,1.,0.866025403784439,1.,0.866025403784439,
1.,0.866025403784439,1.,0.866025403784439,1.,0.866025403784439,1.,0.866025403784439,
1.,0.866025403784439,1.,0.866025403784439,1.,0.866025403784439,1.,0.866025403784439,
1.,0.866025403784439,1.,0.866025403784439,1.,0.866025403784439,1.))
REPRESENTATION_ITEM('')
);
#113=(
BOUNDED_CURVE()
B_SPLINE_CURVE(2,(#3281,#3282,#3283,#3284,#3285,#3286,#3287,#3288,#3289,
#3290,#3291,#3292,#3293,#3294,#3295,#3296,#3297,#3298,#3299,#3300,#3301,
#3302,#3303,#3304,#3305,#3306,#3307,#3308,#3309,#3310,#3311,#3312,#3313,
#3314,#3315,#3316,#3317,#3318,#3319,#3320,#3321,#3322,#3323,#3324,#3325,
#3326,#3327,#3328,#3329,#3330,#3331,#3332,#3333,#3334,#3335,#3336,#3337,
#3338,#3339,#3340,#3341,#3342,#3343,#3344,#3345,#3346,#3347,#3348,#3349,
#3350,#3351,#3352,#3353,#3354,#3355,#3356,#3357,#3358,#3359,#3360,#3361,
#3362,#3363,#3364,#3365,#3366,#3367,#3368,#3369,#3370,#3371,#3372,#3373,
#3374,#3375,#3376,#3377,#3378,#3379,#3380,#3381,#3382,#3383,#3384,#3385,
#3386,#3387,#3388,#3389),.UNSPECIFIED.,.F.,.F.)
B_SPLINE_CURVE_WITH_KNOTS((3,2,2,2,2,2,2,2,2,2,2,2,2,2,2,2,2,2,2,2,2,2,
2,2,2,2,2,2,2,2,2,2,2,2,2,2,2,2,2,2,2,2,2,2,2,2,2,2,2,2,2,2,2,2,3),(0.,
0.0185185185185185,0.037037037037037,0.0555555555555556,0.0740740740740741,
0.0925925925925926,0.111111111111111,0.12962962962963,0.148148148148148,
0.166666666666667,0.185185185185185,0.203703703703703,0.222222222222222,
0.240740740740741,0.25925925925926,0.277777777777778,0.296296296296297,
0.314814814814815,0.333333333333334,0.351851851851852,0.370370370370371,
0.388888888888889,0.407407407407407,0.425925925925926,0.444444444444444,
0.462962962962963,0.481481481481482,0.5,0.518518518518519,0.537037037037037,
0.555555555555556,0.574074074074074,0.592592592592593,0.611111111111111,
0.62962962962963,0.648148148148148,0.666666666666667,0.685185185185185,
0.703703703703704,0.722222222222222,0.740740740740741,0.759259259259259,
0.777777777777778,0.796296296296296,0.814814814814815,0.833333333333333,
0.851851851851852,0.87037037037037,0.888888888888889,0.907407407407407,
0.925925925925926,0.944444444444444,0.962962962962963,0.981481481481482,
1.),.UNSPECIFIED.)
CURVE()
GEOMETRIC_REPRESENTATION_ITEM()
RATIONAL_B_SPLINE_CURVE((1.,0.866025403784439,1.,0.866025403784439,1.,0.866025403784439,
1.,0.866025403784439,1.,0.866025403784439,1.,0.866025403784439,1.,0.866025403784439,
1.,0.866025403784439,1.,0.866025403784439,1.,0.866025403784439,1.,0.866025403784439,
1.,0.866025403784439,1.,0.866025403784439,1.,0.866025403784439,1.,0.866025403784439,
1.,0.866025403784439,1.,0.866025403784439,1.,0.866025403784439,1.,0.866025403784439,
1.,0.866025403784439,1.,0.866025403784439,1.,0.866025403784439,1.,0.866025403784439,
1.,0.866025403784439,1.,0.866025403784439,1.,0.866025403784439,1.,0.866025403784439,
1.,0.866025403784439,1.,0.866025403784439,1.,0.866025403784439,1.,0.866025403784439,
1.,0.866025403784439,1.,0.866025403784439,1.,0.866025403784439,1.,0.866025403784439,
1.,0.866025403784439,1.,0.866025403784439,1.,0.866025403784439,1.,0.866025403784439,
1.,0.866025403784439,1.,0.866025403784439,1.,0.866025403784439,1.,0.866025403784439,
1.,0.866025403784439,1.,0.866025403784439,1.,0.866025403784439,1.,0.866025403784439,
1.,0.866025403784439,1.,0.866025403784439,1.,0.866025403784439,1.,0.866025403784439,
1.,0.866025403784439,1.,0.866025403784439,1.,0.866025403784439,1.))
REPRESENTATION_ITEM('')
);
#114=(
BOUNDED_CURVE()
B_SPLINE_CURVE(2,(#3391,#3392,#3393,#3394,#3395,#3396,#3397,#3398,#3399,
#3400,#3401,#3402,#3403,#3404,#3405,#3406,#3407,#3408,#3409,#3410,#3411,
#3412,#3413,#3414,#3415,#3416,#3417,#3418,#3419,#3420,#3421,#3422,#3423,
#3424,#3425,#3426,#3427,#3428,#3429,#3430,#3431,#3432,#3433,#3434,#3435,
#3436,#3437,#3438,#3439,#3440,#3441,#3442,#3443,#3444,#3445,#3446,#3447,
#3448,#3449,#3450,#3451,#3452,#3453,#3454,#3455,#3456,#3457,#3458,#3459,
#3460,#3461,#3462,#3463,#3464,#3465,#3466,#3467,#3468,#3469,#3470,#3471,
#3472,#3473,#3474,#3475,#3476,#3477,#3478,#3479,#3480,#3481,#3482,#3483,
#3484,#3485,#3486,#3487,#3488,#3489,#3490,#3491,#3492,#3493,#3494,#3495,
#3496,#3497,#3498,#3499),.UNSPECIFIED.,.F.,.F.)
B_SPLINE_CURVE_WITH_KNOTS((3,2,2,2,2,2,2,2,2,2,2,2,2,2,2,2,2,2,2,2,2,2,
2,2,2,2,2,2,2,2,2,2,2,2,2,2,2,2,2,2,2,2,2,2,2,2,2,2,2,2,2,2,2,2,3),(0.,
0.0185185185185185,0.037037037037037,0.0555555555555556,0.0740740740740741,
0.0925925925925926,0.111111111111111,0.12962962962963,0.148148148148148,
0.166666666666667,0.185185185185185,0.203703703703703,0.222222222222222,
0.240740740740741,0.25925925925926,0.277777777777778,0.296296296296297,
0.314814814814815,0.333333333333334,0.351851851851852,0.370370370370371,
0.388888888888889,0.407407407407407,0.425925925925926,0.444444444444444,
0.462962962962963,0.481481481481482,0.5,0.518518518518519,0.537037037037037,
0.555555555555556,0.574074074074074,0.592592592592593,0.611111111111111,
0.62962962962963,0.648148148148148,0.666666666666667,0.685185185185185,
0.703703703703704,0.722222222222222,0.740740740740741,0.759259259259259,
0.777777777777778,0.796296296296296,0.814814814814815,0.833333333333333,
0.851851851851852,0.87037037037037,0.888888888888889,0.907407407407407,
0.925925925925926,0.944444444444444,0.962962962962963,0.981481481481482,
1.),.UNSPECIFIED.)
CURVE()
GEOMETRIC_REPRESENTATION_ITEM()
RATIONAL_B_SPLINE_CURVE((1.,0.866025403784439,1.,0.866025403784439,1.,0.866025403784439,
1.,0.866025403784439,1.,0.866025403784439,1.,0.866025403784439,1.,0.866025403784439,
1.,0.866025403784439,1.,0.866025403784439,1.,0.866025403784439,1.,0.866025403784439,
1.,0.866025403784439,1.,0.866025403784439,1.,0.866025403784439,1.,0.866025403784439,
1.,0.866025403784439,1.,0.866025403784439,1.,0.866025403784439,1.,0.866025403784439,
1.,0.866025403784439,1.,0.866025403784439,1.,0.866025403784439,1.,0.866025403784439,
1.,0.866025403784439,1.,0.866025403784439,1.,0.866025403784439,1.,0.866025403784439,
1.,0.866025403784439,1.,0.866025403784439,1.,0.866025403784439,1.,0.866025403784439,
1.,0.866025403784439,1.,0.866025403784439,1.,0.866025403784439,1.,0.866025403784439,
1.,0.866025403784439,1.,0.866025403784439,1.,0.866025403784439,1.,0.866025403784439,
1.,0.866025403784439,1.,0.866025403784439,1.,0.866025403784439,1.,0.866025403784439,
1.,0.866025403784439,1.,0.866025403784439,1.,0.866025403784439,1.,0.866025403784439,
1.,0.866025403784439,1.,0.866025403784439,1.,0.866025403784439,1.,0.866025403784439,
1.,0.866025403784439,1.,0.866025403784439,1.,0.866025403784439,1.))
REPRESENTATION_ITEM('')
);
#115=(
BOUNDED_CURVE()
B_SPLINE_CURVE(2,(#3500,#3501,#3502,#3503,#3504,#3505,#3506,#3507,#3508,
#3509,#3510,#3511,#3512,#3513,#3514,#3515,#3516,#3517,#3518,#3519,#3520,
#3521,#3522,#3523,#3524,#3525,#3526,#3527,#3528,#3529,#3530,#3531,#3532,
#3533,#3534,#3535,#3536,#3537,#3538,#3539,#3540,#3541,#3542,#3543,#3544,
#3545,#3546,#3547,#3548,#3549,#3550,#3551,#3552,#3553,#3554,#3555,#3556,
#3557,#3558,#3559,#3560,#3561,#3562,#3563,#3564,#3565,#3566,#3567,#3568,
#3569,#3570,#3571,#3572,#3573,#3574,#3575,#3576,#3577,#3578,#3579,#3580,
#3581,#3582,#3583,#3584,#3585,#3586,#3587,#3588,#3589,#3590,#3591,#3592,
#3593,#3594,#3595,#3596,#3597,#3598,#3599,#3600,#3601,#3602,#3603,#3604,
#3605,#3606,#3607,#3608),.UNSPECIFIED.,.F.,.F.)
B_SPLINE_CURVE_WITH_KNOTS((3,2,2,2,2,2,2,2,2,2,2,2,2,2,2,2,2,2,2,2,2,2,
2,2,2,2,2,2,2,2,2,2,2,2,2,2,2,2,2,2,2,2,2,2,2,2,2,2,2,2,2,2,2,2,3),(0.,
0.0185185185185185,0.037037037037037,0.0555555555555556,0.0740740740740741,
0.0925925925925926,0.111111111111111,0.12962962962963,0.148148148148148,
0.166666666666667,0.185185185185185,0.203703703703703,0.222222222222222,
0.240740740740741,0.25925925925926,0.277777777777778,0.296296296296297,
0.314814814814815,0.333333333333334,0.351851851851852,0.370370370370371,
0.388888888888889,0.407407407407407,0.425925925925926,0.444444444444444,
0.462962962962963,0.481481481481482,0.5,0.518518518518519,0.537037037037037,
0.555555555555556,0.574074074074074,0.592592592592593,0.611111111111111,
0.62962962962963,0.648148148148148,0.666666666666667,0.685185185185185,
0.703703703703704,0.722222222222222,0.740740740740741,0.759259259259259,
0.777777777777778,0.796296296296296,0.814814814814815,0.833333333333333,
0.851851851851852,0.87037037037037,0.888888888888889,0.907407407407407,
0.925925925925926,0.944444444444444,0.962962962962963,0.981481481481482,
1.),.UNSPECIFIED.)
CURVE()
GEOMETRIC_REPRESENTATION_ITEM()
RATIONAL_B_SPLINE_CURVE((1.,0.866025403784439,1.,0.866025403784439,1.,0.866025403784439,
1.,0.866025403784439,1.,0.866025403784439,1.,0.866025403784439,1.,0.866025403784439,
1.,0.866025403784439,1.,0.866025403784439,1.,0.866025403784439,1.,0.866025403784439,
1.,0.866025403784439,1.,0.866025403784439,1.,0.866025403784439,1.,0.866025403784439,
1.,0.866025403784439,1.,0.866025403784439,1.,0.866025403784439,1.,0.866025403784439,
1.,0.866025403784439,1.,0.866025403784439,1.,0.866025403784439,1.,0.866025403784439,
1.,0.866025403784439,1.,0.866025403784439,1.,0.866025403784439,1.,0.866025403784439,
1.,0.866025403784439,1.,0.866025403784439,1.,0.866025403784439,1.,0.866025403784439,
1.,0.866025403784439,1.,0.866025403784439,1.,0.866025403784439,1.,0.866025403784439,
1.,0.866025403784439,1.,0.866025403784439,1.,0.866025403784439,1.,0.866025403784439,
1.,0.866025403784439,1.,0.866025403784439,1.,0.866025403784439,1.,0.866025403784439,
1.,0.866025403784439,1.,0.866025403784439,1.,0.866025403784439,1.,0.866025403784439,
1.,0.866025403784439,1.,0.866025403784439,1.,0.866025403784439,1.,0.866025403784439,
1.,0.866025403784439,1.,0.866025403784439,1.,0.866025403784439,1.))
REPRESENTATION_ITEM('')
);
#116=(
BOUNDED_CURVE()
B_SPLINE_CURVE(2,(#3610,#3611,#3612,#3613,#3614,#3615,#3616,#3617,#3618,
#3619,#3620,#3621,#3622,#3623,#3624,#3625,#3626,#3627,#3628,#3629,#3630,
#3631,#3632,#3633,#3634,#3635,#3636,#3637,#3638,#3639,#3640,#3641,#3642,
#3643,#3644,#3645,#3646,#3647,#3648,#3649,#3650,#3651,#3652,#3653,#3654,
#3655,#3656,#3657,#3658,#3659,#3660,#3661,#3662,#3663,#3664,#3665,#3666,
#3667,#3668,#3669,#3670,#3671,#3672,#3673,#3674,#3675,#3676,#3677,#3678,
#3679,#3680,#3681,#3682,#3683,#3684,#3685,#3686,#3687,#3688,#3689,#3690,
#3691,#3692,#3693,#3694,#3695,#3696,#3697,#3698,#3699,#3700,#3701,#3702,
#3703,#3704,#3705,#3706,#3707,#3708,#3709,#3710,#3711,#3712,#3713,#3714,
#3715,#3716,#3717,#3718),.UNSPECIFIED.,.F.,.F.)
B_SPLINE_CURVE_WITH_KNOTS((3,2,2,2,2,2,2,2,2,2,2,2,2,2,2,2,2,2,2,2,2,2,
2,2,2,2,2,2,2,2,2,2,2,2,2,2,2,2,2,2,2,2,2,2,2,2,2,2,2,2,2,2,2,2,3),(0.,
0.0185185185185185,0.037037037037037,0.0555555555555556,0.0740740740740741,
0.0925925925925926,0.111111111111111,0.12962962962963,0.148148148148148,
0.166666666666667,0.185185185185185,0.203703703703703,0.222222222222222,
0.240740740740741,0.25925925925926,0.277777777777778,0.296296296296297,
0.314814814814815,0.333333333333334,0.351851851851852,0.370370370370371,
0.388888888888889,0.407407407407407,0.425925925925926,0.444444444444444,
0.462962962962963,0.481481481481482,0.5,0.518518518518519,0.537037037037037,
0.555555555555556,0.574074074074074,0.592592592592593,0.611111111111111,
0.62962962962963,0.648148148148148,0.666666666666667,0.685185185185185,
0.703703703703704,0.722222222222222,0.740740740740741,0.759259259259259,
0.777777777777778,0.796296296296296,0.814814814814815,0.833333333333333,
0.851851851851852,0.87037037037037,0.888888888888889,0.907407407407407,
0.925925925925926,0.944444444444444,0.962962962962963,0.981481481481482,
1.),.UNSPECIFIED.)
CURVE()
GEOMETRIC_REPRESENTATION_ITEM()
RATIONAL_B_SPLINE_CURVE((1.,0.866025403784439,1.,0.866025403784439,1.,0.866025403784439,
1.,0.866025403784439,1.,0.866025403784439,1.,0.866025403784439,1.,0.866025403784439,
1.,0.866025403784439,1.,0.866025403784439,1.,0.866025403784439,1.,0.866025403784439,
1.,0.866025403784439,1.,0.866025403784439,1.,0.866025403784439,1.,0.866025403784439,
1.,0.866025403784439,1.,0.866025403784439,1.,0.866025403784439,1.,0.866025403784439,
1.,0.866025403784439,1.,0.866025403784439,1.,0.866025403784439,1.,0.866025403784439,
1.,0.866025403784439,1.,0.866025403784439,1.,0.866025403784439,1.,0.866025403784439,
1.,0.866025403784439,1.,0.866025403784439,1.,0.866025403784439,1.,0.866025403784439,
1.,0.866025403784439,1.,0.866025403784439,1.,0.866025403784439,1.,0.866025403784439,
1.,0.866025403784439,1.,0.866025403784439,1.,0.866025403784439,1.,0.866025403784439,
1.,0.866025403784439,1.,0.866025403784439,1.,0.866025403784439,1.,0.866025403784439,
1.,0.866025403784439,1.,0.866025403784439,1.,0.866025403784439,1.,0.866025403784439,
1.,0.866025403784439,1.,0.866025403784439,1.,0.866025403784439,1.,0.866025403784439,
1.,0.866025403784439,1.,0.866025403784439,1.,0.866025403784439,1.))
REPRESENTATION_ITEM('')
);
#117=(
BOUNDED_CURVE()
B_SPLINE_CURVE(2,(#3719,#3720,#3721,#3722,#3723,#3724,#3725,#3726,#3727,
#3728,#3729,#3730,#3731,#3732,#3733,#3734,#3735,#3736,#3737,#3738,#3739,
#3740,#3741,#3742,#3743,#3744,#3745,#3746,#3747,#3748,#3749,#3750,#3751,
#3752,#3753,#3754,#3755,#3756,#3757,#3758,#3759,#3760,#3761,#3762,#3763,
#3764,#3765,#3766,#3767,#3768,#3769,#3770,#3771,#3772,#3773,#3774,#3775,
#3776,#3777,#3778,#3779,#3780,#3781,#3782,#3783,#3784,#3785,#3786,#3787,
#3788,#3789,#3790,#3791,#3792,#3793,#3794,#3795,#3796,#3797,#3798,#3799,
#3800,#3801,#3802,#3803,#3804,#3805,#3806,#3807,#3808,#3809,#3810,#3811,
#3812,#3813,#3814,#3815,#3816,#3817,#3818,#3819,#3820,#3821,#3822,#3823,
#3824,#3825,#3826,#3827),.UNSPECIFIED.,.F.,.F.)
B_SPLINE_CURVE_WITH_KNOTS((3,2,2,2,2,2,2,2,2,2,2,2,2,2,2,2,2,2,2,2,2,2,
2,2,2,2,2,2,2,2,2,2,2,2,2,2,2,2,2,2,2,2,2,2,2,2,2,2,2,2,2,2,2,2,3),(0.,
0.0185185185185185,0.037037037037037,0.0555555555555556,0.0740740740740741,
0.0925925925925926,0.111111111111111,0.12962962962963,0.148148148148148,
0.166666666666667,0.185185185185185,0.203703703703703,0.222222222222222,
0.240740740740741,0.25925925925926,0.277777777777778,0.296296296296297,
0.314814814814815,0.333333333333334,0.351851851851852,0.370370370370371,
0.388888888888889,0.407407407407407,0.425925925925926,0.444444444444444,
0.462962962962963,0.481481481481482,0.5,0.518518518518519,0.537037037037037,
0.555555555555556,0.574074074074074,0.592592592592593,0.611111111111111,
0.62962962962963,0.648148148148148,0.666666666666667,0.685185185185185,
0.703703703703704,0.722222222222222,0.740740740740741,0.759259259259259,
0.777777777777778,0.796296296296296,0.814814814814815,0.833333333333333,
0.851851851851852,0.87037037037037,0.888888888888889,0.907407407407407,
0.925925925925926,0.944444444444444,0.962962962962963,0.981481481481482,
1.),.UNSPECIFIED.)
CURVE()
GEOMETRIC_REPRESENTATION_ITEM()
RATIONAL_B_SPLINE_CURVE((1.,0.866025403784439,1.,0.866025403784439,1.,0.866025403784439,
1.,0.866025403784439,1.,0.866025403784439,1.,0.866025403784439,1.,0.866025403784439,
1.,0.866025403784439,1.,0.866025403784439,1.,0.866025403784439,1.,0.866025403784439,
1.,0.866025403784439,1.,0.866025403784439,1.,0.866025403784439,1.,0.866025403784439,
1.,0.866025403784439,1.,0.866025403784439,1.,0.866025403784439,1.,0.866025403784439,
1.,0.866025403784439,1.,0.866025403784439,1.,0.866025403784439,1.,0.866025403784439,
1.,0.866025403784439,1.,0.866025403784439,1.,0.866025403784439,1.,0.866025403784439,
1.,0.866025403784439,1.,0.866025403784439,1.,0.866025403784439,1.,0.866025403784439,
1.,0.866025403784439,1.,0.866025403784439,1.,0.866025403784439,1.,0.866025403784439,
1.,0.866025403784439,1.,0.866025403784439,1.,0.866025403784439,1.,0.866025403784439,
1.,0.866025403784439,1.,0.866025403784439,1.,0.866025403784439,1.,0.866025403784439,
1.,0.866025403784439,1.,0.866025403784439,1.,0.866025403784439,1.,0.866025403784439,
1.,0.866025403784439,1.,0.866025403784439,1.,0.866025403784439,1.,0.866025403784439,
1.,0.866025403784439,1.,0.866025403784439,1.,0.866025403784439,1.))
REPRESENTATION_ITEM('')
);
#118=(
BOUNDED_CURVE()
B_SPLINE_CURVE(2,(#3829,#3830,#3831,#3832,#3833,#3834,#3835,#3836,#3837,
#3838,#3839,#3840,#3841,#3842,#3843,#3844,#3845,#3846,#3847,#3848,#3849,
#3850,#3851,#3852,#3853,#3854,#3855,#3856,#3857,#3858,#3859,#3860,#3861,
#3862,#3863,#3864,#3865,#3866,#3867,#3868,#3869,#3870,#3871,#3872,#3873,
#3874,#3875,#3876,#3877,#3878,#3879,#3880,#3881,#3882,#3883,#3884,#3885,
#3886,#3887,#3888,#3889,#3890,#3891,#3892,#3893,#3894,#3895,#3896,#3897,
#3898,#3899,#3900,#3901,#3902,#3903,#3904,#3905,#3906,#3907,#3908,#3909,
#3910,#3911,#3912,#3913,#3914,#3915,#3916,#3917,#3918,#3919,#3920,#3921,
#3922,#3923,#3924,#3925,#3926,#3927,#3928,#3929,#3930,#3931,#3932,#3933,
#3934,#3935,#3936,#3937),.UNSPECIFIED.,.F.,.F.)
B_SPLINE_CURVE_WITH_KNOTS((3,2,2,2,2,2,2,2,2,2,2,2,2,2,2,2,2,2,2,2,2,2,
2,2,2,2,2,2,2,2,2,2,2,2,2,2,2,2,2,2,2,2,2,2,2,2,2,2,2,2,2,2,2,2,3),(0.,
0.0185185185185185,0.037037037037037,0.0555555555555556,0.0740740740740741,
0.0925925925925926,0.111111111111111,0.12962962962963,0.148148148148148,
0.166666666666667,0.185185185185185,0.203703703703703,0.222222222222222,
0.240740740740741,0.25925925925926,0.277777777777778,0.296296296296297,
0.314814814814815,0.333333333333334,0.351851851851852,0.370370370370371,
0.388888888888889,0.407407407407407,0.425925925925926,0.444444444444444,
0.462962962962963,0.481481481481482,0.5,0.518518518518519,0.537037037037037,
0.555555555555556,0.574074074074074,0.592592592592593,0.611111111111111,
0.62962962962963,0.648148148148148,0.666666666666667,0.685185185185185,
0.703703703703704,0.722222222222222,0.740740740740741,0.759259259259259,
0.777777777777778,0.796296296296296,0.814814814814815,0.833333333333333,
0.851851851851852,0.87037037037037,0.888888888888889,0.907407407407407,
0.925925925925926,0.944444444444444,0.962962962962963,0.981481481481482,
1.),.UNSPECIFIED.)
CURVE()
GEOMETRIC_REPRESENTATION_ITEM()
RATIONAL_B_SPLINE_CURVE((1.,0.866025403784439,1.,0.866025403784439,1.,0.866025403784439,
1.,0.866025403784439,1.,0.866025403784439,1.,0.866025403784439,1.,0.866025403784439,
1.,0.866025403784439,1.,0.866025403784439,1.,0.866025403784439,1.,0.866025403784439,
1.,0.866025403784439,1.,0.866025403784439,1.,0.866025403784439,1.,0.866025403784439,
1.,0.866025403784439,1.,0.866025403784439,1.,0.866025403784439,1.,0.866025403784439,
1.,0.866025403784439,1.,0.866025403784439,1.,0.866025403784439,1.,0.866025403784439,
1.,0.866025403784439,1.,0.866025403784439,1.,0.866025403784439,1.,0.866025403784439,
1.,0.866025403784439,1.,0.866025403784439,1.,0.866025403784439,1.,0.866025403784439,
1.,0.866025403784439,1.,0.866025403784439,1.,0.866025403784439,1.,0.866025403784439,
1.,0.866025403784439,1.,0.866025403784439,1.,0.866025403784439,1.,0.866025403784439,
1.,0.866025403784439,1.,0.866025403784439,1.,0.866025403784439,1.,0.866025403784439,
1.,0.866025403784439,1.,0.866025403784439,1.,0.866025403784439,1.,0.866025403784439,
1.,0.866025403784439,1.,0.866025403784439,1.,0.866025403784439,1.,0.866025403784439,
1.,0.866025403784439,1.,0.866025403784439,1.,0.866025403784439,1.))
REPRESENTATION_ITEM('')
);
#119=(
BOUNDED_CURVE()
B_SPLINE_CURVE(2,(#3938,#3939,#3940,#3941,#3942,#3943,#3944,#3945,#3946,
#3947,#3948,#3949,#3950,#3951,#3952,#3953,#3954,#3955,#3956,#3957,#3958,
#3959,#3960,#3961,#3962,#3963,#3964,#3965,#3966,#3967,#3968,#3969,#3970,
#3971,#3972,#3973,#3974,#3975,#3976,#3977,#3978,#3979,#3980,#3981,#3982,
#3983,#3984,#3985,#3986,#3987,#3988,#3989,#3990,#3991,#3992,#3993,#3994,
#3995,#3996,#3997,#3998,#3999,#4000,#4001,#4002,#4003,#4004,#4005,#4006,
#4007,#4008,#4009,#4010,#4011,#4012,#4013,#4014,#4015,#4016,#4017,#4018,
#4019,#4020,#4021,#4022,#4023,#4024,#4025,#4026,#4027,#4028,#4029,#4030,
#4031,#4032,#4033,#4034,#4035,#4036,#4037,#4038,#4039,#4040,#4041,#4042,
#4043,#4044,#4045,#4046),.UNSPECIFIED.,.F.,.F.)
B_SPLINE_CURVE_WITH_KNOTS((3,2,2,2,2,2,2,2,2,2,2,2,2,2,2,2,2,2,2,2,2,2,
2,2,2,2,2,2,2,2,2,2,2,2,2,2,2,2,2,2,2,2,2,2,2,2,2,2,2,2,2,2,2,2,3),(0.,
0.0185185185185185,0.037037037037037,0.0555555555555556,0.0740740740740741,
0.0925925925925926,0.111111111111111,0.12962962962963,0.148148148148148,
0.166666666666667,0.185185185185185,0.203703703703703,0.222222222222222,
0.240740740740741,0.25925925925926,0.277777777777778,0.296296296296297,
0.314814814814815,0.333333333333334,0.351851851851852,0.370370370370371,
0.388888888888889,0.407407407407407,0.425925925925926,0.444444444444444,
0.462962962962963,0.481481481481482,0.5,0.518518518518519,0.537037037037037,
0.555555555555556,0.574074074074074,0.592592592592593,0.611111111111111,
0.62962962962963,0.648148148148148,0.666666666666667,0.685185185185185,
0.703703703703704,0.722222222222222,0.740740740740741,0.759259259259259,
0.777777777777778,0.796296296296296,0.814814814814815,0.833333333333333,
0.851851851851852,0.87037037037037,0.888888888888889,0.907407407407407,
0.925925925925926,0.944444444444444,0.962962962962963,0.981481481481482,
1.),.UNSPECIFIED.)
CURVE()
GEOMETRIC_REPRESENTATION_ITEM()
RATIONAL_B_SPLINE_CURVE((1.,0.866025403784439,1.,0.866025403784439,1.,0.866025403784439,
1.,0.866025403784439,1.,0.866025403784439,1.,0.866025403784439,1.,0.866025403784439,
1.,0.866025403784439,1.,0.866025403784439,1.,0.866025403784439,1.,0.866025403784439,
1.,0.866025403784439,1.,0.866025403784439,1.,0.866025403784439,1.,0.866025403784439,
1.,0.866025403784439,1.,0.866025403784439,1.,0.866025403784439,1.,0.866025403784439,
1.,0.866025403784439,1.,0.866025403784439,1.,0.866025403784439,1.,0.866025403784439,
1.,0.866025403784439,1.,0.866025403784439,1.,0.866025403784439,1.,0.866025403784439,
1.,0.866025403784439,1.,0.866025403784439,1.,0.866025403784439,1.,0.866025403784439,
1.,0.866025403784439,1.,0.866025403784439,1.,0.866025403784439,1.,0.866025403784439,
1.,0.866025403784439,1.,0.866025403784439,1.,0.866025403784439,1.,0.866025403784439,
1.,0.866025403784439,1.,0.866025403784439,1.,0.866025403784439,1.,0.866025403784439,
1.,0.866025403784439,1.,0.866025403784439,1.,0.866025403784439,1.,0.866025403784439,
1.,0.866025403784439,1.,0.866025403784439,1.,0.866025403784439,1.,0.866025403784439,
1.,0.866025403784439,1.,0.866025403784439,1.,0.866025403784439,1.))
REPRESENTATION_ITEM('')
);
#120=(
BOUNDED_CURVE()
B_SPLINE_CURVE(2,(#4588,#4589,#4590,#4591,#4592,#4593,#4594,#4595,#4596,
#4597,#4598,#4599,#4600,#4601,#4602,#4603,#4604,#4605,#4606,#4607,#4608,
#4609,#4610,#4611,#4612,#4613,#4614,#4615,#4616,#4617,#4618,#4619,#4620,
#4621,#4622,#4623,#4624,#4625,#4626,#4627,#4628,#4629,#4630,#4631,#4632,
#4633,#4634,#4635,#4636,#4637,#4638,#4639,#4640,#4641,#4642,#4643,#4644,
#4645,#4646,#4647,#4648,#4649,#4650,#4651,#4652,#4653,#4654,#4655,#4656,
#4657,#4658,#4659,#4660,#4661,#4662,#4663,#4664,#4665,#4666,#4667,#4668,
#4669,#4670,#4671,#4672,#4673,#4674,#4675,#4676,#4677,#4678,#4679,#4680,
#4681,#4682,#4683,#4684,#4685,#4686,#4687,#4688,#4689,#4690,#4691,#4692,
#4693,#4694,#4695,#4696),.UNSPECIFIED.,.F.,.F.)
B_SPLINE_CURVE_WITH_KNOTS((3,2,2,2,2,2,2,2,2,2,2,2,2,2,2,2,2,2,2,2,2,2,
2,2,2,2,2,2,2,2,2,2,2,2,2,2,2,2,2,2,2,2,2,2,2,2,2,2,2,2,2,2,2,2,3),(0.,
0.0185185185185185,0.037037037037037,0.0555555555555556,0.0740740740740741,
0.0925925925925926,0.111111111111111,0.12962962962963,0.148148148148148,
0.166666666666667,0.185185185185185,0.203703703703703,0.222222222222222,
0.240740740740741,0.25925925925926,0.277777777777778,0.296296296296297,
0.314814814814815,0.333333333333334,0.351851851851852,0.370370370370371,
0.388888888888889,0.407407407407407,0.425925925925926,0.444444444444444,
0.462962962962963,0.481481481481482,0.5,0.518518518518519,0.537037037037037,
0.555555555555556,0.574074074074074,0.592592592592593,0.611111111111111,
0.62962962962963,0.648148148148148,0.666666666666667,0.685185185185185,
0.703703703703704,0.722222222222222,0.740740740740741,0.759259259259259,
0.777777777777778,0.796296296296296,0.814814814814815,0.833333333333333,
0.851851851851852,0.87037037037037,0.888888888888889,0.907407407407407,
0.925925925925926,0.944444444444444,0.962962962962963,0.981481481481482,
1.),.UNSPECIFIED.)
CURVE()
GEOMETRIC_REPRESENTATION_ITEM()
RATIONAL_B_SPLINE_CURVE((1.,0.866025403784439,1.,0.866025403784439,1.,0.866025403784439,
1.,0.866025403784439,1.,0.866025403784439,1.,0.866025403784439,1.,0.866025403784439,
1.,0.866025403784439,1.,0.866025403784439,1.,0.866025403784439,1.,0.866025403784439,
1.,0.866025403784439,1.,0.866025403784439,1.,0.866025403784439,1.,0.866025403784439,
1.,0.866025403784439,1.,0.866025403784439,1.,0.866025403784439,1.,0.866025403784439,
1.,0.866025403784439,1.,0.866025403784439,1.,0.866025403784439,1.,0.866025403784439,
1.,0.866025403784439,1.,0.866025403784439,1.,0.866025403784439,1.,0.866025403784439,
1.,0.866025403784439,1.,0.866025403784439,1.,0.866025403784439,1.,0.866025403784439,
1.,0.866025403784439,1.,0.866025403784439,1.,0.866025403784439,1.,0.866025403784439,
1.,0.866025403784439,1.,0.866025403784439,1.,0.866025403784439,1.,0.866025403784439,
1.,0.866025403784439,1.,0.866025403784439,1.,0.866025403784439,1.,0.866025403784439,
1.,0.866025403784439,1.,0.866025403784439,1.,0.866025403784439,1.,0.866025403784439,
1.,0.866025403784439,1.,0.866025403784439,1.,0.866025403784439,1.,0.866025403784439,
1.,0.866025403784439,1.,0.866025403784439,1.,0.866025403784439,1.))
REPRESENTATION_ITEM('')
);
#121=(
BOUNDED_CURVE()
B_SPLINE_CURVE(2,(#4697,#4698,#4699,#4700,#4701,#4702,#4703,#4704,#4705,
#4706,#4707,#4708,#4709,#4710,#4711,#4712,#4713,#4714,#4715,#4716,#4717,
#4718,#4719,#4720,#4721,#4722,#4723,#4724,#4725,#4726,#4727,#4728,#4729,
#4730,#4731,#4732,#4733,#4734,#4735,#4736,#4737,#4738,#4739,#4740,#4741,
#4742,#4743,#4744,#4745,#4746,#4747,#4748,#4749,#4750,#4751,#4752,#4753,
#4754,#4755,#4756,#4757,#4758,#4759,#4760,#4761,#4762,#4763,#4764,#4765,
#4766,#4767,#4768,#4769,#4770,#4771,#4772,#4773,#4774,#4775,#4776,#4777,
#4778,#4779,#4780,#4781,#4782,#4783,#4784,#4785,#4786,#4787,#4788,#4789,
#4790,#4791,#4792,#4793,#4794,#4795,#4796,#4797,#4798,#4799,#4800,#4801,
#4802,#4803,#4804,#4805),.UNSPECIFIED.,.F.,.F.)
B_SPLINE_CURVE_WITH_KNOTS((3,2,2,2,2,2,2,2,2,2,2,2,2,2,2,2,2,2,2,2,2,2,
2,2,2,2,2,2,2,2,2,2,2,2,2,2,2,2,2,2,2,2,2,2,2,2,2,2,2,2,2,2,2,2,3),(0.,
0.0185185185185185,0.037037037037037,0.0555555555555556,0.0740740740740741,
0.0925925925925926,0.111111111111111,0.12962962962963,0.148148148148148,
0.166666666666667,0.185185185185185,0.203703703703703,0.222222222222222,
0.240740740740741,0.25925925925926,0.277777777777778,0.296296296296297,
0.314814814814815,0.333333333333334,0.351851851851852,0.370370370370371,
0.388888888888889,0.407407407407407,0.425925925925926,0.444444444444444,
0.462962962962963,0.481481481481482,0.5,0.518518518518519,0.537037037037037,
0.555555555555556,0.574074074074074,0.592592592592593,0.611111111111111,
0.62962962962963,0.648148148148148,0.666666666666667,0.685185185185185,
0.703703703703704,0.722222222222222,0.740740740740741,0.759259259259259,
0.777777777777778,0.796296296296296,0.814814814814815,0.833333333333333,
0.851851851851852,0.87037037037037,0.888888888888889,0.907407407407407,
0.925925925925926,0.944444444444444,0.962962962962963,0.981481481481482,
1.),.UNSPECIFIED.)
CURVE()
GEOMETRIC_REPRESENTATION_ITEM()
RATIONAL_B_SPLINE_CURVE((1.,0.866025403784439,1.,0.866025403784439,1.,0.866025403784439,
1.,0.866025403784439,1.,0.866025403784439,1.,0.866025403784439,1.,0.866025403784439,
1.,0.866025403784439,1.,0.866025403784439,1.,0.866025403784439,1.,0.866025403784439,
1.,0.866025403784439,1.,0.866025403784439,1.,0.866025403784439,1.,0.866025403784439,
1.,0.866025403784439,1.,0.866025403784439,1.,0.866025403784439,1.,0.866025403784439,
1.,0.866025403784439,1.,0.866025403784439,1.,0.866025403784439,1.,0.866025403784439,
1.,0.866025403784439,1.,0.866025403784439,1.,0.866025403784439,1.,0.866025403784439,
1.,0.866025403784439,1.,0.866025403784439,1.,0.866025403784439,1.,0.866025403784439,
1.,0.866025403784439,1.,0.866025403784439,1.,0.866025403784439,1.,0.866025403784439,
1.,0.866025403784439,1.,0.866025403784439,1.,0.866025403784439,1.,0.866025403784439,
1.,0.866025403784439,1.,0.866025403784439,1.,0.866025403784439,1.,0.866025403784439,
1.,0.866025403784439,1.,0.866025403784439,1.,0.866025403784439,1.,0.866025403784439,
1.,0.866025403784439,1.,0.866025403784439,1.,0.866025403784439,1.,0.866025403784439,
1.,0.866025403784439,1.,0.866025403784439,1.,0.866025403784439,1.))
REPRESENTATION_ITEM('')
);
#122=ORIENTED_EDGE('',*,*,#412,.T.);
#123=ORIENTED_EDGE('',*,*,#413,.T.);
#124=ORIENTED_EDGE('',*,*,#414,.F.);
#125=ORIENTED_EDGE('',*,*,#415,.F.);
#126=ORIENTED_EDGE('',*,*,#416,.T.);
#127=ORIENTED_EDGE('',*,*,#417,.T.);
#128=ORIENTED_EDGE('',*,*,#418,.F.);
#129=ORIENTED_EDGE('',*,*,#419,.F.);
#130=ORIENTED_EDGE('',*,*,#420,.T.);
#131=ORIENTED_EDGE('',*,*,#421,.T.);
#132=ORIENTED_EDGE('',*,*,#422,.F.);
#133=ORIENTED_EDGE('',*,*,#423,.F.);
#134=ORIENTED_EDGE('',*,*,#424,.T.);
#135=ORIENTED_EDGE('',*,*,#425,.T.);
#136=ORIENTED_EDGE('',*,*,#426,.F.);
#137=ORIENTED_EDGE('',*,*,#427,.F.);
#138=ORIENTED_EDGE('',*,*,#428,.T.);
#139=ORIENTED_EDGE('',*,*,#429,.T.);
#140=ORIENTED_EDGE('',*,*,#430,.F.);
#141=ORIENTED_EDGE('',*,*,#431,.F.);
#142=ORIENTED_EDGE('',*,*,#432,.T.);
#143=ORIENTED_EDGE('',*,*,#433,.T.);
#144=ORIENTED_EDGE('',*,*,#434,.T.);
#145=ORIENTED_EDGE('',*,*,#435,.F.);
#146=ORIENTED_EDGE('',*,*,#436,.T.);
#147=ORIENTED_EDGE('',*,*,#437,.T.);
#148=ORIENTED_EDGE('',*,*,#438,.T.);
#149=ORIENTED_EDGE('',*,*,#439,.T.);
#150=ORIENTED_EDGE('',*,*,#440,.T.);
#151=ORIENTED_EDGE('',*,*,#441,.T.);
#152=ORIENTED_EDGE('',*,*,#438,.F.);
#153=ORIENTED_EDGE('',*,*,#442,.T.);
#154=ORIENTED_EDGE('',*,*,#412,.F.);
#155=ORIENTED_EDGE('',*,*,#443,.F.);
#156=ORIENTED_EDGE('',*,*,#414,.T.);
#157=ORIENTED_EDGE('',*,*,#444,.T.);
#158=ORIENTED_EDGE('',*,*,#416,.F.);
#159=ORIENTED_EDGE('',*,*,#445,.F.);
#160=ORIENTED_EDGE('',*,*,#418,.T.);
#161=ORIENTED_EDGE('',*,*,#446,.T.);
#162=ORIENTED_EDGE('',*,*,#420,.F.);
#163=ORIENTED_EDGE('',*,*,#447,.F.);
#164=ORIENTED_EDGE('',*,*,#422,.T.);
#165=ORIENTED_EDGE('',*,*,#448,.T.);
#166=ORIENTED_EDGE('',*,*,#424,.F.);
#167=ORIENTED_EDGE('',*,*,#449,.F.);
#168=ORIENTED_EDGE('',*,*,#426,.T.);
#169=ORIENTED_EDGE('',*,*,#450,.T.);
#170=ORIENTED_EDGE('',*,*,#428,.F.);
#171=ORIENTED_EDGE('',*,*,#451,.F.);
#172=ORIENTED_EDGE('',*,*,#430,.T.);
#173=ORIENTED_EDGE('',*,*,#452,.T.);
#174=ORIENTED_EDGE('',*,*,#432,.F.);
#175=ORIENTED_EDGE('',*,*,#453,.F.);
#176=ORIENTED_EDGE('',*,*,#454,.T.);
#177=ORIENTED_EDGE('',*,*,#455,.T.);
#178=ORIENTED_EDGE('',*,*,#456,.T.);
#179=ORIENTED_EDGE('',*,*,#457,.T.);
#180=ORIENTED_EDGE('',*,*,#458,.T.);
#181=ORIENTED_EDGE('',*,*,#459,.T.);
#182=ORIENTED_EDGE('',*,*,#460,.T.);
#183=ORIENTED_EDGE('',*,*,#461,.T.);
#184=ORIENTED_EDGE('',*,*,#462,.T.);
#185=ORIENTED_EDGE('',*,*,#463,.T.);
#186=ORIENTED_EDGE('',*,*,#464,.T.);
#187=ORIENTED_EDGE('',*,*,#465,.T.);
#188=ORIENTED_EDGE('',*,*,#466,.T.);
#189=ORIENTED_EDGE('',*,*,#467,.T.);
#190=ORIENTED_EDGE('',*,*,#468,.T.);
#191=ORIENTED_EDGE('',*,*,#469,.T.);
#192=ORIENTED_EDGE('',*,*,#470,.T.);
#193=ORIENTED_EDGE('',*,*,#471,.T.);
#194=ORIENTED_EDGE('',*,*,#472,.F.);
#195=ORIENTED_EDGE('',*,*,#473,.F.);
#196=ORIENTED_EDGE('',*,*,#474,.T.);
#197=ORIENTED_EDGE('',*,*,#475,.T.);
#198=ORIENTED_EDGE('',*,*,#437,.F.);
#199=ORIENTED_EDGE('',*,*,#476,.T.);
#200=ORIENTED_EDGE('',*,*,#474,.F.);
#201=ORIENTED_EDGE('',*,*,#477,.F.);
#202=ORIENTED_EDGE('',*,*,#476,.F.);
#203=ORIENTED_EDGE('',*,*,#436,.F.);
#204=ORIENTED_EDGE('',*,*,#477,.T.);
#205=ORIENTED_EDGE('',*,*,#475,.F.);
#206=ORIENTED_EDGE('',*,*,#434,.F.);
#207=ORIENTED_EDGE('',*,*,#478,.F.);
#208=ORIENTED_EDGE('',*,*,#479,.F.);
#209=ORIENTED_EDGE('',*,*,#480,.F.);
#210=ORIENTED_EDGE('',*,*,#481,.T.);
#211=ORIENTED_EDGE('',*,*,#482,.T.);
#212=ORIENTED_EDGE('',*,*,#483,.T.);
#213=ORIENTED_EDGE('',*,*,#484,.T.);
#214=ORIENTED_EDGE('',*,*,#485,.T.);
#215=ORIENTED_EDGE('',*,*,#486,.T.);
#216=ORIENTED_EDGE('',*,*,#487,.T.);
#217=ORIENTED_EDGE('',*,*,#482,.F.);
#218=ORIENTED_EDGE('',*,*,#488,.F.);
#219=ORIENTED_EDGE('',*,*,#461,.F.);
#220=ORIENTED_EDGE('',*,*,#465,.F.);
#221=ORIENTED_EDGE('',*,*,#488,.T.);
#222=ORIENTED_EDGE('',*,*,#481,.F.);
#223=ORIENTED_EDGE('',*,*,#489,.T.);
#224=ORIENTED_EDGE('',*,*,#458,.F.);
#225=ORIENTED_EDGE('',*,*,#462,.F.);
#226=ORIENTED_EDGE('',*,*,#489,.F.);
#227=ORIENTED_EDGE('',*,*,#486,.F.);
#228=ORIENTED_EDGE('',*,*,#490,.T.);
#229=ORIENTED_EDGE('',*,*,#455,.F.);
#230=ORIENTED_EDGE('',*,*,#459,.F.);
#231=ORIENTED_EDGE('',*,*,#491,.T.);
#232=ORIENTED_EDGE('',*,*,#470,.F.);
#233=ORIENTED_EDGE('',*,*,#456,.F.);
#234=ORIENTED_EDGE('',*,*,#490,.F.);
#235=ORIENTED_EDGE('',*,*,#485,.F.);
#236=ORIENTED_EDGE('',*,*,#492,.T.);
#237=ORIENTED_EDGE('',*,*,#467,.F.);
#238=ORIENTED_EDGE('',*,*,#471,.F.);
#239=ORIENTED_EDGE('',*,*,#491,.F.);
#240=ORIENTED_EDGE('',*,*,#484,.F.);
#241=ORIENTED_EDGE('',*,*,#487,.F.);
#242=ORIENTED_EDGE('',*,*,#464,.F.);
#243=ORIENTED_EDGE('',*,*,#468,.F.);
#244=ORIENTED_EDGE('',*,*,#492,.F.);
#245=ORIENTED_EDGE('',*,*,#483,.F.);
#246=ORIENTED_EDGE('',*,*,#473,.T.);
#247=ORIENTED_EDGE('',*,*,#493,.F.);
#248=ORIENTED_EDGE('',*,*,#494,.F.);
#249=ORIENTED_EDGE('',*,*,#495,.T.);
#250=ORIENTED_EDGE('',*,*,#496,.F.);
#251=ORIENTED_EDGE('',*,*,#497,.T.);
#252=ORIENTED_EDGE('',*,*,#498,.T.);
#253=ORIENTED_EDGE('',*,*,#499,.F.);
#254=ORIENTED_EDGE('',*,*,#472,.T.);
#255=ORIENTED_EDGE('',*,*,#495,.F.);
#256=ORIENTED_EDGE('',*,*,#498,.F.);
#257=ORIENTED_EDGE('',*,*,#493,.T.);
#258=ORIENTED_EDGE('',*,*,#500,.F.);
#259=ORIENTED_EDGE('',*,*,#501,.T.);
#260=ORIENTED_EDGE('',*,*,#469,.F.);
#261=ORIENTED_EDGE('',*,*,#466,.F.);
#262=ORIENTED_EDGE('',*,*,#463,.F.);
#263=ORIENTED_EDGE('',*,*,#502,.F.);
#264=ORIENTED_EDGE('',*,*,#503,.F.);
#265=ORIENTED_EDGE('',*,*,#504,.T.);
#266=ORIENTED_EDGE('',*,*,#505,.T.);
#267=ORIENTED_EDGE('',*,*,#506,.F.);
#268=ORIENTED_EDGE('',*,*,#507,.F.);
#269=ORIENTED_EDGE('',*,*,#508,.F.);
#270=ORIENTED_EDGE('',*,*,#496,.T.);
#271=ORIENTED_EDGE('',*,*,#509,.T.);
#272=ORIENTED_EDGE('',*,*,#510,.T.);
#273=ORIENTED_EDGE('',*,*,#511,.F.);
#274=ORIENTED_EDGE('',*,*,#512,.T.);
#275=ORIENTED_EDGE('',*,*,#513,.F.);
#276=ORIENTED_EDGE('',*,*,#514,.F.);
#277=ORIENTED_EDGE('',*,*,#515,.T.);
#278=ORIENTED_EDGE('',*,*,#516,.T.);
#279=ORIENTED_EDGE('',*,*,#517,.F.);
#280=ORIENTED_EDGE('',*,*,#518,.T.);
#281=ORIENTED_EDGE('',*,*,#519,.T.);
#282=ORIENTED_EDGE('',*,*,#520,.T.);
#283=ORIENTED_EDGE('',*,*,#521,.T.);
#284=ORIENTED_EDGE('',*,*,#522,.T.);
#285=ORIENTED_EDGE('',*,*,#523,.F.);
#286=ORIENTED_EDGE('',*,*,#524,.F.);
#287=ORIENTED_EDGE('',*,*,#525,.T.);
#288=ORIENTED_EDGE('',*,*,#526,.T.);
#289=ORIENTED_EDGE('',*,*,#527,.F.);
#290=ORIENTED_EDGE('',*,*,#528,.T.);
#291=ORIENTED_EDGE('',*,*,#518,.F.);
#292=ORIENTED_EDGE('',*,*,#529,.T.);
#293=ORIENTED_EDGE('',*,*,#522,.F.);
#294=ORIENTED_EDGE('',*,*,#530,.F.);
#295=ORIENTED_EDGE('',*,*,#531,.T.);
#296=ORIENTED_EDGE('',*,*,#530,.T.);
#297=ORIENTED_EDGE('',*,*,#521,.F.);
#298=ORIENTED_EDGE('',*,*,#532,.F.);
#299=ORIENTED_EDGE('',*,*,#507,.T.);
#300=ORIENTED_EDGE('',*,*,#533,.T.);
#301=ORIENTED_EDGE('',*,*,#532,.T.);
#302=ORIENTED_EDGE('',*,*,#520,.F.);
#303=ORIENTED_EDGE('',*,*,#534,.T.);
#304=ORIENTED_EDGE('',*,*,#512,.F.);
#305=ORIENTED_EDGE('',*,*,#535,.F.);
#306=ORIENTED_EDGE('',*,*,#508,.T.);
#307=ORIENTED_EDGE('',*,*,#535,.T.);
#308=ORIENTED_EDGE('',*,*,#519,.F.);
#309=ORIENTED_EDGE('',*,*,#528,.F.);
#310=ORIENTED_EDGE('',*,*,#536,.T.);
#311=ORIENTED_EDGE('',*,*,#503,.T.);
#312=ORIENTED_EDGE('',*,*,#509,.F.);
#313=ORIENTED_EDGE('',*,*,#537,.T.);
#314=ORIENTED_EDGE('',*,*,#511,.T.);
#315=ORIENTED_EDGE('',*,*,#538,.T.);
#316=ORIENTED_EDGE('',*,*,#517,.T.);
#317=ORIENTED_EDGE('',*,*,#539,.F.);
#318=ORIENTED_EDGE('',*,*,#523,.T.);
#319=ORIENTED_EDGE('',*,*,#529,.F.);
#320=ORIENTED_EDGE('',*,*,#513,.T.);
#321=ORIENTED_EDGE('',*,*,#534,.F.);
#322=ORIENTED_EDGE('',*,*,#527,.T.);
#323=ORIENTED_EDGE('',*,*,#540,.T.);
#324=ORIENTED_EDGE('',*,*,#504,.F.);
#325=ORIENTED_EDGE('',*,*,#536,.F.);
#326=ORIENTED_EDGE('',*,*,#531,.F.);
#327=ORIENTED_EDGE('',*,*,#533,.F.);
#328=ORIENTED_EDGE('',*,*,#506,.T.);
#329=ORIENTED_EDGE('',*,*,#500,.T.);
#330=ORIENTED_EDGE('',*,*,#501,.F.);
#331=ORIENTED_EDGE('',*,*,#505,.F.);
#332=ORIENTED_EDGE('',*,*,#502,.T.);
#333=ORIENTED_EDGE('',*,*,#460,.F.);
#334=ORIENTED_EDGE('',*,*,#457,.F.);
#335=ORIENTED_EDGE('',*,*,#454,.F.);
#336=ORIENTED_EDGE('',*,*,#497,.F.);
#337=ORIENTED_EDGE('',*,*,#537,.F.);
#338=ORIENTED_EDGE('',*,*,#499,.T.);
#339=ORIENTED_EDGE('',*,*,#494,.T.);
#340=ORIENTED_EDGE('',*,*,#541,.T.);
#341=ORIENTED_EDGE('',*,*,#515,.F.);
#342=ORIENTED_EDGE('',*,*,#542,.F.);
#343=ORIENTED_EDGE('',*,*,#525,.F.);
#344=ORIENTED_EDGE('',*,*,#543,.F.);
#345=ORIENTED_EDGE('',*,*,#544,.F.);
#346=ORIENTED_EDGE('',*,*,#545,.F.);
#347=ORIENTED_EDGE('',*,*,#546,.F.);
#348=ORIENTED_EDGE('',*,*,#526,.F.);
#349=ORIENTED_EDGE('',*,*,#542,.T.);
#350=ORIENTED_EDGE('',*,*,#514,.T.);
#351=ORIENTED_EDGE('',*,*,#540,.F.);
#352=ORIENTED_EDGE('',*,*,#539,.T.);
#353=ORIENTED_EDGE('',*,*,#516,.F.);
#354=ORIENTED_EDGE('',*,*,#541,.F.);
#355=ORIENTED_EDGE('',*,*,#524,.T.);
#356=ORIENTED_EDGE('',*,*,#547,.F.);
#357=ORIENTED_EDGE('',*,*,#548,.F.);
#358=ORIENTED_EDGE('',*,*,#544,.T.);
#359=ORIENTED_EDGE('',*,*,#549,.T.);
#360=ORIENTED_EDGE('',*,*,#550,.T.);
#361=ORIENTED_EDGE('',*,*,#551,.T.);
#362=ORIENTED_EDGE('',*,*,#549,.F.);
#363=ORIENTED_EDGE('',*,*,#543,.T.);
#364=ORIENTED_EDGE('',*,*,#552,.F.);
#365=ORIENTED_EDGE('',*,*,#553,.F.);
#366=ORIENTED_EDGE('',*,*,#545,.T.);
#367=ORIENTED_EDGE('',*,*,#548,.T.);
#368=ORIENTED_EDGE('',*,*,#554,.F.);
#369=ORIENTED_EDGE('',*,*,#550,.F.);
#370=ORIENTED_EDGE('',*,*,#546,.T.);
#371=ORIENTED_EDGE('',*,*,#553,.T.);
#372=ORIENTED_EDGE('',*,*,#552,.T.);
#373=ORIENTED_EDGE('',*,*,#547,.T.);
#374=ORIENTED_EDGE('',*,*,#551,.F.);
#375=ORIENTED_EDGE('',*,*,#554,.T.);
#376=ORIENTED_EDGE('',*,*,#538,.F.);
#377=ORIENTED_EDGE('',*,*,#510,.F.);
#378=ORIENTED_EDGE('',*,*,#555,.T.);
#379=ORIENTED_EDGE('',*,*,#479,.T.);
#380=ORIENTED_EDGE('',*,*,#556,.F.);
#381=ORIENTED_EDGE('',*,*,#440,.F.);
#382=ORIENTED_EDGE('',*,*,#556,.T.);
#383=ORIENTED_EDGE('',*,*,#478,.T.);
#384=ORIENTED_EDGE('',*,*,#433,.F.);
#385=ORIENTED_EDGE('',*,*,#452,.F.);
#386=ORIENTED_EDGE('',*,*,#429,.F.);
#387=ORIENTED_EDGE('',*,*,#450,.F.);
#388=ORIENTED_EDGE('',*,*,#425,.F.);
#389=ORIENTED_EDGE('',*,*,#448,.F.);
#390=ORIENTED_EDGE('',*,*,#421,.F.);
#391=ORIENTED_EDGE('',*,*,#446,.F.);
#392=ORIENTED_EDGE('',*,*,#417,.F.);
#393=ORIENTED_EDGE('',*,*,#444,.F.);
#394=ORIENTED_EDGE('',*,*,#413,.F.);
#395=ORIENTED_EDGE('',*,*,#442,.F.);
#396=ORIENTED_EDGE('',*,*,#441,.F.);
#397=ORIENTED_EDGE('',*,*,#443,.T.);
#398=ORIENTED_EDGE('',*,*,#415,.T.);
#399=ORIENTED_EDGE('',*,*,#445,.T.);
#400=ORIENTED_EDGE('',*,*,#419,.T.);
#401=ORIENTED_EDGE('',*,*,#447,.T.);
#402=ORIENTED_EDGE('',*,*,#423,.T.);
#403=ORIENTED_EDGE('',*,*,#449,.T.);
#404=ORIENTED_EDGE('',*,*,#427,.T.);
#405=ORIENTED_EDGE('',*,*,#451,.T.);
#406=ORIENTED_EDGE('',*,*,#431,.T.);
#407=ORIENTED_EDGE('',*,*,#453,.T.);
#408=ORIENTED_EDGE('',*,*,#435,.T.);
#409=ORIENTED_EDGE('',*,*,#480,.T.);
#410=ORIENTED_EDGE('',*,*,#555,.F.);
#411=ORIENTED_EDGE('',*,*,#439,.F.);
#412=EDGE_CURVE('',#557,#558,#649,.T.);
#413=EDGE_CURVE('',#558,#559,#96,.T.);
#414=EDGE_CURVE('',#560,#559,#650,.T.);
#415=EDGE_CURVE('',#557,#560,#97,.T.);
#416=EDGE_CURVE('',#561,#562,#651,.T.);
#417=EDGE_CURVE('',#562,#563,#98,.T.);
#418=EDGE_CURVE('',#564,#563,#652,.T.);
#419=EDGE_CURVE('',#561,#564,#99,.T.);
#420=EDGE_CURVE('',#565,#566,#653,.T.);
#421=EDGE_CURVE('',#566,#567,#100,.T.);
#422=EDGE_CURVE('',#568,#567,#654,.T.);
#423=EDGE_CURVE('',#565,#568,#101,.T.);
#424=EDGE_CURVE('',#569,#570,#655,.T.);
#425=EDGE_CURVE('',#570,#571,#102,.T.);
#426=EDGE_CURVE('',#572,#571,#656,.T.);
#427=EDGE_CURVE('',#569,#572,#103,.T.);
#428=EDGE_CURVE('',#573,#574,#657,.T.);
#429=EDGE_CURVE('',#574,#575,#104,.T.);
#430=EDGE_CURVE('',#576,#575,#658,.T.);
#431=EDGE_CURVE('',#573,#576,#105,.T.);
#432=EDGE_CURVE('',#577,#578,#659,.T.);
#433=EDGE_CURVE('',#578,#579,#106,.T.);
#434=EDGE_CURVE('',#579,#580,#64,.T.);
#435=EDGE_CURVE('',#577,#580,#107,.T.);
#436=EDGE_CURVE('NONE',#581,#582,#65,.T.);
#437=EDGE_CURVE('NONE',#582,#581,#66,.T.);
#438=EDGE_CURVE('',#583,#584,#67,.T.);
#439=EDGE_CURVE('',#584,#585,#27,.T.);
#440=EDGE_CURVE('',#585,#586,#28,.T.);
#441=EDGE_CURVE('',#586,#583,#29,.F.);
#442=EDGE_CURVE('',#583,#558,#108,.T.);
#443=EDGE_CURVE('',#584,#557,#109,.T.);
#444=EDGE_CURVE('',#559,#562,#110,.T.);
#445=EDGE_CURVE('',#560,#561,#111,.T.);
#446=EDGE_CURVE('',#563,#566,#112,.T.);
#447=EDGE_CURVE('',#564,#565,#113,.T.);
#448=EDGE_CURVE('',#567,#570,#114,.T.);
#449=EDGE_CURVE('',#568,#569,#115,.T.);
#450=EDGE_CURVE('',#571,#574,#116,.T.);
#451=EDGE_CURVE('',#572,#573,#117,.T.);
#452=EDGE_CURVE('',#575,#578,#118,.T.);
#453=EDGE_CURVE('',#576,#577,#119,.T.);
#454=EDGE_CURVE('NONE',#587,#588,#68,.T.);
#455=EDGE_CURVE('NONE',#588,#589,#660,.T.);
#456=EDGE_CURVE('NONE',#589,#587,#661,.F.);
#457=EDGE_CURVE('NONE',#588,#590,#69,.T.);
#458=EDGE_CURVE('NONE',#590,#591,#662,.T.);
#459=EDGE_CURVE('NONE',#591,#588,#663,.T.);
#460=EDGE_CURVE('NONE',#590,#592,#70,.T.);
#461=EDGE_CURVE('NONE',#592,#593,#664,.T.);
#462=EDGE_CURVE('NONE',#593,#590,#665,.T.);
#463=EDGE_CURVE('NONE',#592,#594,#71,.T.);
#464=EDGE_CURVE('NONE',#594,#595,#666,.T.);
#465=EDGE_CURVE('NONE',#595,#592,#667,.T.);
#466=EDGE_CURVE('NONE',#594,#596,#72,.T.);
#467=EDGE_CURVE('NONE',#596,#597,#668,.T.);
#468=EDGE_CURVE('NONE',#597,#594,#669,.T.);
#469=EDGE_CURVE('NONE',#596,#587,#73,.T.);
#470=EDGE_CURVE('NONE',#587,#598,#670,.F.);
#471=EDGE_CURVE('NONE',#598,#596,#671,.T.);
#472=EDGE_CURVE('',#599,#600,#74,.T.);
#473=EDGE_CURVE('',#600,#599,#75,.T.);
#474=EDGE_CURVE('NONE',#601,#602,#76,.F.);
#475=EDGE_CURVE('NONE',#602,#601,#77,.F.);
#476=EDGE_CURVE('NONE',#582,#602,#672,.T.);
#477=EDGE_CURVE('NONE',#581,#601,#673,.T.);
#478=EDGE_CURVE('',#603,#579,#30,.T.);
#479=EDGE_CURVE('',#604,#603,#31,.T.);
#480=EDGE_CURVE('',#580,#604,#32,.T.);
#481=EDGE_CURVE('NONE',#605,#606,#674,.T.);
#482=EDGE_CURVE('NONE',#606,#607,#675,.F.);
#483=EDGE_CURVE('NONE',#607,#608,#676,.T.);
#484=EDGE_CURVE('NONE',#608,#609,#677,.T.);
#485=EDGE_CURVE('NONE',#609,#610,#678,.T.);
#486=EDGE_CURVE('NONE',#610,#605,#679,.T.);
#487=EDGE_CURVE('NONE',#595,#607,#680,.F.);
#488=EDGE_CURVE('NONE',#593,#606,#681,.F.);
#489=EDGE_CURVE('NONE',#605,#591,#682,.T.);
#490=EDGE_CURVE('NONE',#610,#589,#683,.T.);
#491=EDGE_CURVE('NONE',#609,#598,#684,.T.);
#492=EDGE_CURVE('NONE',#608,#597,#685,.T.);
#493=EDGE_CURVE('NONE',#611,#599,#686,.T.);
#494=EDGE_CURVE('NONE',#612,#611,#78,.T.);
#495=EDGE_CURVE('NONE',#612,#600,#687,.T.);
#496=EDGE_CURVE('NONE',#613,#614,#79,.F.);
#497=EDGE_CURVE('NONE',#613,#611,#688,.T.);
#498=EDGE_CURVE('NONE',#611,#612,#80,.T.);
#499=EDGE_CURVE('NONE',#614,#612,#689,.T.);
#500=EDGE_CURVE('NONE',#615,#616,#81,.F.);
#501=EDGE_CURVE('NONE',#615,#587,#690,.T.);
#502=EDGE_CURVE('NONE',#616,#592,#691,.T.);
#503=EDGE_CURVE('NONE',#617,#618,#33,.T.);
#504=EDGE_CURVE('NONE',#617,#616,#692,.T.);
#505=EDGE_CURVE('NONE',#616,#615,#82,.F.);
#506=EDGE_CURVE('NONE',#619,#615,#693,.T.);
#507=EDGE_CURVE('NONE',#620,#619,#34,.T.);
#508=EDGE_CURVE('NONE',#618,#620,#35,.T.);
#509=EDGE_CURVE('NONE',#614,#621,#694,.T.);
#510=EDGE_CURVE('NONE',#621,#622,#83,.T.);
#511=EDGE_CURVE('NONE',#613,#622,#695,.T.);
#512=EDGE_CURVE('NONE',#623,#624,#15,.T.);
#513=EDGE_CURVE('NONE',#625,#624,#696,.F.);
#514=EDGE_CURVE('NONE',#626,#625,#697,.F.);
#515=EDGE_CURVE('NONE',#626,#627,#698,.F.);
#516=EDGE_CURVE('NONE',#627,#628,#699,.F.);
#517=EDGE_CURVE('NONE',#629,#628,#700,.F.);
#518=EDGE_CURVE('NONE',#629,#630,#16,.T.);
#519=EDGE_CURVE('NONE',#630,#623,#701,.T.);
#520=EDGE_CURVE('NONE',#631,#632,#17,.T.);
#521=EDGE_CURVE('NONE',#632,#633,#702,.T.);
#522=EDGE_CURVE('NONE',#633,#634,#18,.T.);
#523=EDGE_CURVE('NONE',#635,#634,#703,.T.);
#524=EDGE_CURVE('NONE',#636,#635,#704,.F.);
#525=EDGE_CURVE('NONE',#636,#637,#705,.F.);
#526=EDGE_CURVE('NONE',#637,#638,#706,.T.);
#527=EDGE_CURVE('NONE',#631,#638,#707,.T.);
#528=EDGE_CURVE('NONE',#639,#630,#708,.T.);
#529=EDGE_CURVE('NONE',#629,#634,#84,.F.);
#530=EDGE_CURVE('NONE',#640,#633,#709,.T.);
#531=EDGE_CURVE('NONE',#640,#639,#36,.T.);
#532=EDGE_CURVE('NONE',#620,#632,#710,.T.);
#533=EDGE_CURVE('NONE',#619,#640,#37,.T.);
#534=EDGE_CURVE('NONE',#631,#624,#85,.F.);
#535=EDGE_CURVE('NONE',#618,#623,#711,.T.);
#536=EDGE_CURVE('NONE',#639,#617,#38,.T.);
#537=EDGE_CURVE('NONE',#614,#613,#86,.F.);
#538=EDGE_CURVE('NONE',#622,#621,#87,.T.);
#539=EDGE_CURVE('NONE',#635,#628,#88,.T.);
#540=EDGE_CURVE('NONE',#638,#625,#89,.F.);
#541=EDGE_CURVE('NONE',#636,#627,#90,.T.);
#542=EDGE_CURVE('NONE',#637,#626,#91,.F.);
#543=EDGE_CURVE('NONE',#641,#642,#92,.T.);
#544=EDGE_CURVE('NONE',#643,#641,#712,.T.);
#545=EDGE_CURVE('NONE',#644,#643,#93,.T.);
#546=EDGE_CURVE('NONE',#642,#644,#713,.F.);
#547=EDGE_CURVE('NONE',#645,#646,#714,.T.);
#548=EDGE_CURVE('NONE',#643,#645,#715,.F.);
#549=EDGE_CURVE('NONE',#641,#646,#716,.T.);
#550=EDGE_CURVE('NONE',#642,#647,#717,.F.);
#551=EDGE_CURVE('NONE',#647,#646,#94,.F.);
#552=EDGE_CURVE('NONE',#648,#645,#95,.T.);
#553=EDGE_CURVE('NONE',#644,#648,#718,.T.);
#554=EDGE_CURVE('NONE',#647,#648,#719,.F.);
#555=EDGE_CURVE('',#585,#604,#120,.T.);
#556=EDGE_CURVE('',#586,#603,#121,.T.);
#557=VERTEX_POINT('',#1359);
#558=VERTEX_POINT('',#1360);
#559=VERTEX_POINT('',#1470);
#560=VERTEX_POINT('',#1472);
#561=VERTEX_POINT('',#1584);
#562=VERTEX_POINT('',#1585);
#563=VERTEX_POINT('',#1695);
#564=VERTEX_POINT('',#1697);
#565=VERTEX_POINT('',#1809);
#566=VERTEX_POINT('',#1810);
#567=VERTEX_POINT('',#1920);
#568=VERTEX_POINT('',#1922);
#569=VERTEX_POINT('',#2034);
#570=VERTEX_POINT('',#2035);
#571=VERTEX_POINT('',#2145);
#572=VERTEX_POINT('',#2147);
#573=VERTEX_POINT('',#2259);
#574=VERTEX_POINT('',#2260);
#575=VERTEX_POINT('',#2370);
#576=VERTEX_POINT('',#2372);
#577=VERTEX_POINT('',#2484);
#578=VERTEX_POINT('',#2485);
#579=VERTEX_POINT('',#2595);
#580=VERTEX_POINT('',#2597);
#581=VERTEX_POINT('',#2709);
#582=VERTEX_POINT('',#2710);
#583=VERTEX_POINT('',#2713);
#584=VERTEX_POINT('',#2714);
#585=VERTEX_POINT('',#2721);
#586=VERTEX_POINT('',#2727);
#587=VERTEX_POINT('',#4049);
#588=VERTEX_POINT('',#4050);
#589=VERTEX_POINT('',#4052);
#590=VERTEX_POINT('',#4056);
#591=VERTEX_POINT('',#4058);
#592=VERTEX_POINT('',#4062);
#593=VERTEX_POINT('',#4064);
#594=VERTEX_POINT('',#4068);
#595=VERTEX_POINT('',#4070);
#596=VERTEX_POINT('',#4074);
#597=VERTEX_POINT('',#4076);
#598=VERTEX_POINT('',#4081);
#599=VERTEX_POINT('',#4085);
#600=VERTEX_POINT('',#4086);
#601=VERTEX_POINT('',#4089);
#602=VERTEX_POINT('',#4090);
#603=VERTEX_POINT('',#4102);
#604=VERTEX_POINT('',#4108);
#605=VERTEX_POINT('',#4115);
#606=VERTEX_POINT('',#4116);
#607=VERTEX_POINT('',#4118);
#608=VERTEX_POINT('',#4120);
#609=VERTEX_POINT('',#4122);
#610=VERTEX_POINT('',#4124);
#611=VERTEX_POINT('',#4140);
#612=VERTEX_POINT('',#4142);
#613=VERTEX_POINT('',#4146);
#614=VERTEX_POINT('',#4147);
#615=VERTEX_POINT('',#4154);
#616=VERTEX_POINT('',#4155);
#617=VERTEX_POINT('',#4163);
#618=VERTEX_POINT('',#4164);
#619=VERTEX_POINT('',#4168);
#620=VERTEX_POINT('',#4173);
#621=VERTEX_POINT('',#4183);
#622=VERTEX_POINT('',#4185);
#623=VERTEX_POINT('',#4189);
#624=VERTEX_POINT('',#4190);
#625=VERTEX_POINT('',#4192);
#626=VERTEX_POINT('',#4194);
#627=VERTEX_POINT('',#4196);
#628=VERTEX_POINT('',#4198);
#629=VERTEX_POINT('',#4200);
#630=VERTEX_POINT('',#4202);
#631=VERTEX_POINT('',#4206);
#632=VERTEX_POINT('',#4207);
#633=VERTEX_POINT('',#4209);
#634=VERTEX_POINT('',#4211);
#635=VERTEX_POINT('',#4213);
#636=VERTEX_POINT('',#4215);
#637=VERTEX_POINT('',#4217);
#638=VERTEX_POINT('',#4219);
#639=VERTEX_POINT('',#4223);
#640=VERTEX_POINT('',#4226);
#641=VERTEX_POINT('',#4262);
#642=VERTEX_POINT('',#4263);
#643=VERTEX_POINT('',#4265);
#644=VERTEX_POINT('',#4267);
#645=VERTEX_POINT('',#4273);
#646=VERTEX_POINT('',#4274);
#647=VERTEX_POINT('',#4279);
#648=VERTEX_POINT('',#4283);
#649=LINE('',#1358,#720);
#650=LINE('',#1471,#721);
#651=LINE('',#1583,#722);
#652=LINE('',#1696,#723);
#653=LINE('',#1808,#724);
#654=LINE('',#1921,#725);
#655=LINE('',#2033,#726);
#656=LINE('',#2146,#727);
#657=LINE('',#2258,#728);
#658=LINE('',#2371,#729);
#659=LINE('',#2483,#730);
#660=LINE('',#4051,#731);
#661=LINE('',#4053,#732);
#662=LINE('',#4057,#733);
#663=LINE('',#4059,#734);
#664=LINE('',#4063,#735);
#665=LINE('',#4065,#736);
#666=LINE('',#4069,#737);
#667=LINE('',#4071,#738);
#668=LINE('',#4075,#739);
#669=LINE('',#4077,#740);
#670=LINE('',#4080,#741);
#671=LINE('',#4082,#742);
#672=LINE('',#4093,#743);
#673=LINE('',#4094,#744);
#674=LINE('',#4114,#745);
#675=LINE('',#4117,#746);
#676=LINE('',#4119,#747);
#677=LINE('',#4121,#748);
#678=LINE('',#4123,#749);
#679=LINE('',#4125,#750);
#680=LINE('',#4127,#751);
#681=LINE('',#4128,#752);
#682=LINE('',#4130,#753);
#683=LINE('',#4132,#754);
#684=LINE('',#4134,#755);
#685=LINE('',#4136,#756);
#686=LINE('',#4139,#757);
#687=LINE('',#4143,#758);
#688=LINE('',#4148,#759);
#689=LINE('',#4150,#760);
#690=LINE('',#4156,#761);
#691=LINE('',#4157,#762);
#692=LINE('',#4165,#763);
#693=LINE('',#4167,#764);
#694=LINE('',#4182,#765);
#695=LINE('',#4186,#766);
#696=LINE('',#4191,#767);
#697=LINE('',#4193,#768);
#698=LINE('',#4195,#769);
#699=LINE('',#4197,#770);
#700=LINE('',#4199,#771);
#701=LINE('',#4203,#772);
#702=LINE('',#4208,#773);
#703=LINE('',#4212,#774);
#704=LINE('',#4214,#775);
#705=LINE('',#4216,#776);
#706=LINE('',#4218,#777);
#707=LINE('',#4220,#778);
#708=LINE('',#4222,#779);
#709=LINE('',#4225,#780);
#710=LINE('',#4235,#781);
#711=LINE('',#4242,#782);
#712=LINE('',#4264,#783);
#713=LINE('',#4268,#784);
#714=LINE('',#4272,#785);
#715=LINE('',#4275,#786);
#716=LINE('',#4276,#787);
#717=LINE('',#4278,#788);
#718=LINE('',#4284,#789);
#719=LINE('',#4286,#790);
#720=VECTOR('',#1105,1.);
#721=VECTOR('',#1106,1.);
#722=VECTOR('',#1109,1.);
#723=VECTOR('',#1110,1.);
#724=VECTOR('',#1113,1.);
#725=VECTOR('',#1114,1.);
#726=VECTOR('',#1117,1.);
#727=VECTOR('',#1118,1.);
#728=VECTOR('',#1121,1.);
#729=VECTOR('',#1122,1.);
#730=VECTOR('',#1125,1.);
#731=VECTOR('',#1152,1.);
#732=VECTOR('',#1153,1.);
#733=VECTOR('',#1158,1.);
#734=VECTOR('',#1159,1.);
#735=VECTOR('',#1164,1.);
#736=VECTOR('',#1165,1.);
#737=VECTOR('',#1170,1.);
#738=VECTOR('',#1171,1.);
#739=VECTOR('',#1176,1.);
#740=VECTOR('',#1177,1.);
#741=VECTOR('',#1182,1.);
#742=VECTOR('',#1183,1.);
#743=VECTOR('',#1196,1.);
#744=VECTOR('',#1197,1.);
#745=VECTOR('',#1202,1.);
#746=VECTOR('',#1203,1.);
#747=VECTOR('',#1204,1.);
#748=VECTOR('',#1205,1.);
#749=VECTOR('',#1206,1.);
#750=VECTOR('',#1207,1.);
#751=VECTOR('',#1210,1.);
#752=VECTOR('',#1211,1.);
#753=VECTOR('',#1214,1.);
#754=VECTOR('',#1217,1.);
#755=VECTOR('',#1220,1.);
#756=VECTOR('',#1223,1.);
#757=VECTOR('',#1228,1.);
#758=VECTOR('',#1231,1.);
#759=VECTOR('',#1236,1.);
#760=VECTOR('',#1239,1.);
#761=VECTOR('',#1246,1.);
#762=VECTOR('',#1247,1.);
#763=VECTOR('',#1250,1.);
#764=VECTOR('',#1253,1.);
#765=VECTOR('',#1256,1.);
#766=VECTOR('',#1259,1.);
#767=VECTOR('',#1264,1.);
#768=VECTOR('',#1265,1.);
#769=VECTOR('',#1266,1.);
#770=VECTOR('',#1267,1.);
#771=VECTOR('',#1268,1.);
#772=VECTOR('',#1271,1.);
#773=VECTOR('',#1276,1.);
#774=VECTOR('',#1279,1.);
#775=VECTOR('',#1280,1.);
#776=VECTOR('',#1281,1.);
#777=VECTOR('',#1282,1.);
#778=VECTOR('',#1283,1.);
#779=VECTOR('',#1286,1.);
#780=VECTOR('',#1289,1.);
#781=VECTOR('',#1292,1.);
#782=VECTOR('',#1297,1.);
#783=VECTOR('',#1328,1.);
#784=VECTOR('',#1331,1.);
#785=VECTOR('',#1338,1.);
#786=VECTOR('',#1339,1.);
#787=VECTOR('',#1340,1.);
#788=VECTOR('',#1343,1.);
#789=VECTOR('',#1350,1.);
#790=VECTOR('',#1353,1.);
#791=EDGE_LOOP('',(#122,#123,#124,#125));
#792=EDGE_LOOP('',(#126,#127,#128,#129));
#793=EDGE_LOOP('',(#130,#131,#132,#133));
#794=EDGE_LOOP('',(#134,#135,#136,#137));
#795=EDGE_LOOP('',(#138,#139,#140,#141));
#796=EDGE_LOOP('',(#142,#143,#144,#145));
#797=EDGE_LOOP('',(#146,#147));
#798=EDGE_LOOP('',(#148,#149,#150,#151));
#799=EDGE_LOOP('',(#152,#153,#154,#155));
#800=EDGE_LOOP('',(#156,#157,#158,#159));
#801=EDGE_LOOP('',(#160,#161,#162,#163));
#802=EDGE_LOOP('',(#164,#165,#166,#167));
#803=EDGE_LOOP('',(#168,#169,#170,#171));
#804=EDGE_LOOP('',(#172,#173,#174,#175));
#805=EDGE_LOOP('',(#176,#177,#178));
#806=EDGE_LOOP('',(#179,#180,#181));
#807=EDGE_LOOP('',(#182,#183,#184));
#808=EDGE_LOOP('',(#185,#186,#187));
#809=EDGE_LOOP('',(#188,#189,#190));
#810=EDGE_LOOP('',(#191,#192,#193));
#811=EDGE_LOOP('',(#194,#195));
#812=EDGE_LOOP('',(#196,#197));
#813=EDGE_LOOP('',(#198,#199,#200,#201));
#814=EDGE_LOOP('',(#202,#203,#204,#205));
#815=EDGE_LOOP('',(#206,#207,#208,#209));
#816=EDGE_LOOP('',(#210,#211,#212,#213,#214,#215));
#817=EDGE_LOOP('',(#216,#217,#218,#219,#220));
#818=EDGE_LOOP('',(#221,#222,#223,#224,#225));
#819=EDGE_LOOP('',(#226,#227,#228,#229,#230));
#820=EDGE_LOOP('',(#231,#232,#233,#234,#235));
#821=EDGE_LOOP('',(#236,#237,#238,#239,#240));
#822=EDGE_LOOP('',(#241,#242,#243,#244,#245));
#823=EDGE_LOOP('',(#246,#247,#248,#249));
#824=EDGE_LOOP('',(#250,#251,#252,#253));
#825=EDGE_LOOP('',(#254,#255,#256,#257));
#826=EDGE_LOOP('',(#258,#259,#260,#261,#262,#263));
#827=EDGE_LOOP('',(#264,#265,#266,#267,#268,#269));
#828=EDGE_LOOP('',(#270,#271,#272,#273));
#829=EDGE_LOOP('',(#274,#275,#276,#277,#278,#279,#280,#281));
#830=EDGE_LOOP('',(#282,#283,#284,#285,#286,#287,#288,#289));
#831=EDGE_LOOP('',(#290,#291,#292,#293,#294,#295));
#832=EDGE_LOOP('',(#296,#297,#298,#299,#300));
#833=EDGE_LOOP('',(#301,#302,#303,#304,#305,#306));
#834=EDGE_LOOP('',(#307,#308,#309,#310,#311));
#835=EDGE_LOOP('',(#312,#313,#314,#315));
#836=EDGE_LOOP('',(#316,#317,#318,#319));
#837=EDGE_LOOP('',(#320,#321,#322,#323));
#838=EDGE_LOOP('',(#324,#325,#326,#327,#328,#329));
#839=EDGE_LOOP('',(#330,#331,#332,#333,#334,#335));
#840=EDGE_LOOP('',(#336,#337,#338,#339));
#841=EDGE_LOOP('',(#340,#341,#342,#343));
#842=EDGE_LOOP('',(#344,#345,#346,#347));
#843=EDGE_LOOP('',(#348,#349,#350,#351));
#844=EDGE_LOOP('',(#352,#353,#354,#355));
#845=EDGE_LOOP('',(#356,#357,#358,#359));
#846=EDGE_LOOP('',(#360,#361,#362,#363));
#847=EDGE_LOOP('',(#364,#365,#366,#367));
#848=EDGE_LOOP('',(#368,#369,#370,#371));
#849=EDGE_LOOP('',(#372,#373,#374,#375));
#850=EDGE_LOOP('',(#376,#377));
#851=EDGE_LOOP('',(#378,#379,#380,#381));
#852=EDGE_LOOP('',(#382,#383,#384,#385,#386,#387,#388,#389,#390,#391,#392,
#393,#394,#395,#396));
#853=EDGE_LOOP('',(#397,#398,#399,#400,#401,#402,#403,#404,#405,#406,#407,
#408,#409,#410,#411));
#854=FACE_BOUND('',#791,.T.);
#855=FACE_BOUND('',#792,.T.);
#856=FACE_BOUND('',#793,.T.);
#857=FACE_BOUND('',#794,.T.);
#858=FACE_BOUND('',#795,.T.);
#859=FACE_BOUND('',#796,.T.);
#860=FACE_BOUND('',#797,.T.);
#861=FACE_BOUND('',#798,.T.);
#862=FACE_BOUND('',#799,.T.);
#863=FACE_BOUND('',#800,.T.);
#864=FACE_BOUND('',#801,.T.);
#865=FACE_BOUND('',#802,.T.);
#866=FACE_BOUND('',#803,.T.);
#867=FACE_BOUND('',#804,.T.);
#868=FACE_BOUND('',#805,.T.);
#869=FACE_BOUND('',#806,.T.);
#870=FACE_BOUND('',#807,.T.);
#871=FACE_BOUND('',#808,.T.);
#872=FACE_BOUND('',#809,.T.);
#873=FACE_BOUND('',#810,.T.);
#874=FACE_BOUND('',#811,.T.);
#875=FACE_BOUND('',#812,.T.);
#876=FACE_BOUND('',#813,.T.);
#877=FACE_BOUND('',#814,.T.);
#878=FACE_BOUND('',#815,.T.);
#879=FACE_BOUND('',#816,.T.);
#880=FACE_BOUND('',#817,.T.);
#881=FACE_BOUND('',#818,.T.);
#882=FACE_BOUND('',#819,.T.);
#883=FACE_BOUND('',#820,.T.);
#884=FACE_BOUND('',#821,.T.);
#885=FACE_BOUND('',#822,.T.);
#886=FACE_BOUND('',#823,.T.);
#887=FACE_BOUND('',#824,.T.);
#888=FACE_BOUND('',#825,.T.);
#889=FACE_BOUND('',#826,.T.);
#890=FACE_BOUND('',#827,.T.);
#891=FACE_BOUND('',#828,.T.);
#892=FACE_BOUND('',#829,.T.);
#893=FACE_BOUND('',#830,.T.);
#894=FACE_BOUND('',#831,.T.);
#895=FACE_BOUND('',#832,.T.);
#896=FACE_BOUND('',#833,.T.);
#897=FACE_BOUND('',#834,.T.);
#898=FACE_BOUND('',#835,.T.);
#899=FACE_BOUND('',#836,.T.);
#900=FACE_BOUND('',#837,.T.);
#901=FACE_BOUND('',#838,.T.);
#902=FACE_BOUND('',#839,.T.);
#903=FACE_BOUND('',#840,.T.);
#904=FACE_BOUND('',#841,.T.);
#905=FACE_BOUND('',#842,.T.);
#906=FACE_BOUND('',#843,.T.);
#907=FACE_BOUND('',#844,.T.);
#908=FACE_BOUND('',#845,.T.);
#909=FACE_BOUND('',#846,.T.);
#910=FACE_BOUND('',#847,.T.);
#911=FACE_BOUND('',#848,.T.);
#912=FACE_BOUND('',#849,.T.);
#913=FACE_BOUND('',#850,.T.);
#914=FACE_BOUND('',#851,.T.);
#915=FACE_BOUND('',#852,.T.);
#916=FACE_BOUND('',#853,.T.);
#917=CYLINDRICAL_SURFACE('',#1010,0.0025);
#918=CYLINDRICAL_SURFACE('',#1011,0.0025);
#919=CYLINDRICAL_SURFACE('',#1012,0.0025);
#920=CYLINDRICAL_SURFACE('',#1013,0.0025);
#921=CYLINDRICAL_SURFACE('',#1014,0.0025);
#922=CYLINDRICAL_SURFACE('',#1015,0.0025);
#923=CYLINDRICAL_SURFACE('',#1021,0.0025);
#924=CYLINDRICAL_SURFACE('',#1022,0.0025);
#925=CYLINDRICAL_SURFACE('',#1023,0.0025);
#926=CYLINDRICAL_SURFACE('',#1024,0.0025);
#927=CYLINDRICAL_SURFACE('',#1025,0.0025);
#928=CYLINDRICAL_SURFACE('',#1026,0.0025);
#929=CYLINDRICAL_SURFACE('',#1044,0.0009);
#930=CYLINDRICAL_SURFACE('',#1045,0.0009);
#931=CYLINDRICAL_SURFACE('',#1053,0.0021);
#932=CYLINDRICAL_SURFACE('',#1058,0.0021);
#933=CYLINDRICAL_SURFACE('',#1059,0.004);
#934=CYLINDRICAL_SURFACE('',#1063,0.00075);
#935=CYLINDRICAL_SURFACE('',#1071,0.00175);
#936=CYLINDRICAL_SURFACE('',#1074,0.00175);
#937=CYLINDRICAL_SURFACE('',#1077,0.00075);
#938=CYLINDRICAL_SURFACE('',#1085,0.004);
#939=ADVANCED_FACE('NONE',(#854),#917,.T.);
#940=ADVANCED_FACE('NONE',(#855),#918,.T.);
#941=ADVANCED_FACE('NONE',(#856),#919,.T.);
#942=ADVANCED_FACE('NONE',(#857),#920,.T.);
#943=ADVANCED_FACE('NONE',(#858),#921,.T.);
#944=ADVANCED_FACE('NONE',(#859),#922,.T.);
#945=ADVANCED_FACE('NONE',(#860,#861),#39,.T.);
#946=ADVANCED_FACE('NONE',(#862),#923,.T.);
#947=ADVANCED_FACE('NONE',(#863),#924,.T.);
#948=ADVANCED_FACE('NONE',(#864),#925,.T.);
#949=ADVANCED_FACE('NONE',(#865),#926,.T.);
#950=ADVANCED_FACE('NONE',(#866),#927,.T.);
#951=ADVANCED_FACE('NONE',(#867),#928,.T.);
#952=ADVANCED_FACE('NONE',(#868),#40,.F.);
#953=ADVANCED_FACE('NONE',(#869),#41,.F.);
#954=ADVANCED_FACE('NONE',(#870),#42,.F.);
#955=ADVANCED_FACE('NONE',(#871),#43,.F.);
#956=ADVANCED_FACE('NONE',(#872),#44,.F.);
#957=ADVANCED_FACE('NONE',(#873),#45,.F.);
#958=ADVANCED_FACE('NONE',(#874,#875),#46,.T.);
#959=ADVANCED_FACE('NONE',(#876),#929,.F.);
#960=ADVANCED_FACE('NONE',(#877),#930,.F.);
#961=ADVANCED_FACE('NONE',(#878,#879),#47,.T.);
#962=ADVANCED_FACE('NONE',(#880),#48,.T.);
#963=ADVANCED_FACE('NONE',(#881),#49,.T.);
#964=ADVANCED_FACE('NONE',(#882),#50,.T.);
#965=ADVANCED_FACE('NONE',(#883),#51,.T.);
#966=ADVANCED_FACE('NONE',(#884),#52,.T.);
#967=ADVANCED_FACE('NONE',(#885),#53,.T.);
#968=ADVANCED_FACE('NONE',(#886),#931,.F.);
#969=ADVANCED_FACE('NONE',(#887),#19,.F.);
#970=ADVANCED_FACE('NONE',(#888),#932,.F.);
#971=ADVANCED_FACE('NONE',(#889),#933,.T.);
#972=ADVANCED_FACE('NONE',(#890),#20,.T.);
#973=ADVANCED_FACE('NONE',(#891),#934,.F.);
#974=ADVANCED_FACE('NONE',(#892),#54,.F.);
#975=ADVANCED_FACE('NONE',(#893),#55,.F.);
#976=ADVANCED_FACE('NONE',(#894),#935,.T.);
#977=ADVANCED_FACE('NONE',(#895),#56,.T.);
#978=ADVANCED_FACE('NONE',(#896),#936,.T.);
#979=ADVANCED_FACE('NONE',(#897),#57,.T.);
#980=ADVANCED_FACE('NONE',(#898),#937,.F.);
#981=ADVANCED_FACE('NONE',(#899),#58,.T.);
#982=ADVANCED_FACE('NONE',(#900),#59,.T.);
#983=ADVANCED_FACE('NONE',(#901),#21,.T.);
#984=ADVANCED_FACE('NONE',(#902),#938,.T.);
#985=ADVANCED_FACE('NONE',(#903),#22,.F.);
#986=ADVANCED_FACE('NONE',(#904,#905),#60,.F.);
#987=ADVANCED_FACE('NONE',(#906),#23,.T.);
#988=ADVANCED_FACE('NONE',(#907),#24,.T.);
#989=ADVANCED_FACE('NONE',(#908),#61,.T.);
#990=ADVANCED_FACE('NONE',(#909),#25,.F.);
#991=ADVANCED_FACE('NONE',(#910),#26,.F.);
#992=ADVANCED_FACE('NONE',(#911),#62,.T.);
#993=ADVANCED_FACE('NONE',(#912,#913),#63,.T.);
#994=ADVANCED_FACE('',(#914),#12,.F.);
#995=ADVANCED_FACE('',(#915),#13,.F.);
#996=ADVANCED_FACE('',(#916),#14,.F.);
#997=CLOSED_SHELL('',(#939,#940,#941,#942,#943,#944,#945,#946,#947,#948,
#949,#950,#951,#952,#953,#954,#955,#956,#957,#958,#959,#960,#961,#962,#963,
#964,#965,#966,#967,#968,#969,#970,#971,#972,#973,#974,#975,#976,#977,#978,
#979,#980,#981,#982,#983,#984,#985,#986,#987,#988,#989,#990,#991,#992,#993,
#994,#995,#996));
#998=STYLED_ITEM('',(#999),#1006);
#999=PRESENTATION_STYLE_ASSIGNMENT((#1000));
#1000=SURFACE_STYLE_USAGE(.BOTH.,#1001);
#1001=SURFACE_SIDE_STYLE('',(#1002));
#1002=SURFACE_STYLE_FILL_AREA(#1003);
#1003=FILL_AREA_STYLE('',(#1004));
#1004=FILL_AREA_STYLE_COLOUR('',#1005);
#1005=COLOUR_RGB('',0.509803921568627,0.509803921568627,0.588235294117647);
#1006=MANIFOLD_SOLID_BREP('10_01_05_00406',#997);
#1007=SHAPE_DEFINITION_REPRESENTATION(#5112,#1008);
#1008=SHAPE_REPRESENTATION('10_01_05_00406',(#1009),#5107);
#1009=AXIS2_PLACEMENT_3D('',#1356,#1101,#1102);
#1010=AXIS2_PLACEMENT_3D('',#1357,#1103,#1104);
#1011=AXIS2_PLACEMENT_3D('',#1582,#1107,#1108);
#1012=AXIS2_PLACEMENT_3D('',#1807,#1111,#1112);
#1013=AXIS2_PLACEMENT_3D('',#2032,#1115,#1116);
#1014=AXIS2_PLACEMENT_3D('',#2257,#1119,#1120);
#1015=AXIS2_PLACEMENT_3D('',#2482,#1123,#1124);
#1016=AXIS2_PLACEMENT_3D('',#2596,#1126,#1127);
#1017=AXIS2_PLACEMENT_3D('',#2707,#1128,#1129);
#1018=AXIS2_PLACEMENT_3D('',#2708,#1130,#1131);
#1019=AXIS2_PLACEMENT_3D('',#2711,#1132,#1133);
#1020=AXIS2_PLACEMENT_3D('',#2712,#1134,#1135);
#1021=AXIS2_PLACEMENT_3D('',#2733,#1136,#1137);
#1022=AXIS2_PLACEMENT_3D('',#2952,#1138,#1139);
#1023=AXIS2_PLACEMENT_3D('',#3171,#1140,#1141);
#1024=AXIS2_PLACEMENT_3D('',#3390,#1142,#1143);
#1025=AXIS2_PLACEMENT_3D('',#3609,#1144,#1145);
#1026=AXIS2_PLACEMENT_3D('',#3828,#1146,#1147);
#1027=AXIS2_PLACEMENT_3D('',#4047,#1148,#1149);
#1028=AXIS2_PLACEMENT_3D('',#4048,#1150,#1151);
#1029=AXIS2_PLACEMENT_3D('',#4054,#1154,#1155);
#1030=AXIS2_PLACEMENT_3D('',#4055,#1156,#1157);
#1031=AXIS2_PLACEMENT_3D('',#4060,#1160,#1161);
#1032=AXIS2_PLACEMENT_3D('',#4061,#1162,#1163);
#1033=AXIS2_PLACEMENT_3D('',#4066,#1166,#1167);
#1034=AXIS2_PLACEMENT_3D('',#4067,#1168,#1169);
#1035=AXIS2_PLACEMENT_3D('',#4072,#1172,#1173);
#1036=AXIS2_PLACEMENT_3D('',#4073,#1174,#1175);
#1037=AXIS2_PLACEMENT_3D('',#4078,#1178,#1179);
#1038=AXIS2_PLACEMENT_3D('',#4079,#1180,#1181);
#1039=AXIS2_PLACEMENT_3D('',#4083,#1184,#1185);
#1040=AXIS2_PLACEMENT_3D('',#4084,#1186,#1187);
#1041=AXIS2_PLACEMENT_3D('',#4087,#1188,#1189);
#1042=AXIS2_PLACEMENT_3D('',#4088,#1190,#1191);
#1043=AXIS2_PLACEMENT_3D('',#4091,#1192,#1193);
#1044=AXIS2_PLACEMENT_3D('',#4092,#1194,#1195);
#1045=AXIS2_PLACEMENT_3D('',#4095,#1198,#1199);
#1046=AXIS2_PLACEMENT_3D('',#4096,#1200,#1201);
#1047=AXIS2_PLACEMENT_3D('',#4126,#1208,#1209);
#1048=AXIS2_PLACEMENT_3D('',#4129,#1212,#1213);
#1049=AXIS2_PLACEMENT_3D('',#4131,#1215,#1216);
#1050=AXIS2_PLACEMENT_3D('',#4133,#1218,#1219);
#1051=AXIS2_PLACEMENT_3D('',#4135,#1221,#1222);
#1052=AXIS2_PLACEMENT_3D('',#4137,#1224,#1225);
#1053=AXIS2_PLACEMENT_3D('',#4138,#1226,#1227);
#1054=AXIS2_PLACEMENT_3D('',#4141,#1229,#1230);
#1055=AXIS2_PLACEMENT_3D('',#4144,#1232,#1233);
#1056=AXIS2_PLACEMENT_3D('',#4145,#1234,#1235);
#1057=AXIS2_PLACEMENT_3D('',#4149,#1237,#1238);
#1058=AXIS2_PLACEMENT_3D('',#4151,#1240,#1241);
#1059=AXIS2_PLACEMENT_3D('',#4152,#1242,#1243);
#1060=AXIS2_PLACEMENT_3D('',#4153,#1244,#1245);
#1061=AXIS2_PLACEMENT_3D('',#4158,#1248,#1249);
#1062=AXIS2_PLACEMENT_3D('',#4166,#1251,#1252);
#1063=AXIS2_PLACEMENT_3D('',#4181,#1254,#1255);
#1064=AXIS2_PLACEMENT_3D('',#4184,#1257,#1258);
#1065=AXIS2_PLACEMENT_3D('',#4187,#1260,#1261);
#1066=AXIS2_PLACEMENT_3D('',#4188,#1262,#1263);
#1067=AXIS2_PLACEMENT_3D('',#4201,#1269,#1270);
#1068=AXIS2_PLACEMENT_3D('',#4204,#1272,#1273);
#1069=AXIS2_PLACEMENT_3D('',#4205,#1274,#1275);
#1070=AXIS2_PLACEMENT_3D('',#4210,#1277,#1278);
#1071=AXIS2_PLACEMENT_3D('',#4221,#1284,#1285);
#1072=AXIS2_PLACEMENT_3D('',#4224,#1287,#1288);
#1073=AXIS2_PLACEMENT_3D('',#4234,#1290,#1291);
#1074=AXIS2_PLACEMENT_3D('',#4240,#1293,#1294);
#1075=AXIS2_PLACEMENT_3D('',#4241,#1295,#1296);
#1076=AXIS2_PLACEMENT_3D('',#4243,#1298,#1299);
#1077=AXIS2_PLACEMENT_3D('',#4248,#1300,#1301);
#1078=AXIS2_PLACEMENT_3D('',#4249,#1302,#1303);
#1079=AXIS2_PLACEMENT_3D('',#4250,#1304,#1305);
#1080=AXIS2_PLACEMENT_3D('',#4251,#1306,#1307);
#1081=AXIS2_PLACEMENT_3D('',#4252,#1308,#1309);
#1082=AXIS2_PLACEMENT_3D('',#4253,#1310,#1311);
#1083=AXIS2_PLACEMENT_3D('',#4254,#1312,#1313);
#1084=AXIS2_PLACEMENT_3D('',#4255,#1314,#1315);
#1085=AXIS2_PLACEMENT_3D('',#4256,#1316,#1317);
#1086=AXIS2_PLACEMENT_3D('',#4257,#1318,#1319);
#1087=AXIS2_PLACEMENT_3D('',#4258,#1320,#1321);
#1088=AXIS2_PLACEMENT_3D('',#4259,#1322,#1323);
#1089=AXIS2_PLACEMENT_3D('',#4260,#1324,#1325);
#1090=AXIS2_PLACEMENT_3D('',#4261,#1326,#1327);
#1091=AXIS2_PLACEMENT_3D('',#4266,#1329,#1330);
#1092=AXIS2_PLACEMENT_3D('',#4269,#1332,#1333);
#1093=AXIS2_PLACEMENT_3D('',#4270,#1334,#1335);
#1094=AXIS2_PLACEMENT_3D('',#4271,#1336,#1337);
#1095=AXIS2_PLACEMENT_3D('',#4277,#1341,#1342);
#1096=AXIS2_PLACEMENT_3D('',#4280,#1344,#1345);
#1097=AXIS2_PLACEMENT_3D('',#4281,#1346,#1347);
#1098=AXIS2_PLACEMENT_3D('',#4282,#1348,#1349);
#1099=AXIS2_PLACEMENT_3D('',#4285,#1351,#1352);
#1100=AXIS2_PLACEMENT_3D('',#4287,#1354,#1355);
#1101=DIRECTION('',(0.,0.,1.));
#1102=DIRECTION('',(1.,0.,0.));
#1103=DIRECTION('',(0.,1.,0.));
#1104=DIRECTION('',(1.,0.,0.));
#1105=DIRECTION('',(0.,1.,0.));
#1106=DIRECTION('',(0.,1.,0.));
#1107=DIRECTION('',(0.,1.,0.));
#1108=DIRECTION('',(1.,0.,0.));
#1109=DIRECTION('',(0.,1.,0.));
#1110=DIRECTION('',(0.,1.,0.));
#1111=DIRECTION('',(0.,1.,0.));
#1112=DIRECTION('',(1.,0.,0.));
#1113=DIRECTION('',(0.,1.,0.));
#1114=DIRECTION('',(0.,1.,0.));
#1115=DIRECTION('',(0.,1.,0.));
#1116=DIRECTION('',(1.,0.,0.));
#1117=DIRECTION('',(0.,1.,0.));
#1118=DIRECTION('',(0.,1.,0.));
#1119=DIRECTION('',(0.,1.,0.));
#1120=DIRECTION('',(1.,0.,0.));
#1121=DIRECTION('',(0.,1.,0.));
#1122=DIRECTION('',(0.,1.,0.));
#1123=DIRECTION('',(0.,1.,0.));
#1124=DIRECTION('',(1.,0.,0.));
#1125=DIRECTION('',(0.,1.,0.));
#1126=DIRECTION('',(0.,1.,0.));
#1127=DIRECTION('',(1.,0.,0.));
#1128=DIRECTION('',(0.,1.,0.));
#1129=DIRECTION('',(1.,0.,0.));
#1130=DIRECTION('',(0.,-1.,0.));
#1131=DIRECTION('',(-1.,0.,0.));
#1132=DIRECTION('',(0.,-1.,0.));
#1133=DIRECTION('',(-1.,0.,0.));
#1134=DIRECTION('',(0.,1.,0.));
#1135=DIRECTION('',(1.,0.,0.));
#1136=DIRECTION('',(0.,1.,0.));
#1137=DIRECTION('',(1.,0.,0.));
#1138=DIRECTION('',(0.,1.,0.));
#1139=DIRECTION('',(1.,0.,0.));
#1140=DIRECTION('',(0.,1.,0.));
#1141=DIRECTION('',(1.,0.,0.));
#1142=DIRECTION('',(0.,1.,0.));
#1143=DIRECTION('',(1.,0.,0.));
#1144=DIRECTION('',(0.,1.,0.));
#1145=DIRECTION('',(1.,0.,0.));
#1146=DIRECTION('',(0.,1.,0.));
#1147=DIRECTION('',(1.,0.,0.));
#1148=DIRECTION('',(0.,1.,0.));
#1149=DIRECTION('',(1.,0.,0.));
#1150=DIRECTION('',(0.,1.,0.));
#1151=DIRECTION('',(1.,0.,0.));
#1152=DIRECTION('',(-0.499999996286093,0.,0.866025405928664));
#1153=DIRECTION('',(1.,0.,0.));
#1154=DIRECTION('',(0.,1.,0.));
#1155=DIRECTION('',(1.,0.,0.));
#1156=DIRECTION('',(0.,1.,0.));
#1157=DIRECTION('',(1.,0.,0.));
#1158=DIRECTION('',(0.500000003713907,0.,0.866025401640214));
#1159=DIRECTION('',(-0.500000003713907,0.,0.866025401640213));
#1160=DIRECTION('',(0.,1.,0.));
#1161=DIRECTION('',(1.,0.,0.));
#1162=DIRECTION('',(0.,1.,0.));
#1163=DIRECTION('',(1.,0.,0.));
#1164=DIRECTION('',(1.,0.,0.));
#1165=DIRECTION('',(0.499999996286095,0.,0.866025405928663));
#1166=DIRECTION('',(0.,1.,0.));
#1167=DIRECTION('',(1.,0.,0.));
#1168=DIRECTION('',(0.,1.,0.));
#1169=DIRECTION('',(1.,0.,0.));
#1170=DIRECTION('',(0.499999996286093,0.,-0.866025405928664));
#1171=DIRECTION('',(1.,0.,0.));
#1172=DIRECTION('',(0.,1.,0.));
#1173=DIRECTION('',(1.,0.,0.));
#1174=DIRECTION('',(0.,1.,0.));
#1175=DIRECTION('',(1.,0.,0.));
#1176=DIRECTION('',(-0.500000003713906,0.,-0.866025401640214));
#1177=DIRECTION('',(0.500000003713907,0.,-0.866025401640213));
#1178=DIRECTION('',(0.,1.,0.));
#1179=DIRECTION('',(1.,0.,0.));
#1180=DIRECTION('',(0.,1.,0.));
#1181=DIRECTION('',(1.,0.,0.));
#1182=DIRECTION('',(1.,0.,0.));
#1183=DIRECTION('',(-0.499999996286094,0.,-0.866025405928663));
#1184=DIRECTION('',(0.,-1.,0.));
#1185=DIRECTION('',(0.,0.,1.));
#1186=DIRECTION('',(0.,1.,0.));
#1187=DIRECTION('',(1.,0.,0.));
#1188=DIRECTION('',(0.,1.,0.));
#1189=DIRECTION('',(1.,0.,0.));
#1190=DIRECTION('',(0.,-1.,0.));
#1191=DIRECTION('',(-1.,0.,0.));
#1192=DIRECTION('',(0.,-1.,0.));
#1193=DIRECTION('',(-1.,0.,0.));
#1194=DIRECTION('',(0.,-1.,0.));
#1195=DIRECTION('',(-1.,0.,0.));
#1196=DIRECTION('',(0.,-1.,0.));
#1197=DIRECTION('',(0.,-1.,0.));
#1198=DIRECTION('',(0.,-1.,0.));
#1199=DIRECTION('',(-1.,0.,0.));
#1200=DIRECTION('',(0.,1.,0.));
#1201=DIRECTION('',(1.,0.,0.));
#1202=DIRECTION('',(-0.5,0.,-0.866025403784438));
#1203=DIRECTION('',(1.,0.,0.));
#1204=DIRECTION('',(-0.5,0.,0.866025403784439));
#1205=DIRECTION('',(0.5,0.,0.866025403784438));
#1206=DIRECTION('',(1.,0.,0.));
#1207=DIRECTION('',(0.5,0.,-0.866025403784438));
#1208=DIRECTION('',(9.65442351205054E-80,2.47679771571574E-32,-1.));
#1209=DIRECTION('',(0.,-1.,-2.47679771571574E-32));
#1210=DIRECTION('',(0.,-1.,-2.47679771571574E-32));
#1211=DIRECTION('',(0.,-1.,0.));
#1212=DIRECTION('',(0.866025403784439,0.,-0.5));
#1213=DIRECTION('',(0.,-1.,0.));
#1214=DIRECTION('',(0.,-1.,0.));
#1215=DIRECTION('',(0.866025403784439,0.,0.5));
#1216=DIRECTION('',(0.,-1.,0.));
#1217=DIRECTION('',(0.,-1.,0.));
#1218=DIRECTION('',(-2.53526586329475E-16,0.,1.));
#1219=DIRECTION('',(-1.,0.,-2.53526586329475E-16));
#1220=DIRECTION('',(0.,-1.,0.));
#1221=DIRECTION('',(-0.866025403784439,0.,0.5));
#1222=DIRECTION('',(-0.5,0.,-0.866025403784439));
#1223=DIRECTION('',(0.,-1.,0.));
#1224=DIRECTION('',(-0.866025403784439,0.,-0.5));
#1225=DIRECTION('',(0.,1.,0.));
#1226=DIRECTION('',(0.,1.,0.));
#1227=DIRECTION('',(8.88178419700125E-16,0.,-1.));
#1228=DIRECTION('',(0.,1.,0.));
#1229=DIRECTION('',(0.,1.,0.));
#1230=DIRECTION('',(1.,0.,0.));
#1231=DIRECTION('',(0.,1.,0.));
#1232=DIRECTION('',(0.,1.,0.));
#1233=DIRECTION('',(8.88178419700125E-16,0.,-1.));
#1234=DIRECTION('',(0.,-1.,0.));
#1235=DIRECTION('',(-1.,0.,0.));
#1236=DIRECTION('',(-7.14632589097061E-16,0.707106781186546,0.707106781186549));
#1237=DIRECTION('',(0.,1.,0.));
#1238=DIRECTION('',(1.,0.,0.));
#1239=DIRECTION('',(6.28036983473511E-16,0.707106781186546,-0.707106781186549));
#1240=DIRECTION('',(0.,1.,0.));
#1241=DIRECTION('',(8.88178419700125E-16,0.,-1.));
#1242=DIRECTION('',(0.,1.,0.));
#1243=DIRECTION('',(8.88178419700125E-16,0.,-1.));
#1244=DIRECTION('',(0.,1.,0.));
#1245=DIRECTION('',(1.,0.,0.));
#1246=DIRECTION('',(0.,1.,0.));
#1247=DIRECTION('',(0.,1.,0.));
#1248=DIRECTION('',(0.,1.,0.));
#1249=DIRECTION('',(-8.88178419700125E-16,0.,1.));
#1250=DIRECTION('',(7.14632589097061E-16,0.707106781186546,-0.707106781186549));
#1251=DIRECTION('',(0.,1.,0.));
#1252=DIRECTION('',(1.,0.,0.));
#1253=DIRECTION('',(-6.28036983473511E-16,0.707106781186546,0.707106781186549));
#1254=DIRECTION('',(0.,-1.,0.));
#1255=DIRECTION('',(-8.88178419700125E-16,0.,1.));
#1256=DIRECTION('',(0.,-1.,0.));
#1257=DIRECTION('',(0.,-1.,0.));
#1258=DIRECTION('',(-1.,0.,0.));
#1259=DIRECTION('',(0.,-1.,0.));
#1260=DIRECTION('',(-8.18491927961898E-16,-0.570517539124579,0.821285417836719));
#1261=DIRECTION('',(4.93038065763132E-32,-0.821285417836719,-0.570517539124579));
#1262=DIRECTION('',(2.20695080307172E-16,-0.57051753912458,0.821285417836719));
#1263=DIRECTION('',(-1.22374335218907E-11,-0.821285417836719,-0.57051753912458));
#1264=DIRECTION('',(1.,0.,0.));
#1265=DIRECTION('',(9.19125467447697E-16,-0.821285417836719,-0.570517539124579));
#1266=DIRECTION('',(1.,-4.66964000534154E-16,6.72215485052169E-16));
#1267=DIRECTION('',(4.93038065763132E-32,-0.821285417836719,-0.570517539124579));
#1268=DIRECTION('',(1.,0.,0.));
#1269=DIRECTION('',(3.79595538099559E-15,-0.570517539124576,0.821285417836721));
#1270=DIRECTION('',(6.83972711262477E-12,-0.821285417836721,-0.570517539124576));
#1271=DIRECTION('',(1.,-4.66964000534154E-16,6.72215485052169E-16));
#1272=DIRECTION('',(8.6301389967436E-16,-0.570517539124579,-0.821285417836719));
#1273=DIRECTION('',(-1.,-1.51268600961611E-15,1.77493703674728E-30));
#1274=DIRECTION('',(9.71058353351553E-16,-0.570517539124579,-0.82128541783672));
#1275=DIRECTION('',(1.25964418037209E-11,0.82128541783672,-0.570517539124579));
#1276=DIRECTION('',(-1.,-1.51268600961611E-15,1.77493703674728E-30));
#1277=DIRECTION('',(-1.41244851378844E-15,-0.57051753912458,-0.821285417836719));
#1278=DIRECTION('',(-3.20453165767805E-12,0.821285417836719,-0.57051753912458));
#1279=DIRECTION('',(1.,0.,0.));
#1280=DIRECTION('',(-4.82272348951458E-16,-0.821285417836719,0.570517539124579));
#1281=DIRECTION('',(-1.,-1.51268600961611E-15,1.77493703674728E-30));
#1282=DIRECTION('',(-1.24234696146333E-15,0.821285417836719,-0.570517539124579));
#1283=DIRECTION('',(1.,0.,0.));
#1284=DIRECTION('',(0.,-1.,0.));
#1285=DIRECTION('',(-8.67361737988403E-16,0.,1.));
#1286=DIRECTION('',(0.,-1.,0.));
#1287=DIRECTION('',(0.,-1.,0.));
#1288=DIRECTION('',(-1.,0.,0.));
#1289=DIRECTION('',(0.,-1.,0.));
#1290=DIRECTION('',(9.21716406902344E-16,0.,1.));
#1291=DIRECTION('',(0.,-1.,0.));
#1292=DIRECTION('',(0.,-1.,0.));
#1293=DIRECTION('',(0.,-1.,0.));
#1294=DIRECTION('',(-8.67361737988403E-16,0.,1.));
#1295=DIRECTION('',(0.,-1.,0.));
#1296=DIRECTION('',(-1.,0.,0.));
#1297=DIRECTION('',(0.,-1.,-4.00177481062612E-31));
#1298=DIRECTION('',(-2.53150604808832E-46,4.00177481062612E-31,-1.));
#1299=DIRECTION('',(0.,-1.,-4.00177481062612E-31));
#1300=DIRECTION('',(0.,-1.,0.));
#1301=DIRECTION('',(-8.88178419700125E-16,0.,1.));
#1302=DIRECTION('',(0.,-1.,0.));
#1303=DIRECTION('',(-1.,0.,0.));
#1304=DIRECTION('',(0.,-1.,0.));
#1305=DIRECTION('',(-1.,0.,0.));
#1306=DIRECTION('',(0.,1.,0.));
#1307=DIRECTION('',(1.,0.,0.));
#1308=DIRECTION('',(0.,-1.,0.));
#1309=DIRECTION('',(-1.,0.,0.));
#1310=DIRECTION('',(0.,1.,0.));
#1311=DIRECTION('',(1.,0.,0.));
#1312=DIRECTION('',(0.,-1.,0.));
#1313=DIRECTION('',(-1.,0.,0.));
#1314=DIRECTION('',(0.,1.,0.));
#1315=DIRECTION('',(-8.88178419700125E-16,0.,1.));
#1316=DIRECTION('',(0.,1.,0.));
#1317=DIRECTION('',(8.88178419700125E-16,0.,-1.));
#1318=DIRECTION('',(0.,1.,0.));
#1319=DIRECTION('',(8.88178419700125E-16,0.,-1.));
#1320=DIRECTION('',(0.,1.,0.));
#1321=DIRECTION('',(1.,0.,0.));
#1322=DIRECTION('',(0.,-1.,0.));
#1323=DIRECTION('',(-1.,0.,0.));
#1324=DIRECTION('',(0.,-1.,0.));
#1325=DIRECTION('',(-1.,0.,0.));
#1326=DIRECTION('',(0.,-1.,0.));
#1327=DIRECTION('',(-1.,0.,0.));
#1328=DIRECTION('',(-1.,-9.34663638923248E-16,-1.97215226305253E-31));
#1329=DIRECTION('',(0.,-1.,0.));
#1330=DIRECTION('',(-1.,0.,0.));
#1331=DIRECTION('',(-1.,4.9490063419618E-16,-4.40199636339163E-16));
#1332=DIRECTION('',(0.,-1.,0.));
#1333=DIRECTION('',(-8.45324316744885E-16,0.,1.));
#1334=DIRECTION('',(0.,-1.,0.));
#1335=DIRECTION('',(-8.45324316744885E-16,0.,1.));
#1336=DIRECTION('',(6.98374500790384E-16,-0.747193398466775,-0.664606669608176));
#1337=DIRECTION('',(-1.,-9.34663638923248E-16,-1.97215226305253E-31));
#1338=DIRECTION('',(-1.,0.,0.));
#1339=DIRECTION('',(-6.48086964707603E-16,-0.664606669608176,0.747193398466775));
#1340=DIRECTION('',(-6.21183688268638E-16,0.664606669608176,-0.747193398466775));
#1341=DIRECTION('',(0.,-1.,0.));
#1342=DIRECTION('',(-8.67361737988403E-16,0.,1.));
#1343=DIRECTION('',(5.56582164329966E-16,-0.664606669608176,-0.747193398466775));
#1344=DIRECTION('',(0.,-1.,0.));
#1345=DIRECTION('',(-1.,0.,0.));
#1346=DIRECTION('',(0.,-1.,0.));
#1347=DIRECTION('',(-8.67361737988403E-16,0.,1.));
#1348=DIRECTION('',(0.,-1.,0.));
#1349=DIRECTION('',(-1.,0.,0.));
#1350=DIRECTION('',(-4.93038065763132E-32,0.664606669608176,0.747193398466775));
#1351=DIRECTION('',(-6.62346101038507E-16,-0.747193398466775,0.664606669608176));
#1352=DIRECTION('',(-4.93038065763132E-32,0.664606669608176,0.747193398466775));
#1353=DIRECTION('',(-1.,0.,0.));
#1354=DIRECTION('',(0.,-1.,0.));
#1355=DIRECTION('',(0.,0.,1.));
#1356=CARTESIAN_POINT('',(0.,0.,0.));
#1357=CARTESIAN_POINT('',(0.,0.00225,0.));
#1358=CARTESIAN_POINT('',(-0.0025,0.00225,-3.06161699786838E-19));
#1359=CARTESIAN_POINT('',(-0.0025,0.0041,5.97170059743482E-18));
#1360=CARTESIAN_POINT('',(-0.0025,0.0042,9.18485099360515E-19));
#1361=CARTESIAN_POINT('',(0.0025,0.0054,0.));
#1362=CARTESIAN_POINT('',(0.0025,0.00533333333333334,0.00144337567297406));
#1363=CARTESIAN_POINT('',(0.00125,0.00526666666666667,0.00216506350946109));
#1364=CARTESIAN_POINT('',(1.76762539787484E-19,0.0052,0.00288675134594813));
#1365=CARTESIAN_POINT('',(-0.00125,0.00513333333333333,0.00216506350946109));
#1366=CARTESIAN_POINT('',(-0.0025,0.00506666666666666,0.00144337567297406));
#1367=CARTESIAN_POINT('',(-0.0025,0.005,3.06161699786838E-19));
#1368=CARTESIAN_POINT('',(-0.0025,0.00493333333333333,-0.00144337567297406));
#1369=CARTESIAN_POINT('',(-0.00125,0.00486666666666667,-0.00216506350946109));
#1370=CARTESIAN_POINT('',(-5.30287619362454E-19,0.0048,-0.00288675134594813));
#1371=CARTESIAN_POINT('',(0.00125,0.00473333333333333,-0.0021650635094611));
#1372=CARTESIAN_POINT('',(0.0025,0.00466666666666666,-0.00144337567297406));
#1373=CARTESIAN_POINT('',(0.0025,0.0046,-6.12323399573677E-19));
#1374=CARTESIAN_POINT('',(0.0025,0.00453333333333333,0.00144337567297406));
#1375=CARTESIAN_POINT('',(0.00125,0.00446666666666666,0.00216506350946109));
#1376=CARTESIAN_POINT('',(3.44776294744884E-18,0.0044,0.00288675134594813));
#1377=CARTESIAN_POINT('',(-0.00125,0.00433333333333334,0.0021650635094611));
#1378=CARTESIAN_POINT('',(-0.0025,0.00426666666666667,0.00144337567297406));
#1379=CARTESIAN_POINT('',(-0.0025,0.0042,9.18485099360515E-19));
#1380=CARTESIAN_POINT('',(-0.0025,0.00413333333333333,-0.00144337567297406));
#1381=CARTESIAN_POINT('',(-0.00125,0.00406666666666666,-0.00216506350946109));
#1382=CARTESIAN_POINT('',(-1.23733777851239E-18,0.004,-0.00288675134594813));
#1383=CARTESIAN_POINT('',(0.00125,0.00393333333333334,-0.0021650635094611));
#1384=CARTESIAN_POINT('',(0.0025,0.00386666666666667,-0.00144337567297406));
#1385=CARTESIAN_POINT('',(0.0025,0.0038,-1.22464679914735E-18));
#1386=CARTESIAN_POINT('',(0.0025,0.00373333333333333,0.00144337567297406));
#1387=CARTESIAN_POINT('',(0.00125,0.00366666666666666,0.00216506350946109));
#1388=CARTESIAN_POINT('',(6.7187633551102E-18,0.0036,0.00288675134594813));
#1389=CARTESIAN_POINT('',(-0.00125,0.00353333333333333,0.0021650635094611));
#1390=CARTESIAN_POINT('',(-0.0025,0.00346666666666667,0.00144337567297406));
#1391=CARTESIAN_POINT('',(-0.0025,0.0034,5.97170059743482E-18));
#1392=CARTESIAN_POINT('',(-0.0025,0.00333333333333333,-0.00144337567297406));
#1393=CARTESIAN_POINT('',(-0.00125,0.00326666666666667,-0.00216506350946109));
#1394=CARTESIAN_POINT('',(-7.07228843468517E-18,0.0032,-0.00288675134594813));
#1395=CARTESIAN_POINT('',(0.00125,0.00313333333333333,-0.0021650635094611));
#1396=CARTESIAN_POINT('',(0.00249999999999999,0.00306666666666667,-0.00144337567297406));
#1397=CARTESIAN_POINT('',(0.0025,0.003,-1.83697019872103E-18));
#1398=CARTESIAN_POINT('',(0.0025,0.00293333333333333,0.00144337567297406));
#1399=CARTESIAN_POINT('',(0.00125,0.00286666666666666,0.00216506350946109));
#1400=CARTESIAN_POINT('',(7.42581351426014E-18,0.0028,0.00288675134594813));
#1401=CARTESIAN_POINT('',(-0.00125,0.00273333333333334,0.0021650635094611));
#1402=CARTESIAN_POINT('',(-0.00249999999999999,0.00266666666666667,0.00144337567297406));
#1403=CARTESIAN_POINT('',(-0.0025,0.0026,2.14313189850787E-18));
#1404=CARTESIAN_POINT('',(-0.0025,0.00253333333333333,-0.00144337567297406));
#1405=CARTESIAN_POINT('',(-0.00125,0.00246666666666667,-0.00216506350946109));
#1406=CARTESIAN_POINT('',(-7.7793385938351E-18,0.0024,-0.00288675134594813));
#1407=CARTESIAN_POINT('',(0.00125,0.00233333333333333,-0.0021650635094611));
#1408=CARTESIAN_POINT('',(0.00249999999999999,0.00226666666666666,-0.00144337567297406));
#1409=CARTESIAN_POINT('',(0.0025,0.0022,-2.4492935982947E-18));
#1410=CARTESIAN_POINT('',(0.0025,0.00213333333333333,0.00144337567297406));
#1411=CARTESIAN_POINT('',(0.00125,0.00206666666666667,0.00216506350946109));
#1412=CARTESIAN_POINT('',(8.13286367341007E-18,0.002,0.00288675134594813));
#1413=CARTESIAN_POINT('',(-0.00125,0.00193333333333333,0.0021650635094611));
#1414=CARTESIAN_POINT('',(-0.00249999999999999,0.00186666666666666,0.00144337567297406));
#1415=CARTESIAN_POINT('',(-0.0025,0.0018,1.16372394950828E-17));
#1416=CARTESIAN_POINT('',(-0.0025,0.00173333333333333,-0.00144337567297406));
#1417=CARTESIAN_POINT('',(-0.00125,0.00166666666666667,-0.00216506350946109));
#1418=CARTESIAN_POINT('',(-8.48638875298504E-18,0.0016,-0.00288675134594813));
#1419=CARTESIAN_POINT('',(0.00125,0.00153333333333333,-0.0021650635094611));
#1420=CARTESIAN_POINT('',(0.00249999999999999,0.00146666666666667,-0.00144337567297406));
#1421=CARTESIAN_POINT('',(0.0025,0.0014,-1.19434011948696E-17));
#1422=CARTESIAN_POINT('',(0.0025,0.00133333333333333,0.00144337567297406));
#1423=CARTESIAN_POINT('',(0.00125,0.00126666666666667,0.00216506350946109));
#1424=CARTESIAN_POINT('',(1.90957148266057E-17,0.0012,0.00288675134594813));
#1425=CARTESIAN_POINT('',(-0.00125,0.00113333333333333,0.0021650635094611));
#1426=CARTESIAN_POINT('',(-0.0025,0.00106666666666667,0.00144337567297406));
#1427=CARTESIAN_POINT('',(-0.0025,0.001,1.22495628946565E-17));
#1428=CARTESIAN_POINT('',(-0.0025,0.000933333333333333,-0.00144337567297406));
#1429=CARTESIAN_POINT('',(-0.00125000000000001,0.000866666666666666,-0.00216506350946109));
#1430=CARTESIAN_POINT('',(-9.19343891213498E-18,0.0008,-0.00288675134594813));
#1431=CARTESIAN_POINT('',(0.00124999999999998,0.000733333333333332,-0.0021650635094611));
#1432=CARTESIAN_POINT('',(0.00249999999999999,0.000666666666666666,-0.00144337567297406));
#1433=CARTESIAN_POINT('',(0.0025,0.0006,-3.67394039744206E-18));
#1434=CARTESIAN_POINT('',(0.00250000000000001,0.000533333333333332,0.00144337567297405));
#1435=CARTESIAN_POINT('',(0.00125,0.000466666666666666,0.00216506350946109));
#1436=CARTESIAN_POINT('',(1.98027649857556E-17,0.000399999999999999,0.00288675134594813));
#1437=CARTESIAN_POINT('',(-0.00125,0.000333333333333332,0.0021650635094611));
#1438=CARTESIAN_POINT('',(-0.0025,0.000266666666666666,0.00144337567297406));
#1439=CARTESIAN_POINT('',(-0.0025,0.0002,1.28618862942301E-17));
#1440=CARTESIAN_POINT('',(-0.0025,0.000133333333333332,-0.00144337567297406));
#1441=CARTESIAN_POINT('',(-0.00125000000000001,6.66666666666654E-5,-0.00216506350946109));
#1442=CARTESIAN_POINT('',(-9.90048907128491E-18,-8.67361737988404E-19,-0.00288675134594813));
#1443=CARTESIAN_POINT('',(0.00124999999999998,-6.66666666666671E-5,-0.0021650635094611));
#1444=CARTESIAN_POINT('',(0.00249999999999999,-0.000133333333333334,-0.00144337567297406));
#1445=CARTESIAN_POINT('',(0.0025,-0.0002,-4.28626379701574E-18));
#1446=CARTESIAN_POINT('',(0.00250000000000001,-0.000266666666666667,0.00144337567297405));
#1447=CARTESIAN_POINT('',(0.00125,-0.000333333333333334,0.00216506350946109));
#1448=CARTESIAN_POINT('',(2.05098151449056E-17,-0.000400000000000001,0.00288675134594813));
#1449=CARTESIAN_POINT('',(-0.00125,-0.000466666666666667,0.0021650635094611));
#1450=CARTESIAN_POINT('',(-0.00249999999999999,-0.000533333333333335,0.00144337567297408));
#1451=CARTESIAN_POINT('',(-0.0025,-0.0006,1.34742096938038E-17));
#1452=CARTESIAN_POINT('',(-0.0025,-0.000666666666666668,-0.00144337567297406));
#1453=CARTESIAN_POINT('',(-0.00125000000000001,-0.000733333333333334,-0.00216506350946109));
#1454=CARTESIAN_POINT('',(-1.06075392304349E-17,-0.000800000000000001,-0.00288675134594813));
#1455=CARTESIAN_POINT('',(0.00124999999999998,-0.000866666666666668,-0.0021650635094611));
#1456=CARTESIAN_POINT('',(0.00249999999999999,-0.000933333333333334,-0.00144337567297406));
#1457=CARTESIAN_POINT('',(0.0025,-0.001,-4.89858719658941E-18));
#1458=CARTESIAN_POINT('',(0.00250000000000001,-0.00106666666666667,0.00144337567297405));
#1459=CARTESIAN_POINT('',(0.00125,-0.00113333333333333,0.00216506350946109));
#1460=CARTESIAN_POINT('',(2.12168653040555E-17,-0.0012,0.00288675134594813));
#1461=CARTESIAN_POINT('',(-0.00125,-0.00126666666666667,0.0021650635094611));
#1462=CARTESIAN_POINT('',(-0.00249999999999999,-0.00133333333333333,0.00144337567297409));
#1463=CARTESIAN_POINT('',(-0.0025,-0.0014,1.40865330933775E-17));
#1464=CARTESIAN_POINT('',(-0.0025,-0.00146666666666667,-0.00144337567297406));
#1465=CARTESIAN_POINT('',(-0.00125000000000001,-0.00153333333333333,-0.00216506350946109));
#1466=CARTESIAN_POINT('',(-1.13145893895848E-17,-0.0016,-0.00288675134594813));
#1467=CARTESIAN_POINT('',(0.00124999999999998,-0.00166666666666667,-0.0021650635094611));
#1468=CARTESIAN_POINT('',(0.00249999999999999,-0.00173333333333334,-0.00144337567297406));
#1469=CARTESIAN_POINT('',(0.0025,-0.0018,-2.32744789901656E-17));
#1470=CARTESIAN_POINT('',(0.0025,0.0038,-1.22464679914735E-18));
#1471=CARTESIAN_POINT('',(0.0025,0.00225,0.));
#1472=CARTESIAN_POINT('',(0.0025,0.0037,-1.83697019872103E-18));
#1473=CARTESIAN_POINT('',(0.0025,0.0061,0.));
#1474=CARTESIAN_POINT('',(0.0025,0.00603333333333333,0.00144337567297406));
#1475=CARTESIAN_POINT('',(0.00125,0.00596666666666667,0.00216506350946109));
#1476=CARTESIAN_POINT('',(1.76762539787484E-19,0.0059,0.00288675134594813));
#1477=CARTESIAN_POINT('',(-0.00125,0.00583333333333333,0.00216506350946109));
#1478=CARTESIAN_POINT('',(-0.0025,0.00576666666666666,0.00144337567297406));
#1479=CARTESIAN_POINT('',(-0.0025,0.0057,3.06161699786838E-19));
#1480=CARTESIAN_POINT('',(-0.0025,0.00563333333333333,-0.00144337567297406));
#1481=CARTESIAN_POINT('',(-0.00125,0.00556666666666667,-0.00216506350946109));
#1482=CARTESIAN_POINT('',(-5.30287619362454E-19,0.0055,-0.00288675134594813));
#1483=CARTESIAN_POINT('',(0.00125,0.00543333333333333,-0.0021650635094611));
#1484=CARTESIAN_POINT('',(0.0025,0.00536666666666667,-0.00144337567297406));
#1485=CARTESIAN_POINT('',(0.0025,0.0053,-6.12323399573677E-19));
#1486=CARTESIAN_POINT('',(0.0025,0.00523333333333333,0.00144337567297406));
#1487=CARTESIAN_POINT('',(0.00125,0.00516666666666667,0.00216506350946109));
#1488=CARTESIAN_POINT('',(3.44776294744884E-18,0.0051,0.00288675134594813));
#1489=CARTESIAN_POINT('',(-0.00125,0.00503333333333333,0.0021650635094611));
#1490=CARTESIAN_POINT('',(-0.0025,0.00496666666666666,0.00144337567297406));
#1491=CARTESIAN_POINT('',(-0.0025,0.0049,9.18485099360515E-19));
#1492=CARTESIAN_POINT('',(-0.0025,0.00483333333333333,-0.00144337567297406));
#1493=CARTESIAN_POINT('',(-0.00125,0.00476666666666667,-0.00216506350946109));
#1494=CARTESIAN_POINT('',(-1.23733777851239E-18,0.0047,-0.00288675134594813));
#1495=CARTESIAN_POINT('',(0.00125,0.00463333333333333,-0.0021650635094611));
#1496=CARTESIAN_POINT('',(0.0025,0.00456666666666666,-0.00144337567297406));
#1497=CARTESIAN_POINT('',(0.0025,0.0045,-1.22464679914735E-18));
#1498=CARTESIAN_POINT('',(0.0025,0.00443333333333333,0.00144337567297406));
#1499=CARTESIAN_POINT('',(0.00125,0.00436666666666666,0.00216506350946109));
#1500=CARTESIAN_POINT('',(6.7187633551102E-18,0.0043,0.00288675134594813));
#1501=CARTESIAN_POINT('',(-0.00125,0.00423333333333334,0.0021650635094611));
#1502=CARTESIAN_POINT('',(-0.0025,0.00416666666666666,0.00144337567297406));
#1503=CARTESIAN_POINT('',(-0.0025,0.0041,5.97170059743482E-18));
#1504=CARTESIAN_POINT('',(-0.0025,0.00403333333333333,-0.00144337567297406));
#1505=CARTESIAN_POINT('',(-0.00125,0.00396666666666666,-0.00216506350946109));
#1506=CARTESIAN_POINT('',(-7.07228843468517E-18,0.0039,-0.00288675134594813));
#1507=CARTESIAN_POINT('',(0.00125,0.00383333333333333,-0.0021650635094611));
#1508=CARTESIAN_POINT('',(0.00249999999999999,0.00376666666666666,-0.00144337567297406));
#1509=CARTESIAN_POINT('',(0.0025,0.0037,-1.83697019872103E-18));
#1510=CARTESIAN_POINT('',(0.0025,0.00363333333333333,0.00144337567297406));
#1511=CARTESIAN_POINT('',(0.00125,0.00356666666666667,0.00216506350946109));
#1512=CARTESIAN_POINT('',(7.42581351426014E-18,0.0035,0.00288675134594813));
#1513=CARTESIAN_POINT('',(-0.00125,0.00343333333333334,0.0021650635094611));
#1514=CARTESIAN_POINT('',(-0.00249999999999999,0.00336666666666667,0.00144337567297406));
#1515=CARTESIAN_POINT('',(-0.0025,0.0033,2.14313189850787E-18));
#1516=CARTESIAN_POINT('',(-0.0025,0.00323333333333333,-0.00144337567297406));
#1517=CARTESIAN_POINT('',(-0.00125,0.00316666666666666,-0.00216506350946109));
#1518=CARTESIAN_POINT('',(-7.7793385938351E-18,0.0031,-0.00288675134594813));
#1519=CARTESIAN_POINT('',(0.00125,0.00303333333333333,-0.0021650635094611));
#1520=CARTESIAN_POINT('',(0.00249999999999999,0.00296666666666667,-0.00144337567297406));
#1521=CARTESIAN_POINT('',(0.0025,0.0029,-2.4492935982947E-18));
#1522=CARTESIAN_POINT('',(0.0025,0.00283333333333333,0.00144337567297406));
#1523=CARTESIAN_POINT('',(0.00125,0.00276666666666667,0.00216506350946109));
#1524=CARTESIAN_POINT('',(8.13286367341007E-18,0.0027,0.00288675134594813));
#1525=CARTESIAN_POINT('',(-0.00125,0.00263333333333333,0.0021650635094611));
#1526=CARTESIAN_POINT('',(-0.00249999999999999,0.00256666666666667,0.00144337567297406));
#1527=CARTESIAN_POINT('',(-0.0025,0.0025,1.16372394950828E-17));
#1528=CARTESIAN_POINT('',(-0.0025,0.00243333333333333,-0.00144337567297406));
#1529=CARTESIAN_POINT('',(-0.00125,0.00236666666666666,-0.00216506350946109));
#1530=CARTESIAN_POINT('',(-8.48638875298504E-18,0.0023,-0.00288675134594813));
#1531=CARTESIAN_POINT('',(0.00125,0.00223333333333333,-0.0021650635094611));
#1532=CARTESIAN_POINT('',(0.00249999999999999,0.00216666666666667,-0.00144337567297406));
#1533=CARTESIAN_POINT('',(0.0025,0.0021,-1.19434011948696E-17));
#1534=CARTESIAN_POINT('',(0.0025,0.00203333333333333,0.00144337567297406));
#1535=CARTESIAN_POINT('',(0.00125,0.00196666666666667,0.00216506350946109));
#1536=CARTESIAN_POINT('',(1.90957148266057E-17,0.0019,0.00288675134594813));
#1537=CARTESIAN_POINT('',(-0.00125,0.00183333333333333,0.0021650635094611));
#1538=CARTESIAN_POINT('',(-0.0025,0.00176666666666667,0.00144337567297406));
#1539=CARTESIAN_POINT('',(-0.0025,0.0017,1.22495628946565E-17));
#1540=CARTESIAN_POINT('',(-0.0025,0.00163333333333333,-0.00144337567297406));
#1541=CARTESIAN_POINT('',(-0.00125000000000001,0.00156666666666666,-0.00216506350946109));
#1542=CARTESIAN_POINT('',(-9.19343891213498E-18,0.0015,-0.00288675134594813));
#1543=CARTESIAN_POINT('',(0.00124999999999998,0.00143333333333333,-0.0021650635094611));
#1544=CARTESIAN_POINT('',(0.00249999999999999,0.00136666666666667,-0.00144337567297406));
#1545=CARTESIAN_POINT('',(0.0025,0.0013,-3.67394039744206E-18));
#1546=CARTESIAN_POINT('',(0.00250000000000001,0.00123333333333333,0.00144337567297405));
#1547=CARTESIAN_POINT('',(0.00125,0.00116666666666667,0.00216506350946109));
#1548=CARTESIAN_POINT('',(1.98027649857556E-17,0.0011,0.00288675134594813));
#1549=CARTESIAN_POINT('',(-0.00125,0.00103333333333333,0.0021650635094611));
#1550=CARTESIAN_POINT('',(-0.0025,0.000966666666666666,0.00144337567297406));
#1551=CARTESIAN_POINT('',(-0.0025,0.0009,1.28618862942301E-17));
#1552=CARTESIAN_POINT('',(-0.0025,0.000833333333333333,-0.00144337567297406));
#1553=CARTESIAN_POINT('',(-0.00125000000000001,0.000766666666666666,-0.00216506350946109));
#1554=CARTESIAN_POINT('',(-9.90048907128491E-18,0.0007,-0.00288675134594813));
#1555=CARTESIAN_POINT('',(0.00124999999999998,0.000633333333333333,-0.0021650635094611));
#1556=CARTESIAN_POINT('',(0.00249999999999999,0.000566666666666665,-0.00144337567297406));
#1557=CARTESIAN_POINT('',(0.0025,0.0005,-4.28626379701574E-18));
#1558=CARTESIAN_POINT('',(0.00250000000000001,0.000433333333333332,0.00144337567297405));
#1559=CARTESIAN_POINT('',(0.00125,0.000366666666666666,0.00216506350946109));
#1560=CARTESIAN_POINT('',(2.05098151449056E-17,0.000299999999999999,0.00288675134594813));
#1561=CARTESIAN_POINT('',(-0.00125,0.000233333333333333,0.0021650635094611));
#1562=CARTESIAN_POINT('',(-0.00249999999999999,0.000166666666666666,0.00144337567297408));
#1563=CARTESIAN_POINT('',(-0.0025,0.0001,1.34742096938038E-17));
#1564=CARTESIAN_POINT('',(-0.0025,3.33333333333322E-5,-0.00144337567297406));
#1565=CARTESIAN_POINT('',(-0.00125000000000001,-3.3333333333334E-5,-0.00216506350946109));
#1566=CARTESIAN_POINT('',(-1.06075392304349E-17,-0.000100000000000001,-0.00288675134594813));
#1567=CARTESIAN_POINT('',(0.00124999999999998,-0.000166666666666668,-0.0021650635094611));
#1568=CARTESIAN_POINT('',(0.00249999999999999,-0.000233333333333334,-0.00144337567297406));
#1569=CARTESIAN_POINT('',(0.0025,-0.0003,-4.89858719658941E-18));
#1570=CARTESIAN_POINT('',(0.00250000000000001,-0.000366666666666667,0.00144337567297405));
#1571=CARTESIAN_POINT('',(0.00125,-0.000433333333333334,0.00216506350946109));
#1572=CARTESIAN_POINT('',(2.12168653040555E-17,-0.000500000000000001,0.00288675134594813));
#1573=CARTESIAN_POINT('',(-0.00125,-0.000566666666666668,0.0021650635094611));
#1574=CARTESIAN_POINT('',(-0.00249999999999999,-0.000633333333333334,0.00144337567297409));
#1575=CARTESIAN_POINT('',(-0.0025,-0.0007,1.40865330933775E-17));
#1576=CARTESIAN_POINT('',(-0.0025,-0.000766666666666667,-0.00144337567297406));
#1577=CARTESIAN_POINT('',(-0.00125000000000001,-0.000833333333333334,-0.00216506350946109));
#1578=CARTESIAN_POINT('',(-1.13145893895848E-17,-0.0009,-0.00288675134594813));
#1579=CARTESIAN_POINT('',(0.00124999999999998,-0.000966666666666668,-0.0021650635094611));
#1580=CARTESIAN_POINT('',(0.00249999999999999,-0.00103333333333333,-0.00144337567297406));
#1581=CARTESIAN_POINT('',(0.0025,-0.0011,-2.32744789901656E-17));
#1582=CARTESIAN_POINT('',(0.,0.00225,0.));
#1583=CARTESIAN_POINT('',(-0.0025,0.00225,-3.06161699786838E-19));
#1584=CARTESIAN_POINT('',(-0.0025,0.0033,2.14313189850787E-18));
#1585=CARTESIAN_POINT('',(-0.0025,0.0034,5.97170059743482E-18));
#1586=CARTESIAN_POINT('',(0.0025,0.0054,0.));
#1587=CARTESIAN_POINT('',(0.0025,0.00533333333333334,0.00144337567297406));
#1588=CARTESIAN_POINT('',(0.00125,0.00526666666666667,0.00216506350946109));
#1589=CARTESIAN_POINT('',(1.76762539787484E-19,0.0052,0.00288675134594813));
#1590=CARTESIAN_POINT('',(-0.00125,0.00513333333333333,0.00216506350946109));
#1591=CARTESIAN_POINT('',(-0.0025,0.00506666666666666,0.00144337567297406));
#1592=CARTESIAN_POINT('',(-0.0025,0.005,3.06161699786838E-19));
#1593=CARTESIAN_POINT('',(-0.0025,0.00493333333333333,-0.00144337567297406));
#1594=CARTESIAN_POINT('',(-0.00125,0.00486666666666667,-0.00216506350946109));
#1595=CARTESIAN_POINT('',(-5.30287619362454E-19,0.0048,-0.00288675134594813));
#1596=CARTESIAN_POINT('',(0.00125,0.00473333333333333,-0.0021650635094611));
#1597=CARTESIAN_POINT('',(0.0025,0.00466666666666666,-0.00144337567297406));
#1598=CARTESIAN_POINT('',(0.0025,0.0046,-6.12323399573677E-19));
#1599=CARTESIAN_POINT('',(0.0025,0.00453333333333333,0.00144337567297406));
#1600=CARTESIAN_POINT('',(0.00125,0.00446666666666666,0.00216506350946109));
#1601=CARTESIAN_POINT('',(3.44776294744884E-18,0.0044,0.00288675134594813));
#1602=CARTESIAN_POINT('',(-0.00125,0.00433333333333334,0.0021650635094611));
#1603=CARTESIAN_POINT('',(-0.0025,0.00426666666666667,0.00144337567297406));
#1604=CARTESIAN_POINT('',(-0.0025,0.0042,9.18485099360515E-19));
#1605=CARTESIAN_POINT('',(-0.0025,0.00413333333333333,-0.00144337567297406));
#1606=CARTESIAN_POINT('',(-0.00125,0.00406666666666666,-0.00216506350946109));
#1607=CARTESIAN_POINT('',(-1.23733777851239E-18,0.004,-0.00288675134594813));
#1608=CARTESIAN_POINT('',(0.00125,0.00393333333333334,-0.0021650635094611));
#1609=CARTESIAN_POINT('',(0.0025,0.00386666666666667,-0.00144337567297406));
#1610=CARTESIAN_POINT('',(0.0025,0.0038,-1.22464679914735E-18));
#1611=CARTESIAN_POINT('',(0.0025,0.00373333333333333,0.00144337567297406));
#1612=CARTESIAN_POINT('',(0.00125,0.00366666666666666,0.00216506350946109));
#1613=CARTESIAN_POINT('',(6.7187633551102E-18,0.0036,0.00288675134594813));
#1614=CARTESIAN_POINT('',(-0.00125,0.00353333333333333,0.0021650635094611));
#1615=CARTESIAN_POINT('',(-0.0025,0.00346666666666667,0.00144337567297406));
#1616=CARTESIAN_POINT('',(-0.0025,0.0034,5.97170059743482E-18));
#1617=CARTESIAN_POINT('',(-0.0025,0.00333333333333333,-0.00144337567297406));
#1618=CARTESIAN_POINT('',(-0.00125,0.00326666666666667,-0.00216506350946109));
#1619=CARTESIAN_POINT('',(-7.07228843468517E-18,0.0032,-0.00288675134594813));
#1620=CARTESIAN_POINT('',(0.00125,0.00313333333333333,-0.0021650635094611));
#1621=CARTESIAN_POINT('',(0.00249999999999999,0.00306666666666667,-0.00144337567297406));
#1622=CARTESIAN_POINT('',(0.0025,0.003,-1.83697019872103E-18));
#1623=CARTESIAN_POINT('',(0.0025,0.00293333333333333,0.00144337567297406));
#1624=CARTESIAN_POINT('',(0.00125,0.00286666666666666,0.00216506350946109));
#1625=CARTESIAN_POINT('',(7.42581351426014E-18,0.0028,0.00288675134594813));
#1626=CARTESIAN_POINT('',(-0.00125,0.00273333333333334,0.0021650635094611));
#1627=CARTESIAN_POINT('',(-0.00249999999999999,0.00266666666666667,0.00144337567297406));
#1628=CARTESIAN_POINT('',(-0.0025,0.0026,2.14313189850787E-18));
#1629=CARTESIAN_POINT('',(-0.0025,0.00253333333333333,-0.00144337567297406));
#1630=CARTESIAN_POINT('',(-0.00125,0.00246666666666667,-0.00216506350946109));
#1631=CARTESIAN_POINT('',(-7.7793385938351E-18,0.0024,-0.00288675134594813));
#1632=CARTESIAN_POINT('',(0.00125,0.00233333333333333,-0.0021650635094611));
#1633=CARTESIAN_POINT('',(0.00249999999999999,0.00226666666666666,-0.00144337567297406));
#1634=CARTESIAN_POINT('',(0.0025,0.0022,-2.4492935982947E-18));
#1635=CARTESIAN_POINT('',(0.0025,0.00213333333333333,0.00144337567297406));
#1636=CARTESIAN_POINT('',(0.00125,0.00206666666666667,0.00216506350946109));
#1637=CARTESIAN_POINT('',(8.13286367341007E-18,0.002,0.00288675134594813));
#1638=CARTESIAN_POINT('',(-0.00125,0.00193333333333333,0.0021650635094611));
#1639=CARTESIAN_POINT('',(-0.00249999999999999,0.00186666666666666,0.00144337567297406));
#1640=CARTESIAN_POINT('',(-0.0025,0.0018,1.16372394950828E-17));
#1641=CARTESIAN_POINT('',(-0.0025,0.00173333333333333,-0.00144337567297406));
#1642=CARTESIAN_POINT('',(-0.00125,0.00166666666666667,-0.00216506350946109));
#1643=CARTESIAN_POINT('',(-8.48638875298504E-18,0.0016,-0.00288675134594813));
#1644=CARTESIAN_POINT('',(0.00125,0.00153333333333333,-0.0021650635094611));
#1645=CARTESIAN_POINT('',(0.00249999999999999,0.00146666666666667,-0.00144337567297406));
#1646=CARTESIAN_POINT('',(0.0025,0.0014,-1.19434011948696E-17));
#1647=CARTESIAN_POINT('',(0.0025,0.00133333333333333,0.00144337567297406));
#1648=CARTESIAN_POINT('',(0.00125,0.00126666666666667,0.00216506350946109));
#1649=CARTESIAN_POINT('',(1.90957148266057E-17,0.0012,0.00288675134594813));
#1650=CARTESIAN_POINT('',(-0.00125,0.00113333333333333,0.0021650635094611));
#1651=CARTESIAN_POINT('',(-0.0025,0.00106666666666667,0.00144337567297406));
#1652=CARTESIAN_POINT('',(-0.0025,0.001,1.22495628946565E-17));
#1653=CARTESIAN_POINT('',(-0.0025,0.000933333333333333,-0.00144337567297406));
#1654=CARTESIAN_POINT('',(-0.00125000000000001,0.000866666666666666,-0.00216506350946109));
#1655=CARTESIAN_POINT('',(-9.19343891213498E-18,0.0008,-0.00288675134594813));
#1656=CARTESIAN_POINT('',(0.00124999999999998,0.000733333333333332,-0.0021650635094611));
#1657=CARTESIAN_POINT('',(0.00249999999999999,0.000666666666666666,-0.00144337567297406));
#1658=CARTESIAN_POINT('',(0.0025,0.0006,-3.67394039744206E-18));
#1659=CARTESIAN_POINT('',(0.00250000000000001,0.000533333333333332,0.00144337567297405));
#1660=CARTESIAN_POINT('',(0.00125,0.000466666666666666,0.00216506350946109));
#1661=CARTESIAN_POINT('',(1.98027649857556E-17,0.000399999999999999,0.00288675134594813));
#1662=CARTESIAN_POINT('',(-0.00125,0.000333333333333332,0.0021650635094611));
#1663=CARTESIAN_POINT('',(-0.0025,0.000266666666666666,0.00144337567297406));
#1664=CARTESIAN_POINT('',(-0.0025,0.0002,1.28618862942301E-17));
#1665=CARTESIAN_POINT('',(-0.0025,0.000133333333333332,-0.00144337567297406));
#1666=CARTESIAN_POINT('',(-0.00125000000000001,6.66666666666654E-5,-0.00216506350946109));
#1667=CARTESIAN_POINT('',(-9.90048907128491E-18,-8.67361737988404E-19,-0.00288675134594813));
#1668=CARTESIAN_POINT('',(0.00124999999999998,-6.66666666666671E-5,-0.0021650635094611));
#1669=CARTESIAN_POINT('',(0.00249999999999999,-0.000133333333333334,-0.00144337567297406));
#1670=CARTESIAN_POINT('',(0.0025,-0.0002,-4.28626379701574E-18));
#1671=CARTESIAN_POINT('',(0.00250000000000001,-0.000266666666666667,0.00144337567297405));
#1672=CARTESIAN_POINT('',(0.00125,-0.000333333333333334,0.00216506350946109));
#1673=CARTESIAN_POINT('',(2.05098151449056E-17,-0.000400000000000001,0.00288675134594813));
#1674=CARTESIAN_POINT('',(-0.00125,-0.000466666666666667,0.0021650635094611));
#1675=CARTESIAN_POINT('',(-0.00249999999999999,-0.000533333333333335,0.00144337567297408));
#1676=CARTESIAN_POINT('',(-0.0025,-0.0006,1.34742096938038E-17));
#1677=CARTESIAN_POINT('',(-0.0025,-0.000666666666666668,-0.00144337567297406));
#1678=CARTESIAN_POINT('',(-0.00125000000000001,-0.000733333333333334,-0.00216506350946109));
#1679=CARTESIAN_POINT('',(-1.06075392304349E-17,-0.000800000000000001,-0.00288675134594813));
#1680=CARTESIAN_POINT('',(0.00124999999999998,-0.000866666666666668,-0.0021650635094611));
#1681=CARTESIAN_POINT('',(0.00249999999999999,-0.000933333333333334,-0.00144337567297406));
#1682=CARTESIAN_POINT('',(0.0025,-0.001,-4.89858719658941E-18));
#1683=CARTESIAN_POINT('',(0.00250000000000001,-0.00106666666666667,0.00144337567297405));
#1684=CARTESIAN_POINT('',(0.00125,-0.00113333333333333,0.00216506350946109));
#1685=CARTESIAN_POINT('',(2.12168653040555E-17,-0.0012,0.00288675134594813));
#1686=CARTESIAN_POINT('',(-0.00125,-0.00126666666666667,0.0021650635094611));
#1687=CARTESIAN_POINT('',(-0.00249999999999999,-0.00133333333333333,0.00144337567297409));
#1688=CARTESIAN_POINT('',(-0.0025,-0.0014,1.40865330933775E-17));
#1689=CARTESIAN_POINT('',(-0.0025,-0.00146666666666667,-0.00144337567297406));
#1690=CARTESIAN_POINT('',(-0.00125000000000001,-0.00153333333333333,-0.00216506350946109));
#1691=CARTESIAN_POINT('',(-1.13145893895848E-17,-0.0016,-0.00288675134594813));
#1692=CARTESIAN_POINT('',(0.00124999999999998,-0.00166666666666667,-0.0021650635094611));
#1693=CARTESIAN_POINT('',(0.00249999999999999,-0.00173333333333334,-0.00144337567297406));
#1694=CARTESIAN_POINT('',(0.0025,-0.0018,-2.32744789901656E-17));
#1695=CARTESIAN_POINT('',(0.0025,0.003,-1.83697019872103E-18));
#1696=CARTESIAN_POINT('',(0.0025,0.00225,0.));
#1697=CARTESIAN_POINT('',(0.0025,0.0029,-2.4492935982947E-18));
#1698=CARTESIAN_POINT('',(0.0025,0.0061,0.));
#1699=CARTESIAN_POINT('',(0.0025,0.00603333333333333,0.00144337567297406));
#1700=CARTESIAN_POINT('',(0.00125,0.00596666666666667,0.00216506350946109));
#1701=CARTESIAN_POINT('',(1.76762539787484E-19,0.0059,0.00288675134594813));
#1702=CARTESIAN_POINT('',(-0.00125,0.00583333333333333,0.00216506350946109));
#1703=CARTESIAN_POINT('',(-0.0025,0.00576666666666666,0.00144337567297406));
#1704=CARTESIAN_POINT('',(-0.0025,0.0057,3.06161699786838E-19));
#1705=CARTESIAN_POINT('',(-0.0025,0.00563333333333333,-0.00144337567297406));
#1706=CARTESIAN_POINT('',(-0.00125,0.00556666666666667,-0.00216506350946109));
#1707=CARTESIAN_POINT('',(-5.30287619362454E-19,0.0055,-0.00288675134594813));
#1708=CARTESIAN_POINT('',(0.00125,0.00543333333333333,-0.0021650635094611));
#1709=CARTESIAN_POINT('',(0.0025,0.00536666666666667,-0.00144337567297406));
#1710=CARTESIAN_POINT('',(0.0025,0.0053,-6.12323399573677E-19));
#1711=CARTESIAN_POINT('',(0.0025,0.00523333333333333,0.00144337567297406));
#1712=CARTESIAN_POINT('',(0.00125,0.00516666666666667,0.00216506350946109));
#1713=CARTESIAN_POINT('',(3.44776294744884E-18,0.0051,0.00288675134594813));
#1714=CARTESIAN_POINT('',(-0.00125,0.00503333333333333,0.0021650635094611));
#1715=CARTESIAN_POINT('',(-0.0025,0.00496666666666666,0.00144337567297406));
#1716=CARTESIAN_POINT('',(-0.0025,0.0049,9.18485099360515E-19));
#1717=CARTESIAN_POINT('',(-0.0025,0.00483333333333333,-0.00144337567297406));
#1718=CARTESIAN_POINT('',(-0.00125,0.00476666666666667,-0.00216506350946109));
#1719=CARTESIAN_POINT('',(-1.23733777851239E-18,0.0047,-0.00288675134594813));
#1720=CARTESIAN_POINT('',(0.00125,0.00463333333333333,-0.0021650635094611));
#1721=CARTESIAN_POINT('',(0.0025,0.00456666666666666,-0.00144337567297406));
#1722=CARTESIAN_POINT('',(0.0025,0.0045,-1.22464679914735E-18));
#1723=CARTESIAN_POINT('',(0.0025,0.00443333333333333,0.00144337567297406));
#1724=CARTESIAN_POINT('',(0.00125,0.00436666666666666,0.00216506350946109));
#1725=CARTESIAN_POINT('',(6.7187633551102E-18,0.0043,0.00288675134594813));
#1726=CARTESIAN_POINT('',(-0.00125,0.00423333333333334,0.0021650635094611));
#1727=CARTESIAN_POINT('',(-0.0025,0.00416666666666666,0.00144337567297406));
#1728=CARTESIAN_POINT('',(-0.0025,0.0041,5.97170059743482E-18));
#1729=CARTESIAN_POINT('',(-0.0025,0.00403333333333333,-0.00144337567297406));
#1730=CARTESIAN_POINT('',(-0.00125,0.00396666666666666,-0.00216506350946109));
#1731=CARTESIAN_POINT('',(-7.07228843468517E-18,0.0039,-0.00288675134594813));
#1732=CARTESIAN_POINT('',(0.00125,0.00383333333333333,-0.0021650635094611));
#1733=CARTESIAN_POINT('',(0.00249999999999999,0.00376666666666666,-0.00144337567297406));
#1734=CARTESIAN_POINT('',(0.0025,0.0037,-1.83697019872103E-18));
#1735=CARTESIAN_POINT('',(0.0025,0.00363333333333333,0.00144337567297406));
#1736=CARTESIAN_POINT('',(0.00125,0.00356666666666667,0.00216506350946109));
#1737=CARTESIAN_POINT('',(7.42581351426014E-18,0.0035,0.00288675134594813));
#1738=CARTESIAN_POINT('',(-0.00125,0.00343333333333334,0.0021650635094611));
#1739=CARTESIAN_POINT('',(-0.00249999999999999,0.00336666666666667,0.00144337567297406));
#1740=CARTESIAN_POINT('',(-0.0025,0.0033,2.14313189850787E-18));
#1741=CARTESIAN_POINT('',(-0.0025,0.00323333333333333,-0.00144337567297406));
#1742=CARTESIAN_POINT('',(-0.00125,0.00316666666666666,-0.00216506350946109));
#1743=CARTESIAN_POINT('',(-7.7793385938351E-18,0.0031,-0.00288675134594813));
#1744=CARTESIAN_POINT('',(0.00125,0.00303333333333333,-0.0021650635094611));
#1745=CARTESIAN_POINT('',(0.00249999999999999,0.00296666666666667,-0.00144337567297406));
#1746=CARTESIAN_POINT('',(0.0025,0.0029,-2.4492935982947E-18));
#1747=CARTESIAN_POINT('',(0.0025,0.00283333333333333,0.00144337567297406));
#1748=CARTESIAN_POINT('',(0.00125,0.00276666666666667,0.00216506350946109));
#1749=CARTESIAN_POINT('',(8.13286367341007E-18,0.0027,0.00288675134594813));
#1750=CARTESIAN_POINT('',(-0.00125,0.00263333333333333,0.0021650635094611));
#1751=CARTESIAN_POINT('',(-0.00249999999999999,0.00256666666666667,0.00144337567297406));
#1752=CARTESIAN_POINT('',(-0.0025,0.0025,1.16372394950828E-17));
#1753=CARTESIAN_POINT('',(-0.0025,0.00243333333333333,-0.00144337567297406));
#1754=CARTESIAN_POINT('',(-0.00125,0.00236666666666666,-0.00216506350946109));
#1755=CARTESIAN_POINT('',(-8.48638875298504E-18,0.0023,-0.00288675134594813));
#1756=CARTESIAN_POINT('',(0.00125,0.00223333333333333,-0.0021650635094611));
#1757=CARTESIAN_POINT('',(0.00249999999999999,0.00216666666666667,-0.00144337567297406));
#1758=CARTESIAN_POINT('',(0.0025,0.0021,-1.19434011948696E-17));
#1759=CARTESIAN_POINT('',(0.0025,0.00203333333333333,0.00144337567297406));
#1760=CARTESIAN_POINT('',(0.00125,0.00196666666666667,0.00216506350946109));
#1761=CARTESIAN_POINT('',(1.90957148266057E-17,0.0019,0.00288675134594813));
#1762=CARTESIAN_POINT('',(-0.00125,0.00183333333333333,0.0021650635094611));
#1763=CARTESIAN_POINT('',(-0.0025,0.00176666666666667,0.00144337567297406));
#1764=CARTESIAN_POINT('',(-0.0025,0.0017,1.22495628946565E-17));
#1765=CARTESIAN_POINT('',(-0.0025,0.00163333333333333,-0.00144337567297406));
#1766=CARTESIAN_POINT('',(-0.00125000000000001,0.00156666666666666,-0.00216506350946109));
#1767=CARTESIAN_POINT('',(-9.19343891213498E-18,0.0015,-0.00288675134594813));
#1768=CARTESIAN_POINT('',(0.00124999999999998,0.00143333333333333,-0.0021650635094611));
#1769=CARTESIAN_POINT('',(0.00249999999999999,0.00136666666666667,-0.00144337567297406));
#1770=CARTESIAN_POINT('',(0.0025,0.0013,-3.67394039744206E-18));
#1771=CARTESIAN_POINT('',(0.00250000000000001,0.00123333333333333,0.00144337567297405));
#1772=CARTESIAN_POINT('',(0.00125,0.00116666666666667,0.00216506350946109));
#1773=CARTESIAN_POINT('',(1.98027649857556E-17,0.0011,0.00288675134594813));
#1774=CARTESIAN_POINT('',(-0.00125,0.00103333333333333,0.0021650635094611));
#1775=CARTESIAN_POINT('',(-0.0025,0.000966666666666666,0.00144337567297406));
#1776=CARTESIAN_POINT('',(-0.0025,0.0009,1.28618862942301E-17));
#1777=CARTESIAN_POINT('',(-0.0025,0.000833333333333333,-0.00144337567297406));
#1778=CARTESIAN_POINT('',(-0.00125000000000001,0.000766666666666666,-0.00216506350946109));
#1779=CARTESIAN_POINT('',(-9.90048907128491E-18,0.0007,-0.00288675134594813));
#1780=CARTESIAN_POINT('',(0.00124999999999998,0.000633333333333333,-0.0021650635094611));
#1781=CARTESIAN_POINT('',(0.00249999999999999,0.000566666666666665,-0.00144337567297406));
#1782=CARTESIAN_POINT('',(0.0025,0.0005,-4.28626379701574E-18));
#1783=CARTESIAN_POINT('',(0.00250000000000001,0.000433333333333332,0.00144337567297405));
#1784=CARTESIAN_POINT('',(0.00125,0.000366666666666666,0.00216506350946109));
#1785=CARTESIAN_POINT('',(2.05098151449056E-17,0.000299999999999999,0.00288675134594813));
#1786=CARTESIAN_POINT('',(-0.00125,0.000233333333333333,0.0021650635094611));
#1787=CARTESIAN_POINT('',(-0.00249999999999999,0.000166666666666666,0.00144337567297408));
#1788=CARTESIAN_POINT('',(-0.0025,0.0001,1.34742096938038E-17));
#1789=CARTESIAN_POINT('',(-0.0025,3.33333333333322E-5,-0.00144337567297406));
#1790=CARTESIAN_POINT('',(-0.00125000000000001,-3.3333333333334E-5,-0.00216506350946109));
#1791=CARTESIAN_POINT('',(-1.06075392304349E-17,-0.000100000000000001,-0.00288675134594813));
#1792=CARTESIAN_POINT('',(0.00124999999999998,-0.000166666666666668,-0.0021650635094611));
#1793=CARTESIAN_POINT('',(0.00249999999999999,-0.000233333333333334,-0.00144337567297406));
#1794=CARTESIAN_POINT('',(0.0025,-0.0003,-4.89858719658941E-18));
#1795=CARTESIAN_POINT('',(0.00250000000000001,-0.000366666666666667,0.00144337567297405));
#1796=CARTESIAN_POINT('',(0.00125,-0.000433333333333334,0.00216506350946109));
#1797=CARTESIAN_POINT('',(2.12168653040555E-17,-0.000500000000000001,0.00288675134594813));
#1798=CARTESIAN_POINT('',(-0.00125,-0.000566666666666668,0.0021650635094611));
#1799=CARTESIAN_POINT('',(-0.00249999999999999,-0.000633333333333334,0.00144337567297409));
#1800=CARTESIAN_POINT('',(-0.0025,-0.0007,1.40865330933775E-17));
#1801=CARTESIAN_POINT('',(-0.0025,-0.000766666666666667,-0.00144337567297406));
#1802=CARTESIAN_POINT('',(-0.00125000000000001,-0.000833333333333334,-0.00216506350946109));
#1803=CARTESIAN_POINT('',(-1.13145893895848E-17,-0.0009,-0.00288675134594813));
#1804=CARTESIAN_POINT('',(0.00124999999999998,-0.000966666666666668,-0.0021650635094611));
#1805=CARTESIAN_POINT('',(0.00249999999999999,-0.00103333333333333,-0.00144337567297406));
#1806=CARTESIAN_POINT('',(0.0025,-0.0011,-2.32744789901656E-17));
#1807=CARTESIAN_POINT('',(0.,0.00225,0.));
#1808=CARTESIAN_POINT('',(-0.0025,0.00225,-3.06161699786838E-19));
#1809=CARTESIAN_POINT('',(-0.0025,0.0025,1.16372394950828E-17));
#1810=CARTESIAN_POINT('',(-0.0025,0.0026,2.14313189850787E-18));
#1811=CARTESIAN_POINT('',(0.0025,0.0054,0.));
#1812=CARTESIAN_POINT('',(0.0025,0.00533333333333334,0.00144337567297406));
#1813=CARTESIAN_POINT('',(0.00125,0.00526666666666667,0.00216506350946109));
#1814=CARTESIAN_POINT('',(1.76762539787484E-19,0.0052,0.00288675134594813));
#1815=CARTESIAN_POINT('',(-0.00125,0.00513333333333333,0.00216506350946109));
#1816=CARTESIAN_POINT('',(-0.0025,0.00506666666666666,0.00144337567297406));
#1817=CARTESIAN_POINT('',(-0.0025,0.005,3.06161699786838E-19));
#1818=CARTESIAN_POINT('',(-0.0025,0.00493333333333333,-0.00144337567297406));
#1819=CARTESIAN_POINT('',(-0.00125,0.00486666666666667,-0.00216506350946109));
#1820=CARTESIAN_POINT('',(-5.30287619362454E-19,0.0048,-0.00288675134594813));
#1821=CARTESIAN_POINT('',(0.00125,0.00473333333333333,-0.0021650635094611));
#1822=CARTESIAN_POINT('',(0.0025,0.00466666666666666,-0.00144337567297406));
#1823=CARTESIAN_POINT('',(0.0025,0.0046,-6.12323399573677E-19));
#1824=CARTESIAN_POINT('',(0.0025,0.00453333333333333,0.00144337567297406));
#1825=CARTESIAN_POINT('',(0.00125,0.00446666666666666,0.00216506350946109));
#1826=CARTESIAN_POINT('',(3.44776294744884E-18,0.0044,0.00288675134594813));
#1827=CARTESIAN_POINT('',(-0.00125,0.00433333333333334,0.0021650635094611));
#1828=CARTESIAN_POINT('',(-0.0025,0.00426666666666667,0.00144337567297406));
#1829=CARTESIAN_POINT('',(-0.0025,0.0042,9.18485099360515E-19));
#1830=CARTESIAN_POINT('',(-0.0025,0.00413333333333333,-0.00144337567297406));
#1831=CARTESIAN_POINT('',(-0.00125,0.00406666666666666,-0.00216506350946109));
#1832=CARTESIAN_POINT('',(-1.23733777851239E-18,0.004,-0.00288675134594813));
#1833=CARTESIAN_POINT('',(0.00125,0.00393333333333334,-0.0021650635094611));
#1834=CARTESIAN_POINT('',(0.0025,0.00386666666666667,-0.00144337567297406));
#1835=CARTESIAN_POINT('',(0.0025,0.0038,-1.22464679914735E-18));
#1836=CARTESIAN_POINT('',(0.0025,0.00373333333333333,0.00144337567297406));
#1837=CARTESIAN_POINT('',(0.00125,0.00366666666666666,0.00216506350946109));
#1838=CARTESIAN_POINT('',(6.7187633551102E-18,0.0036,0.00288675134594813));
#1839=CARTESIAN_POINT('',(-0.00125,0.00353333333333333,0.0021650635094611));
#1840=CARTESIAN_POINT('',(-0.0025,0.00346666666666667,0.00144337567297406));
#1841=CARTESIAN_POINT('',(-0.0025,0.0034,5.97170059743482E-18));
#1842=CARTESIAN_POINT('',(-0.0025,0.00333333333333333,-0.00144337567297406));
#1843=CARTESIAN_POINT('',(-0.00125,0.00326666666666667,-0.00216506350946109));
#1844=CARTESIAN_POINT('',(-7.07228843468517E-18,0.0032,-0.00288675134594813));
#1845=CARTESIAN_POINT('',(0.00125,0.00313333333333333,-0.0021650635094611));
#1846=CARTESIAN_POINT('',(0.00249999999999999,0.00306666666666667,-0.00144337567297406));
#1847=CARTESIAN_POINT('',(0.0025,0.003,-1.83697019872103E-18));
#1848=CARTESIAN_POINT('',(0.0025,0.00293333333333333,0.00144337567297406));
#1849=CARTESIAN_POINT('',(0.00125,0.00286666666666666,0.00216506350946109));
#1850=CARTESIAN_POINT('',(7.42581351426014E-18,0.0028,0.00288675134594813));
#1851=CARTESIAN_POINT('',(-0.00125,0.00273333333333334,0.0021650635094611));
#1852=CARTESIAN_POINT('',(-0.00249999999999999,0.00266666666666667,0.00144337567297406));
#1853=CARTESIAN_POINT('',(-0.0025,0.0026,2.14313189850787E-18));
#1854=CARTESIAN_POINT('',(-0.0025,0.00253333333333333,-0.00144337567297406));
#1855=CARTESIAN_POINT('',(-0.00125,0.00246666666666667,-0.00216506350946109));
#1856=CARTESIAN_POINT('',(-7.7793385938351E-18,0.0024,-0.00288675134594813));
#1857=CARTESIAN_POINT('',(0.00125,0.00233333333333333,-0.0021650635094611));
#1858=CARTESIAN_POINT('',(0.00249999999999999,0.00226666666666666,-0.00144337567297406));
#1859=CARTESIAN_POINT('',(0.0025,0.0022,-2.4492935982947E-18));
#1860=CARTESIAN_POINT('',(0.0025,0.00213333333333333,0.00144337567297406));
#1861=CARTESIAN_POINT('',(0.00125,0.00206666666666667,0.00216506350946109));
#1862=CARTESIAN_POINT('',(8.13286367341007E-18,0.002,0.00288675134594813));
#1863=CARTESIAN_POINT('',(-0.00125,0.00193333333333333,0.0021650635094611));
#1864=CARTESIAN_POINT('',(-0.00249999999999999,0.00186666666666666,0.00144337567297406));
#1865=CARTESIAN_POINT('',(-0.0025,0.0018,1.16372394950828E-17));
#1866=CARTESIAN_POINT('',(-0.0025,0.00173333333333333,-0.00144337567297406));
#1867=CARTESIAN_POINT('',(-0.00125,0.00166666666666667,-0.00216506350946109));
#1868=CARTESIAN_POINT('',(-8.48638875298504E-18,0.0016,-0.00288675134594813));
#1869=CARTESIAN_POINT('',(0.00125,0.00153333333333333,-0.0021650635094611));
#1870=CARTESIAN_POINT('',(0.00249999999999999,0.00146666666666667,-0.00144337567297406));
#1871=CARTESIAN_POINT('',(0.0025,0.0014,-1.19434011948696E-17));
#1872=CARTESIAN_POINT('',(0.0025,0.00133333333333333,0.00144337567297406));
#1873=CARTESIAN_POINT('',(0.00125,0.00126666666666667,0.00216506350946109));
#1874=CARTESIAN_POINT('',(1.90957148266057E-17,0.0012,0.00288675134594813));
#1875=CARTESIAN_POINT('',(-0.00125,0.00113333333333333,0.0021650635094611));
#1876=CARTESIAN_POINT('',(-0.0025,0.00106666666666667,0.00144337567297406));
#1877=CARTESIAN_POINT('',(-0.0025,0.001,1.22495628946565E-17));
#1878=CARTESIAN_POINT('',(-0.0025,0.000933333333333333,-0.00144337567297406));
#1879=CARTESIAN_POINT('',(-0.00125000000000001,0.000866666666666666,-0.00216506350946109));
#1880=CARTESIAN_POINT('',(-9.19343891213498E-18,0.0008,-0.00288675134594813));
#1881=CARTESIAN_POINT('',(0.00124999999999998,0.000733333333333332,-0.0021650635094611));
#1882=CARTESIAN_POINT('',(0.00249999999999999,0.000666666666666666,-0.00144337567297406));
#1883=CARTESIAN_POINT('',(0.0025,0.0006,-3.67394039744206E-18));
#1884=CARTESIAN_POINT('',(0.00250000000000001,0.000533333333333332,0.00144337567297405));
#1885=CARTESIAN_POINT('',(0.00125,0.000466666666666666,0.00216506350946109));
#1886=CARTESIAN_POINT('',(1.98027649857556E-17,0.000399999999999999,0.00288675134594813));
#1887=CARTESIAN_POINT('',(-0.00125,0.000333333333333332,0.0021650635094611));
#1888=CARTESIAN_POINT('',(-0.0025,0.000266666666666666,0.00144337567297406));
#1889=CARTESIAN_POINT('',(-0.0025,0.0002,1.28618862942301E-17));
#1890=CARTESIAN_POINT('',(-0.0025,0.000133333333333332,-0.00144337567297406));
#1891=CARTESIAN_POINT('',(-0.00125000000000001,6.66666666666654E-5,-0.00216506350946109));
#1892=CARTESIAN_POINT('',(-9.90048907128491E-18,-8.67361737988404E-19,-0.00288675134594813));
#1893=CARTESIAN_POINT('',(0.00124999999999998,-6.66666666666671E-5,-0.0021650635094611));
#1894=CARTESIAN_POINT('',(0.00249999999999999,-0.000133333333333334,-0.00144337567297406));
#1895=CARTESIAN_POINT('',(0.0025,-0.0002,-4.28626379701574E-18));
#1896=CARTESIAN_POINT('',(0.00250000000000001,-0.000266666666666667,0.00144337567297405));
#1897=CARTESIAN_POINT('',(0.00125,-0.000333333333333334,0.00216506350946109));
#1898=CARTESIAN_POINT('',(2.05098151449056E-17,-0.000400000000000001,0.00288675134594813));
#1899=CARTESIAN_POINT('',(-0.00125,-0.000466666666666667,0.0021650635094611));
#1900=CARTESIAN_POINT('',(-0.00249999999999999,-0.000533333333333335,0.00144337567297408));
#1901=CARTESIAN_POINT('',(-0.0025,-0.0006,1.34742096938038E-17));
#1902=CARTESIAN_POINT('',(-0.0025,-0.000666666666666668,-0.00144337567297406));
#1903=CARTESIAN_POINT('',(-0.00125000000000001,-0.000733333333333334,-0.00216506350946109));
#1904=CARTESIAN_POINT('',(-1.06075392304349E-17,-0.000800000000000001,-0.00288675134594813));
#1905=CARTESIAN_POINT('',(0.00124999999999998,-0.000866666666666668,-0.0021650635094611));
#1906=CARTESIAN_POINT('',(0.00249999999999999,-0.000933333333333334,-0.00144337567297406));
#1907=CARTESIAN_POINT('',(0.0025,-0.001,-4.89858719658941E-18));
#1908=CARTESIAN_POINT('',(0.00250000000000001,-0.00106666666666667,0.00144337567297405));
#1909=CARTESIAN_POINT('',(0.00125,-0.00113333333333333,0.00216506350946109));
#1910=CARTESIAN_POINT('',(2.12168653040555E-17,-0.0012,0.00288675134594813));
#1911=CARTESIAN_POINT('',(-0.00125,-0.00126666666666667,0.0021650635094611));
#1912=CARTESIAN_POINT('',(-0.00249999999999999,-0.00133333333333333,0.00144337567297409));
#1913=CARTESIAN_POINT('',(-0.0025,-0.0014,1.40865330933775E-17));
#1914=CARTESIAN_POINT('',(-0.0025,-0.00146666666666667,-0.00144337567297406));
#1915=CARTESIAN_POINT('',(-0.00125000000000001,-0.00153333333333333,-0.00216506350946109));
#1916=CARTESIAN_POINT('',(-1.13145893895848E-17,-0.0016,-0.00288675134594813));
#1917=CARTESIAN_POINT('',(0.00124999999999998,-0.00166666666666667,-0.0021650635094611));
#1918=CARTESIAN_POINT('',(0.00249999999999999,-0.00173333333333334,-0.00144337567297406));
#1919=CARTESIAN_POINT('',(0.0025,-0.0018,-2.32744789901656E-17));
#1920=CARTESIAN_POINT('',(0.0025,0.0022,-2.4492935982947E-18));
#1921=CARTESIAN_POINT('',(0.0025,0.00225,0.));
#1922=CARTESIAN_POINT('',(0.0025,0.0021,-1.19434011948696E-17));
#1923=CARTESIAN_POINT('',(0.0025,0.0061,0.));
#1924=CARTESIAN_POINT('',(0.0025,0.00603333333333333,0.00144337567297406));
#1925=CARTESIAN_POINT('',(0.00125,0.00596666666666667,0.00216506350946109));
#1926=CARTESIAN_POINT('',(1.76762539787484E-19,0.0059,0.00288675134594813));
#1927=CARTESIAN_POINT('',(-0.00125,0.00583333333333333,0.00216506350946109));
#1928=CARTESIAN_POINT('',(-0.0025,0.00576666666666666,0.00144337567297406));
#1929=CARTESIAN_POINT('',(-0.0025,0.0057,3.06161699786838E-19));
#1930=CARTESIAN_POINT('',(-0.0025,0.00563333333333333,-0.00144337567297406));
#1931=CARTESIAN_POINT('',(-0.00125,0.00556666666666667,-0.00216506350946109));
#1932=CARTESIAN_POINT('',(-5.30287619362454E-19,0.0055,-0.00288675134594813));
#1933=CARTESIAN_POINT('',(0.00125,0.00543333333333333,-0.0021650635094611));
#1934=CARTESIAN_POINT('',(0.0025,0.00536666666666667,-0.00144337567297406));
#1935=CARTESIAN_POINT('',(0.0025,0.0053,-6.12323399573677E-19));
#1936=CARTESIAN_POINT('',(0.0025,0.00523333333333333,0.00144337567297406));
#1937=CARTESIAN_POINT('',(0.00125,0.00516666666666667,0.00216506350946109));
#1938=CARTESIAN_POINT('',(3.44776294744884E-18,0.0051,0.00288675134594813));
#1939=CARTESIAN_POINT('',(-0.00125,0.00503333333333333,0.0021650635094611));
#1940=CARTESIAN_POINT('',(-0.0025,0.00496666666666666,0.00144337567297406));
#1941=CARTESIAN_POINT('',(-0.0025,0.0049,9.18485099360515E-19));
#1942=CARTESIAN_POINT('',(-0.0025,0.00483333333333333,-0.00144337567297406));
#1943=CARTESIAN_POINT('',(-0.00125,0.00476666666666667,-0.00216506350946109));
#1944=CARTESIAN_POINT('',(-1.23733777851239E-18,0.0047,-0.00288675134594813));
#1945=CARTESIAN_POINT('',(0.00125,0.00463333333333333,-0.0021650635094611));
#1946=CARTESIAN_POINT('',(0.0025,0.00456666666666666,-0.00144337567297406));
#1947=CARTESIAN_POINT('',(0.0025,0.0045,-1.22464679914735E-18));
#1948=CARTESIAN_POINT('',(0.0025,0.00443333333333333,0.00144337567297406));
#1949=CARTESIAN_POINT('',(0.00125,0.00436666666666666,0.00216506350946109));
#1950=CARTESIAN_POINT('',(6.7187633551102E-18,0.0043,0.00288675134594813));
#1951=CARTESIAN_POINT('',(-0.00125,0.00423333333333334,0.0021650635094611));
#1952=CARTESIAN_POINT('',(-0.0025,0.00416666666666666,0.00144337567297406));
#1953=CARTESIAN_POINT('',(-0.0025,0.0041,5.97170059743482E-18));
#1954=CARTESIAN_POINT('',(-0.0025,0.00403333333333333,-0.00144337567297406));
#1955=CARTESIAN_POINT('',(-0.00125,0.00396666666666666,-0.00216506350946109));
#1956=CARTESIAN_POINT('',(-7.07228843468517E-18,0.0039,-0.00288675134594813));
#1957=CARTESIAN_POINT('',(0.00125,0.00383333333333333,-0.0021650635094611));
#1958=CARTESIAN_POINT('',(0.00249999999999999,0.00376666666666666,-0.00144337567297406));
#1959=CARTESIAN_POINT('',(0.0025,0.0037,-1.83697019872103E-18));
#1960=CARTESIAN_POINT('',(0.0025,0.00363333333333333,0.00144337567297406));
#1961=CARTESIAN_POINT('',(0.00125,0.00356666666666667,0.00216506350946109));
#1962=CARTESIAN_POINT('',(7.42581351426014E-18,0.0035,0.00288675134594813));
#1963=CARTESIAN_POINT('',(-0.00125,0.00343333333333334,0.0021650635094611));
#1964=CARTESIAN_POINT('',(-0.00249999999999999,0.00336666666666667,0.00144337567297406));
#1965=CARTESIAN_POINT('',(-0.0025,0.0033,2.14313189850787E-18));
#1966=CARTESIAN_POINT('',(-0.0025,0.00323333333333333,-0.00144337567297406));
#1967=CARTESIAN_POINT('',(-0.00125,0.00316666666666666,-0.00216506350946109));
#1968=CARTESIAN_POINT('',(-7.7793385938351E-18,0.0031,-0.00288675134594813));
#1969=CARTESIAN_POINT('',(0.00125,0.00303333333333333,-0.0021650635094611));
#1970=CARTESIAN_POINT('',(0.00249999999999999,0.00296666666666667,-0.00144337567297406));
#1971=CARTESIAN_POINT('',(0.0025,0.0029,-2.4492935982947E-18));
#1972=CARTESIAN_POINT('',(0.0025,0.00283333333333333,0.00144337567297406));
#1973=CARTESIAN_POINT('',(0.00125,0.00276666666666667,0.00216506350946109));
#1974=CARTESIAN_POINT('',(8.13286367341007E-18,0.0027,0.00288675134594813));
#1975=CARTESIAN_POINT('',(-0.00125,0.00263333333333333,0.0021650635094611));
#1976=CARTESIAN_POINT('',(-0.00249999999999999,0.00256666666666667,0.00144337567297406));
#1977=CARTESIAN_POINT('',(-0.0025,0.0025,1.16372394950828E-17));
#1978=CARTESIAN_POINT('',(-0.0025,0.00243333333333333,-0.00144337567297406));
#1979=CARTESIAN_POINT('',(-0.00125,0.00236666666666666,-0.00216506350946109));
#1980=CARTESIAN_POINT('',(-8.48638875298504E-18,0.0023,-0.00288675134594813));
#1981=CARTESIAN_POINT('',(0.00125,0.00223333333333333,-0.0021650635094611));
#1982=CARTESIAN_POINT('',(0.00249999999999999,0.00216666666666667,-0.00144337567297406));
#1983=CARTESIAN_POINT('',(0.0025,0.0021,-1.19434011948696E-17));
#1984=CARTESIAN_POINT('',(0.0025,0.00203333333333333,0.00144337567297406));
#1985=CARTESIAN_POINT('',(0.00125,0.00196666666666667,0.00216506350946109));
#1986=CARTESIAN_POINT('',(1.90957148266057E-17,0.0019,0.00288675134594813));
#1987=CARTESIAN_POINT('',(-0.00125,0.00183333333333333,0.0021650635094611));
#1988=CARTESIAN_POINT('',(-0.0025,0.00176666666666667,0.00144337567297406));
#1989=CARTESIAN_POINT('',(-0.0025,0.0017,1.22495628946565E-17));
#1990=CARTESIAN_POINT('',(-0.0025,0.00163333333333333,-0.00144337567297406));
#1991=CARTESIAN_POINT('',(-0.00125000000000001,0.00156666666666666,-0.00216506350946109));
#1992=CARTESIAN_POINT('',(-9.19343891213498E-18,0.0015,-0.00288675134594813));
#1993=CARTESIAN_POINT('',(0.00124999999999998,0.00143333333333333,-0.0021650635094611));
#1994=CARTESIAN_POINT('',(0.00249999999999999,0.00136666666666667,-0.00144337567297406));
#1995=CARTESIAN_POINT('',(0.0025,0.0013,-3.67394039744206E-18));
#1996=CARTESIAN_POINT('',(0.00250000000000001,0.00123333333333333,0.00144337567297405));
#1997=CARTESIAN_POINT('',(0.00125,0.00116666666666667,0.00216506350946109));
#1998=CARTESIAN_POINT('',(1.98027649857556E-17,0.0011,0.00288675134594813));
#1999=CARTESIAN_POINT('',(-0.00125,0.00103333333333333,0.0021650635094611));
#2000=CARTESIAN_POINT('',(-0.0025,0.000966666666666666,0.00144337567297406));
#2001=CARTESIAN_POINT('',(-0.0025,0.0009,1.28618862942301E-17));
#2002=CARTESIAN_POINT('',(-0.0025,0.000833333333333333,-0.00144337567297406));
#2003=CARTESIAN_POINT('',(-0.00125000000000001,0.000766666666666666,-0.00216506350946109));
#2004=CARTESIAN_POINT('',(-9.90048907128491E-18,0.0007,-0.00288675134594813));
#2005=CARTESIAN_POINT('',(0.00124999999999998,0.000633333333333333,-0.0021650635094611));
#2006=CARTESIAN_POINT('',(0.00249999999999999,0.000566666666666665,-0.00144337567297406));
#2007=CARTESIAN_POINT('',(0.0025,0.0005,-4.28626379701574E-18));
#2008=CARTESIAN_POINT('',(0.00250000000000001,0.000433333333333332,0.00144337567297405));
#2009=CARTESIAN_POINT('',(0.00125,0.000366666666666666,0.00216506350946109));
#2010=CARTESIAN_POINT('',(2.05098151449056E-17,0.000299999999999999,0.00288675134594813));
#2011=CARTESIAN_POINT('',(-0.00125,0.000233333333333333,0.0021650635094611));
#2012=CARTESIAN_POINT('',(-0.00249999999999999,0.000166666666666666,0.00144337567297408));
#2013=CARTESIAN_POINT('',(-0.0025,0.0001,1.34742096938038E-17));
#2014=CARTESIAN_POINT('',(-0.0025,3.33333333333322E-5,-0.00144337567297406));
#2015=CARTESIAN_POINT('',(-0.00125000000000001,-3.3333333333334E-5,-0.00216506350946109));
#2016=CARTESIAN_POINT('',(-1.06075392304349E-17,-0.000100000000000001,-0.00288675134594813));
#2017=CARTESIAN_POINT('',(0.00124999999999998,-0.000166666666666668,-0.0021650635094611));
#2018=CARTESIAN_POINT('',(0.00249999999999999,-0.000233333333333334,-0.00144337567297406));
#2019=CARTESIAN_POINT('',(0.0025,-0.0003,-4.89858719658941E-18));
#2020=CARTESIAN_POINT('',(0.00250000000000001,-0.000366666666666667,0.00144337567297405));
#2021=CARTESIAN_POINT('',(0.00125,-0.000433333333333334,0.00216506350946109));
#2022=CARTESIAN_POINT('',(2.12168653040555E-17,-0.000500000000000001,0.00288675134594813));
#2023=CARTESIAN_POINT('',(-0.00125,-0.000566666666666668,0.0021650635094611));
#2024=CARTESIAN_POINT('',(-0.00249999999999999,-0.000633333333333334,0.00144337567297409));
#2025=CARTESIAN_POINT('',(-0.0025,-0.0007,1.40865330933775E-17));
#2026=CARTESIAN_POINT('',(-0.0025,-0.000766666666666667,-0.00144337567297406));
#2027=CARTESIAN_POINT('',(-0.00125000000000001,-0.000833333333333334,-0.00216506350946109));
#2028=CARTESIAN_POINT('',(-1.13145893895848E-17,-0.0009,-0.00288675134594813));
#2029=CARTESIAN_POINT('',(0.00124999999999998,-0.000966666666666668,-0.0021650635094611));
#2030=CARTESIAN_POINT('',(0.00249999999999999,-0.00103333333333333,-0.00144337567297406));
#2031=CARTESIAN_POINT('',(0.0025,-0.0011,-2.32744789901656E-17));
#2032=CARTESIAN_POINT('',(0.,0.00225,0.));
#2033=CARTESIAN_POINT('',(-0.0025,0.00225,-3.06161699786838E-19));
#2034=CARTESIAN_POINT('',(-0.0025,0.0017,1.22495628946565E-17));
#2035=CARTESIAN_POINT('',(-0.0025,0.0018,1.16372394950828E-17));
#2036=CARTESIAN_POINT('',(0.0025,0.0054,0.));
#2037=CARTESIAN_POINT('',(0.0025,0.00533333333333334,0.00144337567297406));
#2038=CARTESIAN_POINT('',(0.00125,0.00526666666666667,0.00216506350946109));
#2039=CARTESIAN_POINT('',(1.76762539787484E-19,0.0052,0.00288675134594813));
#2040=CARTESIAN_POINT('',(-0.00125,0.00513333333333333,0.00216506350946109));
#2041=CARTESIAN_POINT('',(-0.0025,0.00506666666666666,0.00144337567297406));
#2042=CARTESIAN_POINT('',(-0.0025,0.005,3.06161699786838E-19));
#2043=CARTESIAN_POINT('',(-0.0025,0.00493333333333333,-0.00144337567297406));
#2044=CARTESIAN_POINT('',(-0.00125,0.00486666666666667,-0.00216506350946109));
#2045=CARTESIAN_POINT('',(-5.30287619362454E-19,0.0048,-0.00288675134594813));
#2046=CARTESIAN_POINT('',(0.00125,0.00473333333333333,-0.0021650635094611));
#2047=CARTESIAN_POINT('',(0.0025,0.00466666666666666,-0.00144337567297406));
#2048=CARTESIAN_POINT('',(0.0025,0.0046,-6.12323399573677E-19));
#2049=CARTESIAN_POINT('',(0.0025,0.00453333333333333,0.00144337567297406));
#2050=CARTESIAN_POINT('',(0.00125,0.00446666666666666,0.00216506350946109));
#2051=CARTESIAN_POINT('',(3.44776294744884E-18,0.0044,0.00288675134594813));
#2052=CARTESIAN_POINT('',(-0.00125,0.00433333333333334,0.0021650635094611));
#2053=CARTESIAN_POINT('',(-0.0025,0.00426666666666667,0.00144337567297406));
#2054=CARTESIAN_POINT('',(-0.0025,0.0042,9.18485099360515E-19));
#2055=CARTESIAN_POINT('',(-0.0025,0.00413333333333333,-0.00144337567297406));
#2056=CARTESIAN_POINT('',(-0.00125,0.00406666666666666,-0.00216506350946109));
#2057=CARTESIAN_POINT('',(-1.23733777851239E-18,0.004,-0.00288675134594813));
#2058=CARTESIAN_POINT('',(0.00125,0.00393333333333334,-0.0021650635094611));
#2059=CARTESIAN_POINT('',(0.0025,0.00386666666666667,-0.00144337567297406));
#2060=CARTESIAN_POINT('',(0.0025,0.0038,-1.22464679914735E-18));
#2061=CARTESIAN_POINT('',(0.0025,0.00373333333333333,0.00144337567297406));
#2062=CARTESIAN_POINT('',(0.00125,0.00366666666666666,0.00216506350946109));
#2063=CARTESIAN_POINT('',(6.7187633551102E-18,0.0036,0.00288675134594813));
#2064=CARTESIAN_POINT('',(-0.00125,0.00353333333333333,0.0021650635094611));
#2065=CARTESIAN_POINT('',(-0.0025,0.00346666666666667,0.00144337567297406));
#2066=CARTESIAN_POINT('',(-0.0025,0.0034,5.97170059743482E-18));
#2067=CARTESIAN_POINT('',(-0.0025,0.00333333333333333,-0.00144337567297406));
#2068=CARTESIAN_POINT('',(-0.00125,0.00326666666666667,-0.00216506350946109));
#2069=CARTESIAN_POINT('',(-7.07228843468517E-18,0.0032,-0.00288675134594813));
#2070=CARTESIAN_POINT('',(0.00125,0.00313333333333333,-0.0021650635094611));
#2071=CARTESIAN_POINT('',(0.00249999999999999,0.00306666666666667,-0.00144337567297406));
#2072=CARTESIAN_POINT('',(0.0025,0.003,-1.83697019872103E-18));
#2073=CARTESIAN_POINT('',(0.0025,0.00293333333333333,0.00144337567297406));
#2074=CARTESIAN_POINT('',(0.00125,0.00286666666666666,0.00216506350946109));
#2075=CARTESIAN_POINT('',(7.42581351426014E-18,0.0028,0.00288675134594813));
#2076=CARTESIAN_POINT('',(-0.00125,0.00273333333333334,0.0021650635094611));
#2077=CARTESIAN_POINT('',(-0.00249999999999999,0.00266666666666667,0.00144337567297406));
#2078=CARTESIAN_POINT('',(-0.0025,0.0026,2.14313189850787E-18));
#2079=CARTESIAN_POINT('',(-0.0025,0.00253333333333333,-0.00144337567297406));
#2080=CARTESIAN_POINT('',(-0.00125,0.00246666666666667,-0.00216506350946109));
#2081=CARTESIAN_POINT('',(-7.7793385938351E-18,0.0024,-0.00288675134594813));
#2082=CARTESIAN_POINT('',(0.00125,0.00233333333333333,-0.0021650635094611));
#2083=CARTESIAN_POINT('',(0.00249999999999999,0.00226666666666666,-0.00144337567297406));
#2084=CARTESIAN_POINT('',(0.0025,0.0022,-2.4492935982947E-18));
#2085=CARTESIAN_POINT('',(0.0025,0.00213333333333333,0.00144337567297406));
#2086=CARTESIAN_POINT('',(0.00125,0.00206666666666667,0.00216506350946109));
#2087=CARTESIAN_POINT('',(8.13286367341007E-18,0.002,0.00288675134594813));
#2088=CARTESIAN_POINT('',(-0.00125,0.00193333333333333,0.0021650635094611));
#2089=CARTESIAN_POINT('',(-0.00249999999999999,0.00186666666666666,0.00144337567297406));
#2090=CARTESIAN_POINT('',(-0.0025,0.0018,1.16372394950828E-17));
#2091=CARTESIAN_POINT('',(-0.0025,0.00173333333333333,-0.00144337567297406));
#2092=CARTESIAN_POINT('',(-0.00125,0.00166666666666667,-0.00216506350946109));
#2093=CARTESIAN_POINT('',(-8.48638875298504E-18,0.0016,-0.00288675134594813));
#2094=CARTESIAN_POINT('',(0.00125,0.00153333333333333,-0.0021650635094611));
#2095=CARTESIAN_POINT('',(0.00249999999999999,0.00146666666666667,-0.00144337567297406));
#2096=CARTESIAN_POINT('',(0.0025,0.0014,-1.19434011948696E-17));
#2097=CARTESIAN_POINT('',(0.0025,0.00133333333333333,0.00144337567297406));
#2098=CARTESIAN_POINT('',(0.00125,0.00126666666666667,0.00216506350946109));
#2099=CARTESIAN_POINT('',(1.90957148266057E-17,0.0012,0.00288675134594813));
#2100=CARTESIAN_POINT('',(-0.00125,0.00113333333333333,0.0021650635094611));
#2101=CARTESIAN_POINT('',(-0.0025,0.00106666666666667,0.00144337567297406));
#2102=CARTESIAN_POINT('',(-0.0025,0.001,1.22495628946565E-17));
#2103=CARTESIAN_POINT('',(-0.0025,0.000933333333333333,-0.00144337567297406));
#2104=CARTESIAN_POINT('',(-0.00125000000000001,0.000866666666666666,-0.00216506350946109));
#2105=CARTESIAN_POINT('',(-9.19343891213498E-18,0.0008,-0.00288675134594813));
#2106=CARTESIAN_POINT('',(0.00124999999999998,0.000733333333333332,-0.0021650635094611));
#2107=CARTESIAN_POINT('',(0.00249999999999999,0.000666666666666666,-0.00144337567297406));
#2108=CARTESIAN_POINT('',(0.0025,0.0006,-3.67394039744206E-18));
#2109=CARTESIAN_POINT('',(0.00250000000000001,0.000533333333333332,0.00144337567297405));
#2110=CARTESIAN_POINT('',(0.00125,0.000466666666666666,0.00216506350946109));
#2111=CARTESIAN_POINT('',(1.98027649857556E-17,0.000399999999999999,0.00288675134594813));
#2112=CARTESIAN_POINT('',(-0.00125,0.000333333333333332,0.0021650635094611));
#2113=CARTESIAN_POINT('',(-0.0025,0.000266666666666666,0.00144337567297406));
#2114=CARTESIAN_POINT('',(-0.0025,0.0002,1.28618862942301E-17));
#2115=CARTESIAN_POINT('',(-0.0025,0.000133333333333332,-0.00144337567297406));
#2116=CARTESIAN_POINT('',(-0.00125000000000001,6.66666666666654E-5,-0.00216506350946109));
#2117=CARTESIAN_POINT('',(-9.90048907128491E-18,-8.67361737988404E-19,-0.00288675134594813));
#2118=CARTESIAN_POINT('',(0.00124999999999998,-6.66666666666671E-5,-0.0021650635094611));
#2119=CARTESIAN_POINT('',(0.00249999999999999,-0.000133333333333334,-0.00144337567297406));
#2120=CARTESIAN_POINT('',(0.0025,-0.0002,-4.28626379701574E-18));
#2121=CARTESIAN_POINT('',(0.00250000000000001,-0.000266666666666667,0.00144337567297405));
#2122=CARTESIAN_POINT('',(0.00125,-0.000333333333333334,0.00216506350946109));
#2123=CARTESIAN_POINT('',(2.05098151449056E-17,-0.000400000000000001,0.00288675134594813));
#2124=CARTESIAN_POINT('',(-0.00125,-0.000466666666666667,0.0021650635094611));
#2125=CARTESIAN_POINT('',(-0.00249999999999999,-0.000533333333333335,0.00144337567297408));
#2126=CARTESIAN_POINT('',(-0.0025,-0.0006,1.34742096938038E-17));
#2127=CARTESIAN_POINT('',(-0.0025,-0.000666666666666668,-0.00144337567297406));
#2128=CARTESIAN_POINT('',(-0.00125000000000001,-0.000733333333333334,-0.00216506350946109));
#2129=CARTESIAN_POINT('',(-1.06075392304349E-17,-0.000800000000000001,-0.00288675134594813));
#2130=CARTESIAN_POINT('',(0.00124999999999998,-0.000866666666666668,-0.0021650635094611));
#2131=CARTESIAN_POINT('',(0.00249999999999999,-0.000933333333333334,-0.00144337567297406));
#2132=CARTESIAN_POINT('',(0.0025,-0.001,-4.89858719658941E-18));
#2133=CARTESIAN_POINT('',(0.00250000000000001,-0.00106666666666667,0.00144337567297405));
#2134=CARTESIAN_POINT('',(0.00125,-0.00113333333333333,0.00216506350946109));
#2135=CARTESIAN_POINT('',(2.12168653040555E-17,-0.0012,0.00288675134594813));
#2136=CARTESIAN_POINT('',(-0.00125,-0.00126666666666667,0.0021650635094611));
#2137=CARTESIAN_POINT('',(-0.00249999999999999,-0.00133333333333333,0.00144337567297409));
#2138=CARTESIAN_POINT('',(-0.0025,-0.0014,1.40865330933775E-17));
#2139=CARTESIAN_POINT('',(-0.0025,-0.00146666666666667,-0.00144337567297406));
#2140=CARTESIAN_POINT('',(-0.00125000000000001,-0.00153333333333333,-0.00216506350946109));
#2141=CARTESIAN_POINT('',(-1.13145893895848E-17,-0.0016,-0.00288675134594813));
#2142=CARTESIAN_POINT('',(0.00124999999999998,-0.00166666666666667,-0.0021650635094611));
#2143=CARTESIAN_POINT('',(0.00249999999999999,-0.00173333333333334,-0.00144337567297406));
#2144=CARTESIAN_POINT('',(0.0025,-0.0018,-2.32744789901656E-17));
#2145=CARTESIAN_POINT('',(0.0025,0.0014,-1.19434011948696E-17));
#2146=CARTESIAN_POINT('',(0.0025,0.00225,0.));
#2147=CARTESIAN_POINT('',(0.0025,0.0013,-3.67394039744206E-18));
#2148=CARTESIAN_POINT('',(0.0025,0.0061,0.));
#2149=CARTESIAN_POINT('',(0.0025,0.00603333333333333,0.00144337567297406));
#2150=CARTESIAN_POINT('',(0.00125,0.00596666666666667,0.00216506350946109));
#2151=CARTESIAN_POINT('',(1.76762539787484E-19,0.0059,0.00288675134594813));
#2152=CARTESIAN_POINT('',(-0.00125,0.00583333333333333,0.00216506350946109));
#2153=CARTESIAN_POINT('',(-0.0025,0.00576666666666666,0.00144337567297406));
#2154=CARTESIAN_POINT('',(-0.0025,0.0057,3.06161699786838E-19));
#2155=CARTESIAN_POINT('',(-0.0025,0.00563333333333333,-0.00144337567297406));
#2156=CARTESIAN_POINT('',(-0.00125,0.00556666666666667,-0.00216506350946109));
#2157=CARTESIAN_POINT('',(-5.30287619362454E-19,0.0055,-0.00288675134594813));
#2158=CARTESIAN_POINT('',(0.00125,0.00543333333333333,-0.0021650635094611));
#2159=CARTESIAN_POINT('',(0.0025,0.00536666666666667,-0.00144337567297406));
#2160=CARTESIAN_POINT('',(0.0025,0.0053,-6.12323399573677E-19));
#2161=CARTESIAN_POINT('',(0.0025,0.00523333333333333,0.00144337567297406));
#2162=CARTESIAN_POINT('',(0.00125,0.00516666666666667,0.00216506350946109));
#2163=CARTESIAN_POINT('',(3.44776294744884E-18,0.0051,0.00288675134594813));
#2164=CARTESIAN_POINT('',(-0.00125,0.00503333333333333,0.0021650635094611));
#2165=CARTESIAN_POINT('',(-0.0025,0.00496666666666666,0.00144337567297406));
#2166=CARTESIAN_POINT('',(-0.0025,0.0049,9.18485099360515E-19));
#2167=CARTESIAN_POINT('',(-0.0025,0.00483333333333333,-0.00144337567297406));
#2168=CARTESIAN_POINT('',(-0.00125,0.00476666666666667,-0.00216506350946109));
#2169=CARTESIAN_POINT('',(-1.23733777851239E-18,0.0047,-0.00288675134594813));
#2170=CARTESIAN_POINT('',(0.00125,0.00463333333333333,-0.0021650635094611));
#2171=CARTESIAN_POINT('',(0.0025,0.00456666666666666,-0.00144337567297406));
#2172=CARTESIAN_POINT('',(0.0025,0.0045,-1.22464679914735E-18));
#2173=CARTESIAN_POINT('',(0.0025,0.00443333333333333,0.00144337567297406));
#2174=CARTESIAN_POINT('',(0.00125,0.00436666666666666,0.00216506350946109));
#2175=CARTESIAN_POINT('',(6.7187633551102E-18,0.0043,0.00288675134594813));
#2176=CARTESIAN_POINT('',(-0.00125,0.00423333333333334,0.0021650635094611));
#2177=CARTESIAN_POINT('',(-0.0025,0.00416666666666666,0.00144337567297406));
#2178=CARTESIAN_POINT('',(-0.0025,0.0041,5.97170059743482E-18));
#2179=CARTESIAN_POINT('',(-0.0025,0.00403333333333333,-0.00144337567297406));
#2180=CARTESIAN_POINT('',(-0.00125,0.00396666666666666,-0.00216506350946109));
#2181=CARTESIAN_POINT('',(-7.07228843468517E-18,0.0039,-0.00288675134594813));
#2182=CARTESIAN_POINT('',(0.00125,0.00383333333333333,-0.0021650635094611));
#2183=CARTESIAN_POINT('',(0.00249999999999999,0.00376666666666666,-0.00144337567297406));
#2184=CARTESIAN_POINT('',(0.0025,0.0037,-1.83697019872103E-18));
#2185=CARTESIAN_POINT('',(0.0025,0.00363333333333333,0.00144337567297406));
#2186=CARTESIAN_POINT('',(0.00125,0.00356666666666667,0.00216506350946109));
#2187=CARTESIAN_POINT('',(7.42581351426014E-18,0.0035,0.00288675134594813));
#2188=CARTESIAN_POINT('',(-0.00125,0.00343333333333334,0.0021650635094611));
#2189=CARTESIAN_POINT('',(-0.00249999999999999,0.00336666666666667,0.00144337567297406));
#2190=CARTESIAN_POINT('',(-0.0025,0.0033,2.14313189850787E-18));
#2191=CARTESIAN_POINT('',(-0.0025,0.00323333333333333,-0.00144337567297406));
#2192=CARTESIAN_POINT('',(-0.00125,0.00316666666666666,-0.00216506350946109));
#2193=CARTESIAN_POINT('',(-7.7793385938351E-18,0.0031,-0.00288675134594813));
#2194=CARTESIAN_POINT('',(0.00125,0.00303333333333333,-0.0021650635094611));
#2195=CARTESIAN_POINT('',(0.00249999999999999,0.00296666666666667,-0.00144337567297406));
#2196=CARTESIAN_POINT('',(0.0025,0.0029,-2.4492935982947E-18));
#2197=CARTESIAN_POINT('',(0.0025,0.00283333333333333,0.00144337567297406));
#2198=CARTESIAN_POINT('',(0.00125,0.00276666666666667,0.00216506350946109));
#2199=CARTESIAN_POINT('',(8.13286367341007E-18,0.0027,0.00288675134594813));
#2200=CARTESIAN_POINT('',(-0.00125,0.00263333333333333,0.0021650635094611));
#2201=CARTESIAN_POINT('',(-0.00249999999999999,0.00256666666666667,0.00144337567297406));
#2202=CARTESIAN_POINT('',(-0.0025,0.0025,1.16372394950828E-17));
#2203=CARTESIAN_POINT('',(-0.0025,0.00243333333333333,-0.00144337567297406));
#2204=CARTESIAN_POINT('',(-0.00125,0.00236666666666666,-0.00216506350946109));
#2205=CARTESIAN_POINT('',(-8.48638875298504E-18,0.0023,-0.00288675134594813));
#2206=CARTESIAN_POINT('',(0.00125,0.00223333333333333,-0.0021650635094611));
#2207=CARTESIAN_POINT('',(0.00249999999999999,0.00216666666666667,-0.00144337567297406));
#2208=CARTESIAN_POINT('',(0.0025,0.0021,-1.19434011948696E-17));
#2209=CARTESIAN_POINT('',(0.0025,0.00203333333333333,0.00144337567297406));
#2210=CARTESIAN_POINT('',(0.00125,0.00196666666666667,0.00216506350946109));
#2211=CARTESIAN_POINT('',(1.90957148266057E-17,0.0019,0.00288675134594813));
#2212=CARTESIAN_POINT('',(-0.00125,0.00183333333333333,0.0021650635094611));
#2213=CARTESIAN_POINT('',(-0.0025,0.00176666666666667,0.00144337567297406));
#2214=CARTESIAN_POINT('',(-0.0025,0.0017,1.22495628946565E-17));
#2215=CARTESIAN_POINT('',(-0.0025,0.00163333333333333,-0.00144337567297406));
#2216=CARTESIAN_POINT('',(-0.00125000000000001,0.00156666666666666,-0.00216506350946109));
#2217=CARTESIAN_POINT('',(-9.19343891213498E-18,0.0015,-0.00288675134594813));
#2218=CARTESIAN_POINT('',(0.00124999999999998,0.00143333333333333,-0.0021650635094611));
#2219=CARTESIAN_POINT('',(0.00249999999999999,0.00136666666666667,-0.00144337567297406));
#2220=CARTESIAN_POINT('',(0.0025,0.0013,-3.67394039744206E-18));
#2221=CARTESIAN_POINT('',(0.00250000000000001,0.00123333333333333,0.00144337567297405));
#2222=CARTESIAN_POINT('',(0.00125,0.00116666666666667,0.00216506350946109));
#2223=CARTESIAN_POINT('',(1.98027649857556E-17,0.0011,0.00288675134594813));
#2224=CARTESIAN_POINT('',(-0.00125,0.00103333333333333,0.0021650635094611));
#2225=CARTESIAN_POINT('',(-0.0025,0.000966666666666666,0.00144337567297406));
#2226=CARTESIAN_POINT('',(-0.0025,0.0009,1.28618862942301E-17));
#2227=CARTESIAN_POINT('',(-0.0025,0.000833333333333333,-0.00144337567297406));
#2228=CARTESIAN_POINT('',(-0.00125000000000001,0.000766666666666666,-0.00216506350946109));
#2229=CARTESIAN_POINT('',(-9.90048907128491E-18,0.0007,-0.00288675134594813));
#2230=CARTESIAN_POINT('',(0.00124999999999998,0.000633333333333333,-0.0021650635094611));
#2231=CARTESIAN_POINT('',(0.00249999999999999,0.000566666666666665,-0.00144337567297406));
#2232=CARTESIAN_POINT('',(0.0025,0.0005,-4.28626379701574E-18));
#2233=CARTESIAN_POINT('',(0.00250000000000001,0.000433333333333332,0.00144337567297405));
#2234=CARTESIAN_POINT('',(0.00125,0.000366666666666666,0.00216506350946109));
#2235=CARTESIAN_POINT('',(2.05098151449056E-17,0.000299999999999999,0.00288675134594813));
#2236=CARTESIAN_POINT('',(-0.00125,0.000233333333333333,0.0021650635094611));
#2237=CARTESIAN_POINT('',(-0.00249999999999999,0.000166666666666666,0.00144337567297408));
#2238=CARTESIAN_POINT('',(-0.0025,0.0001,1.34742096938038E-17));
#2239=CARTESIAN_POINT('',(-0.0025,3.33333333333322E-5,-0.00144337567297406));
#2240=CARTESIAN_POINT('',(-0.00125000000000001,-3.3333333333334E-5,-0.00216506350946109));
#2241=CARTESIAN_POINT('',(-1.06075392304349E-17,-0.000100000000000001,-0.00288675134594813));
#2242=CARTESIAN_POINT('',(0.00124999999999998,-0.000166666666666668,-0.0021650635094611));
#2243=CARTESIAN_POINT('',(0.00249999999999999,-0.000233333333333334,-0.00144337567297406));
#2244=CARTESIAN_POINT('',(0.0025,-0.0003,-4.89858719658941E-18));
#2245=CARTESIAN_POINT('',(0.00250000000000001,-0.000366666666666667,0.00144337567297405));
#2246=CARTESIAN_POINT('',(0.00125,-0.000433333333333334,0.00216506350946109));
#2247=CARTESIAN_POINT('',(2.12168653040555E-17,-0.000500000000000001,0.00288675134594813));
#2248=CARTESIAN_POINT('',(-0.00125,-0.000566666666666668,0.0021650635094611));
#2249=CARTESIAN_POINT('',(-0.00249999999999999,-0.000633333333333334,0.00144337567297409));
#2250=CARTESIAN_POINT('',(-0.0025,-0.0007,1.40865330933775E-17));
#2251=CARTESIAN_POINT('',(-0.0025,-0.000766666666666667,-0.00144337567297406));
#2252=CARTESIAN_POINT('',(-0.00125000000000001,-0.000833333333333334,-0.00216506350946109));
#2253=CARTESIAN_POINT('',(-1.13145893895848E-17,-0.0009,-0.00288675134594813));
#2254=CARTESIAN_POINT('',(0.00124999999999998,-0.000966666666666668,-0.0021650635094611));
#2255=CARTESIAN_POINT('',(0.00249999999999999,-0.00103333333333333,-0.00144337567297406));
#2256=CARTESIAN_POINT('',(0.0025,-0.0011,-2.32744789901656E-17));
#2257=CARTESIAN_POINT('',(0.,0.00225,0.));
#2258=CARTESIAN_POINT('',(-0.0025,0.00225,-3.06161699786838E-19));
#2259=CARTESIAN_POINT('',(-0.0025,0.0009,1.28618862942301E-17));
#2260=CARTESIAN_POINT('',(-0.0025,0.001,1.22495628946565E-17));
#2261=CARTESIAN_POINT('',(0.0025,0.0054,0.));
#2262=CARTESIAN_POINT('',(0.0025,0.00533333333333334,0.00144337567297406));
#2263=CARTESIAN_POINT('',(0.00125,0.00526666666666667,0.00216506350946109));
#2264=CARTESIAN_POINT('',(1.76762539787484E-19,0.0052,0.00288675134594813));
#2265=CARTESIAN_POINT('',(-0.00125,0.00513333333333333,0.00216506350946109));
#2266=CARTESIAN_POINT('',(-0.0025,0.00506666666666666,0.00144337567297406));
#2267=CARTESIAN_POINT('',(-0.0025,0.005,3.06161699786838E-19));
#2268=CARTESIAN_POINT('',(-0.0025,0.00493333333333333,-0.00144337567297406));
#2269=CARTESIAN_POINT('',(-0.00125,0.00486666666666667,-0.00216506350946109));
#2270=CARTESIAN_POINT('',(-5.30287619362454E-19,0.0048,-0.00288675134594813));
#2271=CARTESIAN_POINT('',(0.00125,0.00473333333333333,-0.0021650635094611));
#2272=CARTESIAN_POINT('',(0.0025,0.00466666666666666,-0.00144337567297406));
#2273=CARTESIAN_POINT('',(0.0025,0.0046,-6.12323399573677E-19));
#2274=CARTESIAN_POINT('',(0.0025,0.00453333333333333,0.00144337567297406));
#2275=CARTESIAN_POINT('',(0.00125,0.00446666666666666,0.00216506350946109));
#2276=CARTESIAN_POINT('',(3.44776294744884E-18,0.0044,0.00288675134594813));
#2277=CARTESIAN_POINT('',(-0.00125,0.00433333333333334,0.0021650635094611));
#2278=CARTESIAN_POINT('',(-0.0025,0.00426666666666667,0.00144337567297406));
#2279=CARTESIAN_POINT('',(-0.0025,0.0042,9.18485099360515E-19));
#2280=CARTESIAN_POINT('',(-0.0025,0.00413333333333333,-0.00144337567297406));
#2281=CARTESIAN_POINT('',(-0.00125,0.00406666666666666,-0.00216506350946109));
#2282=CARTESIAN_POINT('',(-1.23733777851239E-18,0.004,-0.00288675134594813));
#2283=CARTESIAN_POINT('',(0.00125,0.00393333333333334,-0.0021650635094611));
#2284=CARTESIAN_POINT('',(0.0025,0.00386666666666667,-0.00144337567297406));
#2285=CARTESIAN_POINT('',(0.0025,0.0038,-1.22464679914735E-18));
#2286=CARTESIAN_POINT('',(0.0025,0.00373333333333333,0.00144337567297406));
#2287=CARTESIAN_POINT('',(0.00125,0.00366666666666666,0.00216506350946109));
#2288=CARTESIAN_POINT('',(6.7187633551102E-18,0.0036,0.00288675134594813));
#2289=CARTESIAN_POINT('',(-0.00125,0.00353333333333333,0.0021650635094611));
#2290=CARTESIAN_POINT('',(-0.0025,0.00346666666666667,0.00144337567297406));
#2291=CARTESIAN_POINT('',(-0.0025,0.0034,5.97170059743482E-18));
#2292=CARTESIAN_POINT('',(-0.0025,0.00333333333333333,-0.00144337567297406));
#2293=CARTESIAN_POINT('',(-0.00125,0.00326666666666667,-0.00216506350946109));
#2294=CARTESIAN_POINT('',(-7.07228843468517E-18,0.0032,-0.00288675134594813));
#2295=CARTESIAN_POINT('',(0.00125,0.00313333333333333,-0.0021650635094611));
#2296=CARTESIAN_POINT('',(0.00249999999999999,0.00306666666666667,-0.00144337567297406));
#2297=CARTESIAN_POINT('',(0.0025,0.003,-1.83697019872103E-18));
#2298=CARTESIAN_POINT('',(0.0025,0.00293333333333333,0.00144337567297406));
#2299=CARTESIAN_POINT('',(0.00125,0.00286666666666666,0.00216506350946109));
#2300=CARTESIAN_POINT('',(7.42581351426014E-18,0.0028,0.00288675134594813));
#2301=CARTESIAN_POINT('',(-0.00125,0.00273333333333334,0.0021650635094611));
#2302=CARTESIAN_POINT('',(-0.00249999999999999,0.00266666666666667,0.00144337567297406));
#2303=CARTESIAN_POINT('',(-0.0025,0.0026,2.14313189850787E-18));
#2304=CARTESIAN_POINT('',(-0.0025,0.00253333333333333,-0.00144337567297406));
#2305=CARTESIAN_POINT('',(-0.00125,0.00246666666666667,-0.00216506350946109));
#2306=CARTESIAN_POINT('',(-7.7793385938351E-18,0.0024,-0.00288675134594813));
#2307=CARTESIAN_POINT('',(0.00125,0.00233333333333333,-0.0021650635094611));
#2308=CARTESIAN_POINT('',(0.00249999999999999,0.00226666666666666,-0.00144337567297406));
#2309=CARTESIAN_POINT('',(0.0025,0.0022,-2.4492935982947E-18));
#2310=CARTESIAN_POINT('',(0.0025,0.00213333333333333,0.00144337567297406));
#2311=CARTESIAN_POINT('',(0.00125,0.00206666666666667,0.00216506350946109));
#2312=CARTESIAN_POINT('',(8.13286367341007E-18,0.002,0.00288675134594813));
#2313=CARTESIAN_POINT('',(-0.00125,0.00193333333333333,0.0021650635094611));
#2314=CARTESIAN_POINT('',(-0.00249999999999999,0.00186666666666666,0.00144337567297406));
#2315=CARTESIAN_POINT('',(-0.0025,0.0018,1.16372394950828E-17));
#2316=CARTESIAN_POINT('',(-0.0025,0.00173333333333333,-0.00144337567297406));
#2317=CARTESIAN_POINT('',(-0.00125,0.00166666666666667,-0.00216506350946109));
#2318=CARTESIAN_POINT('',(-8.48638875298504E-18,0.0016,-0.00288675134594813));
#2319=CARTESIAN_POINT('',(0.00125,0.00153333333333333,-0.0021650635094611));
#2320=CARTESIAN_POINT('',(0.00249999999999999,0.00146666666666667,-0.00144337567297406));
#2321=CARTESIAN_POINT('',(0.0025,0.0014,-1.19434011948696E-17));
#2322=CARTESIAN_POINT('',(0.0025,0.00133333333333333,0.00144337567297406));
#2323=CARTESIAN_POINT('',(0.00125,0.00126666666666667,0.00216506350946109));
#2324=CARTESIAN_POINT('',(1.90957148266057E-17,0.0012,0.00288675134594813));
#2325=CARTESIAN_POINT('',(-0.00125,0.00113333333333333,0.0021650635094611));
#2326=CARTESIAN_POINT('',(-0.0025,0.00106666666666667,0.00144337567297406));
#2327=CARTESIAN_POINT('',(-0.0025,0.001,1.22495628946565E-17));
#2328=CARTESIAN_POINT('',(-0.0025,0.000933333333333333,-0.00144337567297406));
#2329=CARTESIAN_POINT('',(-0.00125000000000001,0.000866666666666666,-0.00216506350946109));
#2330=CARTESIAN_POINT('',(-9.19343891213498E-18,0.0008,-0.00288675134594813));
#2331=CARTESIAN_POINT('',(0.00124999999999998,0.000733333333333332,-0.0021650635094611));
#2332=CARTESIAN_POINT('',(0.00249999999999999,0.000666666666666666,-0.00144337567297406));
#2333=CARTESIAN_POINT('',(0.0025,0.0006,-3.67394039744206E-18));
#2334=CARTESIAN_POINT('',(0.00250000000000001,0.000533333333333332,0.00144337567297405));
#2335=CARTESIAN_POINT('',(0.00125,0.000466666666666666,0.00216506350946109));
#2336=CARTESIAN_POINT('',(1.98027649857556E-17,0.000399999999999999,0.00288675134594813));
#2337=CARTESIAN_POINT('',(-0.00125,0.000333333333333332,0.0021650635094611));
#2338=CARTESIAN_POINT('',(-0.0025,0.000266666666666666,0.00144337567297406));
#2339=CARTESIAN_POINT('',(-0.0025,0.0002,1.28618862942301E-17));
#2340=CARTESIAN_POINT('',(-0.0025,0.000133333333333332,-0.00144337567297406));
#2341=CARTESIAN_POINT('',(-0.00125000000000001,6.66666666666654E-5,-0.00216506350946109));
#2342=CARTESIAN_POINT('',(-9.90048907128491E-18,-8.67361737988404E-19,-0.00288675134594813));
#2343=CARTESIAN_POINT('',(0.00124999999999998,-6.66666666666671E-5,-0.0021650635094611));
#2344=CARTESIAN_POINT('',(0.00249999999999999,-0.000133333333333334,-0.00144337567297406));
#2345=CARTESIAN_POINT('',(0.0025,-0.0002,-4.28626379701574E-18));
#2346=CARTESIAN_POINT('',(0.00250000000000001,-0.000266666666666667,0.00144337567297405));
#2347=CARTESIAN_POINT('',(0.00125,-0.000333333333333334,0.00216506350946109));
#2348=CARTESIAN_POINT('',(2.05098151449056E-17,-0.000400000000000001,0.00288675134594813));
#2349=CARTESIAN_POINT('',(-0.00125,-0.000466666666666667,0.0021650635094611));
#2350=CARTESIAN_POINT('',(-0.00249999999999999,-0.000533333333333335,0.00144337567297408));
#2351=CARTESIAN_POINT('',(-0.0025,-0.0006,1.34742096938038E-17));
#2352=CARTESIAN_POINT('',(-0.0025,-0.000666666666666668,-0.00144337567297406));
#2353=CARTESIAN_POINT('',(-0.00125000000000001,-0.000733333333333334,-0.00216506350946109));
#2354=CARTESIAN_POINT('',(-1.06075392304349E-17,-0.000800000000000001,-0.00288675134594813));
#2355=CARTESIAN_POINT('',(0.00124999999999998,-0.000866666666666668,-0.0021650635094611));
#2356=CARTESIAN_POINT('',(0.00249999999999999,-0.000933333333333334,-0.00144337567297406));
#2357=CARTESIAN_POINT('',(0.0025,-0.001,-4.89858719658941E-18));
#2358=CARTESIAN_POINT('',(0.00250000000000001,-0.00106666666666667,0.00144337567297405));
#2359=CARTESIAN_POINT('',(0.00125,-0.00113333333333333,0.00216506350946109));
#2360=CARTESIAN_POINT('',(2.12168653040555E-17,-0.0012,0.00288675134594813));
#2361=CARTESIAN_POINT('',(-0.00125,-0.00126666666666667,0.0021650635094611));
#2362=CARTESIAN_POINT('',(-0.00249999999999999,-0.00133333333333333,0.00144337567297409));
#2363=CARTESIAN_POINT('',(-0.0025,-0.0014,1.40865330933775E-17));
#2364=CARTESIAN_POINT('',(-0.0025,-0.00146666666666667,-0.00144337567297406));
#2365=CARTESIAN_POINT('',(-0.00125000000000001,-0.00153333333333333,-0.00216506350946109));
#2366=CARTESIAN_POINT('',(-1.13145893895848E-17,-0.0016,-0.00288675134594813));
#2367=CARTESIAN_POINT('',(0.00124999999999998,-0.00166666666666667,-0.0021650635094611));
#2368=CARTESIAN_POINT('',(0.00249999999999999,-0.00173333333333334,-0.00144337567297406));
#2369=CARTESIAN_POINT('',(0.0025,-0.0018,-2.32744789901656E-17));
#2370=CARTESIAN_POINT('',(0.0025,0.0006,-3.67394039744206E-18));
#2371=CARTESIAN_POINT('',(0.0025,0.00225,0.));
#2372=CARTESIAN_POINT('',(0.0025,0.0005,-4.28626379701574E-18));
#2373=CARTESIAN_POINT('',(0.0025,0.0061,0.));
#2374=CARTESIAN_POINT('',(0.0025,0.00603333333333333,0.00144337567297406));
#2375=CARTESIAN_POINT('',(0.00125,0.00596666666666667,0.00216506350946109));
#2376=CARTESIAN_POINT('',(1.76762539787484E-19,0.0059,0.00288675134594813));
#2377=CARTESIAN_POINT('',(-0.00125,0.00583333333333333,0.00216506350946109));
#2378=CARTESIAN_POINT('',(-0.0025,0.00576666666666666,0.00144337567297406));
#2379=CARTESIAN_POINT('',(-0.0025,0.0057,3.06161699786838E-19));
#2380=CARTESIAN_POINT('',(-0.0025,0.00563333333333333,-0.00144337567297406));
#2381=CARTESIAN_POINT('',(-0.00125,0.00556666666666667,-0.00216506350946109));
#2382=CARTESIAN_POINT('',(-5.30287619362454E-19,0.0055,-0.00288675134594813));
#2383=CARTESIAN_POINT('',(0.00125,0.00543333333333333,-0.0021650635094611));
#2384=CARTESIAN_POINT('',(0.0025,0.00536666666666667,-0.00144337567297406));
#2385=CARTESIAN_POINT('',(0.0025,0.0053,-6.12323399573677E-19));
#2386=CARTESIAN_POINT('',(0.0025,0.00523333333333333,0.00144337567297406));
#2387=CARTESIAN_POINT('',(0.00125,0.00516666666666667,0.00216506350946109));
#2388=CARTESIAN_POINT('',(3.44776294744884E-18,0.0051,0.00288675134594813));
#2389=CARTESIAN_POINT('',(-0.00125,0.00503333333333333,0.0021650635094611));
#2390=CARTESIAN_POINT('',(-0.0025,0.00496666666666666,0.00144337567297406));
#2391=CARTESIAN_POINT('',(-0.0025,0.0049,9.18485099360515E-19));
#2392=CARTESIAN_POINT('',(-0.0025,0.00483333333333333,-0.00144337567297406));
#2393=CARTESIAN_POINT('',(-0.00125,0.00476666666666667,-0.00216506350946109));
#2394=CARTESIAN_POINT('',(-1.23733777851239E-18,0.0047,-0.00288675134594813));
#2395=CARTESIAN_POINT('',(0.00125,0.00463333333333333,-0.0021650635094611));
#2396=CARTESIAN_POINT('',(0.0025,0.00456666666666666,-0.00144337567297406));
#2397=CARTESIAN_POINT('',(0.0025,0.0045,-1.22464679914735E-18));
#2398=CARTESIAN_POINT('',(0.0025,0.00443333333333333,0.00144337567297406));
#2399=CARTESIAN_POINT('',(0.00125,0.00436666666666666,0.00216506350946109));
#2400=CARTESIAN_POINT('',(6.7187633551102E-18,0.0043,0.00288675134594813));
#2401=CARTESIAN_POINT('',(-0.00125,0.00423333333333334,0.0021650635094611));
#2402=CARTESIAN_POINT('',(-0.0025,0.00416666666666666,0.00144337567297406));
#2403=CARTESIAN_POINT('',(-0.0025,0.0041,5.97170059743482E-18));
#2404=CARTESIAN_POINT('',(-0.0025,0.00403333333333333,-0.00144337567297406));
#2405=CARTESIAN_POINT('',(-0.00125,0.00396666666666666,-0.00216506350946109));
#2406=CARTESIAN_POINT('',(-7.07228843468517E-18,0.0039,-0.00288675134594813));
#2407=CARTESIAN_POINT('',(0.00125,0.00383333333333333,-0.0021650635094611));
#2408=CARTESIAN_POINT('',(0.00249999999999999,0.00376666666666666,-0.00144337567297406));
#2409=CARTESIAN_POINT('',(0.0025,0.0037,-1.83697019872103E-18));
#2410=CARTESIAN_POINT('',(0.0025,0.00363333333333333,0.00144337567297406));
#2411=CARTESIAN_POINT('',(0.00125,0.00356666666666667,0.00216506350946109));
#2412=CARTESIAN_POINT('',(7.42581351426014E-18,0.0035,0.00288675134594813));
#2413=CARTESIAN_POINT('',(-0.00125,0.00343333333333334,0.0021650635094611));
#2414=CARTESIAN_POINT('',(-0.00249999999999999,0.00336666666666667,0.00144337567297406));
#2415=CARTESIAN_POINT('',(-0.0025,0.0033,2.14313189850787E-18));
#2416=CARTESIAN_POINT('',(-0.0025,0.00323333333333333,-0.00144337567297406));
#2417=CARTESIAN_POINT('',(-0.00125,0.00316666666666666,-0.00216506350946109));
#2418=CARTESIAN_POINT('',(-7.7793385938351E-18,0.0031,-0.00288675134594813));
#2419=CARTESIAN_POINT('',(0.00125,0.00303333333333333,-0.0021650635094611));
#2420=CARTESIAN_POINT('',(0.00249999999999999,0.00296666666666667,-0.00144337567297406));
#2421=CARTESIAN_POINT('',(0.0025,0.0029,-2.4492935982947E-18));
#2422=CARTESIAN_POINT('',(0.0025,0.00283333333333333,0.00144337567297406));
#2423=CARTESIAN_POINT('',(0.00125,0.00276666666666667,0.00216506350946109));
#2424=CARTESIAN_POINT('',(8.13286367341007E-18,0.0027,0.00288675134594813));
#2425=CARTESIAN_POINT('',(-0.00125,0.00263333333333333,0.0021650635094611));
#2426=CARTESIAN_POINT('',(-0.00249999999999999,0.00256666666666667,0.00144337567297406));
#2427=CARTESIAN_POINT('',(-0.0025,0.0025,1.16372394950828E-17));
#2428=CARTESIAN_POINT('',(-0.0025,0.00243333333333333,-0.00144337567297406));
#2429=CARTESIAN_POINT('',(-0.00125,0.00236666666666666,-0.00216506350946109));
#2430=CARTESIAN_POINT('',(-8.48638875298504E-18,0.0023,-0.00288675134594813));
#2431=CARTESIAN_POINT('',(0.00125,0.00223333333333333,-0.0021650635094611));
#2432=CARTESIAN_POINT('',(0.00249999999999999,0.00216666666666667,-0.00144337567297406));
#2433=CARTESIAN_POINT('',(0.0025,0.0021,-1.19434011948696E-17));
#2434=CARTESIAN_POINT('',(0.0025,0.00203333333333333,0.00144337567297406));
#2435=CARTESIAN_POINT('',(0.00125,0.00196666666666667,0.00216506350946109));
#2436=CARTESIAN_POINT('',(1.90957148266057E-17,0.0019,0.00288675134594813));
#2437=CARTESIAN_POINT('',(-0.00125,0.00183333333333333,0.0021650635094611));
#2438=CARTESIAN_POINT('',(-0.0025,0.00176666666666667,0.00144337567297406));
#2439=CARTESIAN_POINT('',(-0.0025,0.0017,1.22495628946565E-17));
#2440=CARTESIAN_POINT('',(-0.0025,0.00163333333333333,-0.00144337567297406));
#2441=CARTESIAN_POINT('',(-0.00125000000000001,0.00156666666666666,-0.00216506350946109));
#2442=CARTESIAN_POINT('',(-9.19343891213498E-18,0.0015,-0.00288675134594813));
#2443=CARTESIAN_POINT('',(0.00124999999999998,0.00143333333333333,-0.0021650635094611));
#2444=CARTESIAN_POINT('',(0.00249999999999999,0.00136666666666667,-0.00144337567297406));
#2445=CARTESIAN_POINT('',(0.0025,0.0013,-3.67394039744206E-18));
#2446=CARTESIAN_POINT('',(0.00250000000000001,0.00123333333333333,0.00144337567297405));
#2447=CARTESIAN_POINT('',(0.00125,0.00116666666666667,0.00216506350946109));
#2448=CARTESIAN_POINT('',(1.98027649857556E-17,0.0011,0.00288675134594813));
#2449=CARTESIAN_POINT('',(-0.00125,0.00103333333333333,0.0021650635094611));
#2450=CARTESIAN_POINT('',(-0.0025,0.000966666666666666,0.00144337567297406));
#2451=CARTESIAN_POINT('',(-0.0025,0.0009,1.28618862942301E-17));
#2452=CARTESIAN_POINT('',(-0.0025,0.000833333333333333,-0.00144337567297406));
#2453=CARTESIAN_POINT('',(-0.00125000000000001,0.000766666666666666,-0.00216506350946109));
#2454=CARTESIAN_POINT('',(-9.90048907128491E-18,0.0007,-0.00288675134594813));
#2455=CARTESIAN_POINT('',(0.00124999999999998,0.000633333333333333,-0.0021650635094611));
#2456=CARTESIAN_POINT('',(0.00249999999999999,0.000566666666666665,-0.00144337567297406));
#2457=CARTESIAN_POINT('',(0.0025,0.0005,-4.28626379701574E-18));
#2458=CARTESIAN_POINT('',(0.00250000000000001,0.000433333333333332,0.00144337567297405));
#2459=CARTESIAN_POINT('',(0.00125,0.000366666666666666,0.00216506350946109));
#2460=CARTESIAN_POINT('',(2.05098151449056E-17,0.000299999999999999,0.00288675134594813));
#2461=CARTESIAN_POINT('',(-0.00125,0.000233333333333333,0.0021650635094611));
#2462=CARTESIAN_POINT('',(-0.00249999999999999,0.000166666666666666,0.00144337567297408));
#2463=CARTESIAN_POINT('',(-0.0025,0.0001,1.34742096938038E-17));
#2464=CARTESIAN_POINT('',(-0.0025,3.33333333333322E-5,-0.00144337567297406));
#2465=CARTESIAN_POINT('',(-0.00125000000000001,-3.3333333333334E-5,-0.00216506350946109));
#2466=CARTESIAN_POINT('',(-1.06075392304349E-17,-0.000100000000000001,-0.00288675134594813));
#2467=CARTESIAN_POINT('',(0.00124999999999998,-0.000166666666666668,-0.0021650635094611));
#2468=CARTESIAN_POINT('',(0.00249999999999999,-0.000233333333333334,-0.00144337567297406));
#2469=CARTESIAN_POINT('',(0.0025,-0.0003,-4.89858719658941E-18));
#2470=CARTESIAN_POINT('',(0.00250000000000001,-0.000366666666666667,0.00144337567297405));
#2471=CARTESIAN_POINT('',(0.00125,-0.000433333333333334,0.00216506350946109));
#2472=CARTESIAN_POINT('',(2.12168653040555E-17,-0.000500000000000001,0.00288675134594813));
#2473=CARTESIAN_POINT('',(-0.00125,-0.000566666666666668,0.0021650635094611));
#2474=CARTESIAN_POINT('',(-0.00249999999999999,-0.000633333333333334,0.00144337567297409));
#2475=CARTESIAN_POINT('',(-0.0025,-0.0007,1.40865330933775E-17));
#2476=CARTESIAN_POINT('',(-0.0025,-0.000766666666666667,-0.00144337567297406));
#2477=CARTESIAN_POINT('',(-0.00125000000000001,-0.000833333333333334,-0.00216506350946109));
#2478=CARTESIAN_POINT('',(-1.13145893895848E-17,-0.0009,-0.00288675134594813));
#2479=CARTESIAN_POINT('',(0.00124999999999998,-0.000966666666666668,-0.0021650635094611));
#2480=CARTESIAN_POINT('',(0.00249999999999999,-0.00103333333333333,-0.00144337567297406));
#2481=CARTESIAN_POINT('',(0.0025,-0.0011,-2.32744789901656E-17));
#2482=CARTESIAN_POINT('',(0.,0.00225,0.));
#2483=CARTESIAN_POINT('',(-0.0025,0.00225,-3.06161699786838E-19));
#2484=CARTESIAN_POINT('',(-0.0025,0.0001,1.34742096938038E-17));
#2485=CARTESIAN_POINT('',(-0.0025,0.0002,1.28618862942301E-17));
#2486=CARTESIAN_POINT('',(0.0025,0.0054,0.));
#2487=CARTESIAN_POINT('',(0.0025,0.00533333333333334,0.00144337567297406));
#2488=CARTESIAN_POINT('',(0.00125,0.00526666666666667,0.00216506350946109));
#2489=CARTESIAN_POINT('',(1.76762539787484E-19,0.0052,0.00288675134594813));
#2490=CARTESIAN_POINT('',(-0.00125,0.00513333333333333,0.00216506350946109));
#2491=CARTESIAN_POINT('',(-0.0025,0.00506666666666666,0.00144337567297406));
#2492=CARTESIAN_POINT('',(-0.0025,0.005,3.06161699786838E-19));
#2493=CARTESIAN_POINT('',(-0.0025,0.00493333333333333,-0.00144337567297406));
#2494=CARTESIAN_POINT('',(-0.00125,0.00486666666666667,-0.00216506350946109));
#2495=CARTESIAN_POINT('',(-5.30287619362454E-19,0.0048,-0.00288675134594813));
#2496=CARTESIAN_POINT('',(0.00125,0.00473333333333333,-0.0021650635094611));
#2497=CARTESIAN_POINT('',(0.0025,0.00466666666666666,-0.00144337567297406));
#2498=CARTESIAN_POINT('',(0.0025,0.0046,-6.12323399573677E-19));
#2499=CARTESIAN_POINT('',(0.0025,0.00453333333333333,0.00144337567297406));
#2500=CARTESIAN_POINT('',(0.00125,0.00446666666666666,0.00216506350946109));
#2501=CARTESIAN_POINT('',(3.44776294744884E-18,0.0044,0.00288675134594813));
#2502=CARTESIAN_POINT('',(-0.00125,0.00433333333333334,0.0021650635094611));
#2503=CARTESIAN_POINT('',(-0.0025,0.00426666666666667,0.00144337567297406));
#2504=CARTESIAN_POINT('',(-0.0025,0.0042,9.18485099360515E-19));
#2505=CARTESIAN_POINT('',(-0.0025,0.00413333333333333,-0.00144337567297406));
#2506=CARTESIAN_POINT('',(-0.00125,0.00406666666666666,-0.00216506350946109));
#2507=CARTESIAN_POINT('',(-1.23733777851239E-18,0.004,-0.00288675134594813));
#2508=CARTESIAN_POINT('',(0.00125,0.00393333333333334,-0.0021650635094611));
#2509=CARTESIAN_POINT('',(0.0025,0.00386666666666667,-0.00144337567297406));
#2510=CARTESIAN_POINT('',(0.0025,0.0038,-1.22464679914735E-18));
#2511=CARTESIAN_POINT('',(0.0025,0.00373333333333333,0.00144337567297406));
#2512=CARTESIAN_POINT('',(0.00125,0.00366666666666666,0.00216506350946109));
#2513=CARTESIAN_POINT('',(6.7187633551102E-18,0.0036,0.00288675134594813));
#2514=CARTESIAN_POINT('',(-0.00125,0.00353333333333333,0.0021650635094611));
#2515=CARTESIAN_POINT('',(-0.0025,0.00346666666666667,0.00144337567297406));
#2516=CARTESIAN_POINT('',(-0.0025,0.0034,5.97170059743482E-18));
#2517=CARTESIAN_POINT('',(-0.0025,0.00333333333333333,-0.00144337567297406));
#2518=CARTESIAN_POINT('',(-0.00125,0.00326666666666667,-0.00216506350946109));
#2519=CARTESIAN_POINT('',(-7.07228843468517E-18,0.0032,-0.00288675134594813));
#2520=CARTESIAN_POINT('',(0.00125,0.00313333333333333,-0.0021650635094611));
#2521=CARTESIAN_POINT('',(0.00249999999999999,0.00306666666666667,-0.00144337567297406));
#2522=CARTESIAN_POINT('',(0.0025,0.003,-1.83697019872103E-18));
#2523=CARTESIAN_POINT('',(0.0025,0.00293333333333333,0.00144337567297406));
#2524=CARTESIAN_POINT('',(0.00125,0.00286666666666666,0.00216506350946109));
#2525=CARTESIAN_POINT('',(7.42581351426014E-18,0.0028,0.00288675134594813));
#2526=CARTESIAN_POINT('',(-0.00125,0.00273333333333334,0.0021650635094611));
#2527=CARTESIAN_POINT('',(-0.00249999999999999,0.00266666666666667,0.00144337567297406));
#2528=CARTESIAN_POINT('',(-0.0025,0.0026,2.14313189850787E-18));
#2529=CARTESIAN_POINT('',(-0.0025,0.00253333333333333,-0.00144337567297406));
#2530=CARTESIAN_POINT('',(-0.00125,0.00246666666666667,-0.00216506350946109));
#2531=CARTESIAN_POINT('',(-7.7793385938351E-18,0.0024,-0.00288675134594813));
#2532=CARTESIAN_POINT('',(0.00125,0.00233333333333333,-0.0021650635094611));
#2533=CARTESIAN_POINT('',(0.00249999999999999,0.00226666666666666,-0.00144337567297406));
#2534=CARTESIAN_POINT('',(0.0025,0.0022,-2.4492935982947E-18));
#2535=CARTESIAN_POINT('',(0.0025,0.00213333333333333,0.00144337567297406));
#2536=CARTESIAN_POINT('',(0.00125,0.00206666666666667,0.00216506350946109));
#2537=CARTESIAN_POINT('',(8.13286367341007E-18,0.002,0.00288675134594813));
#2538=CARTESIAN_POINT('',(-0.00125,0.00193333333333333,0.0021650635094611));
#2539=CARTESIAN_POINT('',(-0.00249999999999999,0.00186666666666666,0.00144337567297406));
#2540=CARTESIAN_POINT('',(-0.0025,0.0018,1.16372394950828E-17));
#2541=CARTESIAN_POINT('',(-0.0025,0.00173333333333333,-0.00144337567297406));
#2542=CARTESIAN_POINT('',(-0.00125,0.00166666666666667,-0.00216506350946109));
#2543=CARTESIAN_POINT('',(-8.48638875298504E-18,0.0016,-0.00288675134594813));
#2544=CARTESIAN_POINT('',(0.00125,0.00153333333333333,-0.0021650635094611));
#2545=CARTESIAN_POINT('',(0.00249999999999999,0.00146666666666667,-0.00144337567297406));
#2546=CARTESIAN_POINT('',(0.0025,0.0014,-1.19434011948696E-17));
#2547=CARTESIAN_POINT('',(0.0025,0.00133333333333333,0.00144337567297406));
#2548=CARTESIAN_POINT('',(0.00125,0.00126666666666667,0.00216506350946109));
#2549=CARTESIAN_POINT('',(1.90957148266057E-17,0.0012,0.00288675134594813));
#2550=CARTESIAN_POINT('',(-0.00125,0.00113333333333333,0.0021650635094611));
#2551=CARTESIAN_POINT('',(-0.0025,0.00106666666666667,0.00144337567297406));
#2552=CARTESIAN_POINT('',(-0.0025,0.001,1.22495628946565E-17));
#2553=CARTESIAN_POINT('',(-0.0025,0.000933333333333333,-0.00144337567297406));
#2554=CARTESIAN_POINT('',(-0.00125000000000001,0.000866666666666666,-0.00216506350946109));
#2555=CARTESIAN_POINT('',(-9.19343891213498E-18,0.0008,-0.00288675134594813));
#2556=CARTESIAN_POINT('',(0.00124999999999998,0.000733333333333332,-0.0021650635094611));
#2557=CARTESIAN_POINT('',(0.00249999999999999,0.000666666666666666,-0.00144337567297406));
#2558=CARTESIAN_POINT('',(0.0025,0.0006,-3.67394039744206E-18));
#2559=CARTESIAN_POINT('',(0.00250000000000001,0.000533333333333332,0.00144337567297405));
#2560=CARTESIAN_POINT('',(0.00125,0.000466666666666666,0.00216506350946109));
#2561=CARTESIAN_POINT('',(1.98027649857556E-17,0.000399999999999999,0.00288675134594813));
#2562=CARTESIAN_POINT('',(-0.00125,0.000333333333333332,0.0021650635094611));
#2563=CARTESIAN_POINT('',(-0.0025,0.000266666666666666,0.00144337567297406));
#2564=CARTESIAN_POINT('',(-0.0025,0.0002,1.28618862942301E-17));
#2565=CARTESIAN_POINT('',(-0.0025,0.000133333333333332,-0.00144337567297406));
#2566=CARTESIAN_POINT('',(-0.00125000000000001,6.66666666666654E-5,-0.00216506350946109));
#2567=CARTESIAN_POINT('',(-9.90048907128491E-18,-8.67361737988404E-19,-0.00288675134594813));
#2568=CARTESIAN_POINT('',(0.00124999999999998,-6.66666666666671E-5,-0.0021650635094611));
#2569=CARTESIAN_POINT('',(0.00249999999999999,-0.000133333333333334,-0.00144337567297406));
#2570=CARTESIAN_POINT('',(0.0025,-0.0002,-4.28626379701574E-18));
#2571=CARTESIAN_POINT('',(0.00250000000000001,-0.000266666666666667,0.00144337567297405));
#2572=CARTESIAN_POINT('',(0.00125,-0.000333333333333334,0.00216506350946109));
#2573=CARTESIAN_POINT('',(2.05098151449056E-17,-0.000400000000000001,0.00288675134594813));
#2574=CARTESIAN_POINT('',(-0.00125,-0.000466666666666667,0.0021650635094611));
#2575=CARTESIAN_POINT('',(-0.00249999999999999,-0.000533333333333335,0.00144337567297408));
#2576=CARTESIAN_POINT('',(-0.0025,-0.0006,1.34742096938038E-17));
#2577=CARTESIAN_POINT('',(-0.0025,-0.000666666666666668,-0.00144337567297406));
#2578=CARTESIAN_POINT('',(-0.00125000000000001,-0.000733333333333334,-0.00216506350946109));
#2579=CARTESIAN_POINT('',(-1.06075392304349E-17,-0.000800000000000001,-0.00288675134594813));
#2580=CARTESIAN_POINT('',(0.00124999999999998,-0.000866666666666668,-0.0021650635094611));
#2581=CARTESIAN_POINT('',(0.00249999999999999,-0.000933333333333334,-0.00144337567297406));
#2582=CARTESIAN_POINT('',(0.0025,-0.001,-4.89858719658941E-18));
#2583=CARTESIAN_POINT('',(0.00250000000000001,-0.00106666666666667,0.00144337567297405));
#2584=CARTESIAN_POINT('',(0.00125,-0.00113333333333333,0.00216506350946109));
#2585=CARTESIAN_POINT('',(2.12168653040555E-17,-0.0012,0.00288675134594813));
#2586=CARTESIAN_POINT('',(-0.00125,-0.00126666666666667,0.0021650635094611));
#2587=CARTESIAN_POINT('',(-0.00249999999999999,-0.00133333333333333,0.00144337567297409));
#2588=CARTESIAN_POINT('',(-0.0025,-0.0014,1.40865330933775E-17));
#2589=CARTESIAN_POINT('',(-0.0025,-0.00146666666666667,-0.00144337567297406));
#2590=CARTESIAN_POINT('',(-0.00125000000000001,-0.00153333333333333,-0.00216506350946109));
#2591=CARTESIAN_POINT('',(-1.13145893895848E-17,-0.0016,-0.00288675134594813));
#2592=CARTESIAN_POINT('',(0.00124999999999998,-0.00166666666666667,-0.0021650635094611));
#2593=CARTESIAN_POINT('',(0.00249999999999999,-0.00173333333333334,-0.00144337567297406));
#2594=CARTESIAN_POINT('',(0.0025,-0.0018,-2.32744789901656E-17));
#2595=CARTESIAN_POINT('',(-2.88187007777164E-17,-7.26277741373899E-21,-0.0025));
#2596=CARTESIAN_POINT('',(0.,0.,0.));
#2597=CARTESIAN_POINT('',(-0.00178381372890607,-4.71732736411023E-19,-0.00175157317305508));
#2598=CARTESIAN_POINT('',(0.0025,0.0061,0.));
#2599=CARTESIAN_POINT('',(0.0025,0.00603333333333333,0.00144337567297406));
#2600=CARTESIAN_POINT('',(0.00125,0.00596666666666667,0.00216506350946109));
#2601=CARTESIAN_POINT('',(1.76762539787484E-19,0.0059,0.00288675134594813));
#2602=CARTESIAN_POINT('',(-0.00125,0.00583333333333333,0.00216506350946109));
#2603=CARTESIAN_POINT('',(-0.0025,0.00576666666666666,0.00144337567297406));
#2604=CARTESIAN_POINT('',(-0.0025,0.0057,3.06161699786838E-19));
#2605=CARTESIAN_POINT('',(-0.0025,0.00563333333333333,-0.00144337567297406));
#2606=CARTESIAN_POINT('',(-0.00125,0.00556666666666667,-0.00216506350946109));
#2607=CARTESIAN_POINT('',(-5.30287619362454E-19,0.0055,-0.00288675134594813));
#2608=CARTESIAN_POINT('',(0.00125,0.00543333333333333,-0.0021650635094611));
#2609=CARTESIAN_POINT('',(0.0025,0.00536666666666667,-0.00144337567297406));
#2610=CARTESIAN_POINT('',(0.0025,0.0053,-6.12323399573677E-19));
#2611=CARTESIAN_POINT('',(0.0025,0.00523333333333333,0.00144337567297406));
#2612=CARTESIAN_POINT('',(0.00125,0.00516666666666667,0.00216506350946109));
#2613=CARTESIAN_POINT('',(3.44776294744884E-18,0.0051,0.00288675134594813));
#2614=CARTESIAN_POINT('',(-0.00125,0.00503333333333333,0.0021650635094611));
#2615=CARTESIAN_POINT('',(-0.0025,0.00496666666666666,0.00144337567297406));
#2616=CARTESIAN_POINT('',(-0.0025,0.0049,9.18485099360515E-19));
#2617=CARTESIAN_POINT('',(-0.0025,0.00483333333333333,-0.00144337567297406));
#2618=CARTESIAN_POINT('',(-0.00125,0.00476666666666667,-0.00216506350946109));
#2619=CARTESIAN_POINT('',(-1.23733777851239E-18,0.0047,-0.00288675134594813));
#2620=CARTESIAN_POINT('',(0.00125,0.00463333333333333,-0.0021650635094611));
#2621=CARTESIAN_POINT('',(0.0025,0.00456666666666666,-0.00144337567297406));
#2622=CARTESIAN_POINT('',(0.0025,0.0045,-1.22464679914735E-18));
#2623=CARTESIAN_POINT('',(0.0025,0.00443333333333333,0.00144337567297406));
#2624=CARTESIAN_POINT('',(0.00125,0.00436666666666666,0.00216506350946109));
#2625=CARTESIAN_POINT('',(6.7187633551102E-18,0.0043,0.00288675134594813));
#2626=CARTESIAN_POINT('',(-0.00125,0.00423333333333334,0.0021650635094611));
#2627=CARTESIAN_POINT('',(-0.0025,0.00416666666666666,0.00144337567297406));
#2628=CARTESIAN_POINT('',(-0.0025,0.0041,5.97170059743482E-18));
#2629=CARTESIAN_POINT('',(-0.0025,0.00403333333333333,-0.00144337567297406));
#2630=CARTESIAN_POINT('',(-0.00125,0.00396666666666666,-0.00216506350946109));
#2631=CARTESIAN_POINT('',(-7.07228843468517E-18,0.0039,-0.00288675134594813));
#2632=CARTESIAN_POINT('',(0.00125,0.00383333333333333,-0.0021650635094611));
#2633=CARTESIAN_POINT('',(0.00249999999999999,0.00376666666666666,-0.00144337567297406));
#2634=CARTESIAN_POINT('',(0.0025,0.0037,-1.83697019872103E-18));
#2635=CARTESIAN_POINT('',(0.0025,0.00363333333333333,0.00144337567297406));
#2636=CARTESIAN_POINT('',(0.00125,0.00356666666666667,0.00216506350946109));
#2637=CARTESIAN_POINT('',(7.42581351426014E-18,0.0035,0.00288675134594813));
#2638=CARTESIAN_POINT('',(-0.00125,0.00343333333333334,0.0021650635094611));
#2639=CARTESIAN_POINT('',(-0.00249999999999999,0.00336666666666667,0.00144337567297406));
#2640=CARTESIAN_POINT('',(-0.0025,0.0033,2.14313189850787E-18));
#2641=CARTESIAN_POINT('',(-0.0025,0.00323333333333333,-0.00144337567297406));
#2642=CARTESIAN_POINT('',(-0.00125,0.00316666666666666,-0.00216506350946109));
#2643=CARTESIAN_POINT('',(-7.7793385938351E-18,0.0031,-0.00288675134594813));
#2644=CARTESIAN_POINT('',(0.00125,0.00303333333333333,-0.0021650635094611));
#2645=CARTESIAN_POINT('',(0.00249999999999999,0.00296666666666667,-0.00144337567297406));
#2646=CARTESIAN_POINT('',(0.0025,0.0029,-2.4492935982947E-18));
#2647=CARTESIAN_POINT('',(0.0025,0.00283333333333333,0.00144337567297406));
#2648=CARTESIAN_POINT('',(0.00125,0.00276666666666667,0.00216506350946109));
#2649=CARTESIAN_POINT('',(8.13286367341007E-18,0.0027,0.00288675134594813));
#2650=CARTESIAN_POINT('',(-0.00125,0.00263333333333333,0.0021650635094611));
#2651=CARTESIAN_POINT('',(-0.00249999999999999,0.00256666666666667,0.00144337567297406));
#2652=CARTESIAN_POINT('',(-0.0025,0.0025,1.16372394950828E-17));
#2653=CARTESIAN_POINT('',(-0.0025,0.00243333333333333,-0.00144337567297406));
#2654=CARTESIAN_POINT('',(-0.00125,0.00236666666666666,-0.00216506350946109));
#2655=CARTESIAN_POINT('',(-8.48638875298504E-18,0.0023,-0.00288675134594813));
#2656=CARTESIAN_POINT('',(0.00125,0.00223333333333333,-0.0021650635094611));
#2657=CARTESIAN_POINT('',(0.00249999999999999,0.00216666666666667,-0.00144337567297406));
#2658=CARTESIAN_POINT('',(0.0025,0.0021,-1.19434011948696E-17));
#2659=CARTESIAN_POINT('',(0.0025,0.00203333333333333,0.00144337567297406));
#2660=CARTESIAN_POINT('',(0.00125,0.00196666666666667,0.00216506350946109));
#2661=CARTESIAN_POINT('',(1.90957148266057E-17,0.0019,0.00288675134594813));
#2662=CARTESIAN_POINT('',(-0.00125,0.00183333333333333,0.0021650635094611));
#2663=CARTESIAN_POINT('',(-0.0025,0.00176666666666667,0.00144337567297406));
#2664=CARTESIAN_POINT('',(-0.0025,0.0017,1.22495628946565E-17));
#2665=CARTESIAN_POINT('',(-0.0025,0.00163333333333333,-0.00144337567297406));
#2666=CARTESIAN_POINT('',(-0.00125000000000001,0.00156666666666666,-0.00216506350946109));
#2667=CARTESIAN_POINT('',(-9.19343891213498E-18,0.0015,-0.00288675134594813));
#2668=CARTESIAN_POINT('',(0.00124999999999998,0.00143333333333333,-0.0021650635094611));
#2669=CARTESIAN_POINT('',(0.00249999999999999,0.00136666666666667,-0.00144337567297406));
#2670=CARTESIAN_POINT('',(0.0025,0.0013,-3.67394039744206E-18));
#2671=CARTESIAN_POINT('',(0.00250000000000001,0.00123333333333333,0.00144337567297405));
#2672=CARTESIAN_POINT('',(0.00125,0.00116666666666667,0.00216506350946109));
#2673=CARTESIAN_POINT('',(1.98027649857556E-17,0.0011,0.00288675134594813));
#2674=CARTESIAN_POINT('',(-0.00125,0.00103333333333333,0.0021650635094611));
#2675=CARTESIAN_POINT('',(-0.0025,0.000966666666666666,0.00144337567297406));
#2676=CARTESIAN_POINT('',(-0.0025,0.0009,1.28618862942301E-17));
#2677=CARTESIAN_POINT('',(-0.0025,0.000833333333333333,-0.00144337567297406));
#2678=CARTESIAN_POINT('',(-0.00125000000000001,0.000766666666666666,-0.00216506350946109));
#2679=CARTESIAN_POINT('',(-9.90048907128491E-18,0.0007,-0.00288675134594813));
#2680=CARTESIAN_POINT('',(0.00124999999999998,0.000633333333333333,-0.0021650635094611));
#2681=CARTESIAN_POINT('',(0.00249999999999999,0.000566666666666665,-0.00144337567297406));
#2682=CARTESIAN_POINT('',(0.0025,0.0005,-4.28626379701574E-18));
#2683=CARTESIAN_POINT('',(0.00250000000000001,0.000433333333333332,0.00144337567297405));
#2684=CARTESIAN_POINT('',(0.00125,0.000366666666666666,0.00216506350946109));
#2685=CARTESIAN_POINT('',(2.05098151449056E-17,0.000299999999999999,0.00288675134594813));
#2686=CARTESIAN_POINT('',(-0.00125,0.000233333333333333,0.0021650635094611));
#2687=CARTESIAN_POINT('',(-0.00249999999999999,0.000166666666666666,0.00144337567297408));
#2688=CARTESIAN_POINT('',(-0.0025,0.0001,1.34742096938038E-17));
#2689=CARTESIAN_POINT('',(-0.0025,3.33333333333322E-5,-0.00144337567297406));
#2690=CARTESIAN_POINT('',(-0.00125000000000001,-3.3333333333334E-5,-0.00216506350946109));
#2691=CARTESIAN_POINT('',(-1.06075392304349E-17,-0.000100000000000001,-0.00288675134594813));
#2692=CARTESIAN_POINT('',(0.00124999999999998,-0.000166666666666668,-0.0021650635094611));
#2693=CARTESIAN_POINT('',(0.00249999999999999,-0.000233333333333334,-0.00144337567297406));
#2694=CARTESIAN_POINT('',(0.0025,-0.0003,-4.89858719658941E-18));
#2695=CARTESIAN_POINT('',(0.00250000000000001,-0.000366666666666667,0.00144337567297405));
#2696=CARTESIAN_POINT('',(0.00125,-0.000433333333333334,0.00216506350946109));
#2697=CARTESIAN_POINT('',(2.12168653040555E-17,-0.000500000000000001,0.00288675134594813));
#2698=CARTESIAN_POINT('',(-0.00125,-0.000566666666666668,0.0021650635094611));
#2699=CARTESIAN_POINT('',(-0.00249999999999999,-0.000633333333333334,0.00144337567297409));
#2700=CARTESIAN_POINT('',(-0.0025,-0.0007,1.40865330933775E-17));
#2701=CARTESIAN_POINT('',(-0.0025,-0.000766666666666667,-0.00144337567297406));
#2702=CARTESIAN_POINT('',(-0.00125000000000001,-0.000833333333333334,-0.00216506350946109));
#2703=CARTESIAN_POINT('',(-1.13145893895848E-17,-0.0009,-0.00288675134594813));
#2704=CARTESIAN_POINT('',(0.00124999999999998,-0.000966666666666668,-0.0021650635094611));
#2705=CARTESIAN_POINT('',(0.00249999999999999,-0.00103333333333333,-0.00144337567297406));
#2706=CARTESIAN_POINT('',(0.0025,-0.0011,-2.32744789901656E-17));
#2707=CARTESIAN_POINT('',(0.00125,0.0045,-2.75536429610035E-19));
#2708=CARTESIAN_POINT('',(0.,0.0045,0.));
#2709=CARTESIAN_POINT('',(-0.0009,0.0045,1.10218211923262E-19));
#2710=CARTESIAN_POINT('',(0.0009,0.0045,-1.10218211923262E-19));
#2711=CARTESIAN_POINT('',(0.,0.0045,0.));
#2712=CARTESIAN_POINT('',(0.,0.0045,0.));
#2713=CARTESIAN_POINT('',(0.00178381372890607,0.0045,0.00175157317305508));
#2714=CARTESIAN_POINT('',(0.0025,0.0045,0.));
#2715=CARTESIAN_POINT('',(0.0025,0.0045,0.));
#2716=CARTESIAN_POINT('',(0.00243976982714631,0.0045,-0.000752877163961089));
#2717=CARTESIAN_POINT('',(0.0017877297227606,0.00449999999999999,-0.00180279881295723));
#2718=CARTESIAN_POINT('',(0.000309174908748653,0.0045,-0.00226596744505167));
#2719=CARTESIAN_POINT('',(-0.000444781956919195,0.0045,-0.00209133135519427));
#2720=CARTESIAN_POINT('',(-0.000775120237499984,0.0045,-0.00191614851088825));
#2721=CARTESIAN_POINT('',(-0.000775120237500002,0.0045,-0.00191614851088825));
#2722=CARTESIAN_POINT('',(-0.000775120237500001,0.0045,-0.00191614851088824));
#2723=CARTESIAN_POINT('',(-0.00126441353794423,0.0045,-0.00168096925849215));
#2724=CARTESIAN_POINT('',(-0.00206438994771376,0.00449999999999999,-0.000858565785914409));
#2725=CARTESIAN_POINT('',(-0.00208078508984063,0.00450000000000001,0.000289307407530843));
#2726=CARTESIAN_POINT('',(-0.00190521028676794,0.00450000000000001,0.000801629753411684));
#2727=CARTESIAN_POINT('',(-0.00190521028676794,0.0045,0.000801629753411693));
#2728=CARTESIAN_POINT('',(0.00178381372890608,0.0045,0.00175157317305506));
#2729=CARTESIAN_POINT('',(0.00121247708298374,0.0045,0.00223801478884415));
#2730=CARTESIAN_POINT('',(-0.000410371869272287,0.00450000000000005,0.00265753976778259));
#2731=CARTESIAN_POINT('',(-0.00168915910875428,0.0045,0.00153129894338474));
#2732=CARTESIAN_POINT('',(-0.00190521028676794,0.0045,0.000801629753411713));
#2733=CARTESIAN_POINT('',(0.,0.00225,0.));
#2734=CARTESIAN_POINT('',(0.0025,0.0054,0.));
#2735=CARTESIAN_POINT('',(0.0025,0.00533333333333334,0.00144337567297406));
#2736=CARTESIAN_POINT('',(0.00125,0.00526666666666667,0.00216506350946109));
#2737=CARTESIAN_POINT('',(1.76762539787484E-19,0.0052,0.00288675134594813));
#2738=CARTESIAN_POINT('',(-0.00125,0.00513333333333333,0.00216506350946109));
#2739=CARTESIAN_POINT('',(-0.0025,0.00506666666666666,0.00144337567297406));
#2740=CARTESIAN_POINT('',(-0.0025,0.005,3.06161699786838E-19));
#2741=CARTESIAN_POINT('',(-0.0025,0.00493333333333333,-0.00144337567297406));
#2742=CARTESIAN_POINT('',(-0.00125,0.00486666666666667,-0.00216506350946109));
#2743=CARTESIAN_POINT('',(-5.30287619362454E-19,0.0048,-0.00288675134594813));
#2744=CARTESIAN_POINT('',(0.00125,0.00473333333333333,-0.0021650635094611));
#2745=CARTESIAN_POINT('',(0.0025,0.00466666666666666,-0.00144337567297406));
#2746=CARTESIAN_POINT('',(0.0025,0.0046,-6.12323399573677E-19));
#2747=CARTESIAN_POINT('',(0.0025,0.00453333333333333,0.00144337567297406));
#2748=CARTESIAN_POINT('',(0.00125,0.00446666666666666,0.00216506350946109));
#2749=CARTESIAN_POINT('',(3.44776294744884E-18,0.0044,0.00288675134594813));
#2750=CARTESIAN_POINT('',(-0.00125,0.00433333333333334,0.0021650635094611));
#2751=CARTESIAN_POINT('',(-0.0025,0.00426666666666667,0.00144337567297406));
#2752=CARTESIAN_POINT('',(-0.0025,0.0042,9.18485099360515E-19));
#2753=CARTESIAN_POINT('',(-0.0025,0.00413333333333333,-0.00144337567297406));
#2754=CARTESIAN_POINT('',(-0.00125,0.00406666666666666,-0.00216506350946109));
#2755=CARTESIAN_POINT('',(-1.23733777851239E-18,0.004,-0.00288675134594813));
#2756=CARTESIAN_POINT('',(0.00125,0.00393333333333334,-0.0021650635094611));
#2757=CARTESIAN_POINT('',(0.0025,0.00386666666666667,-0.00144337567297406));
#2758=CARTESIAN_POINT('',(0.0025,0.0038,-1.22464679914735E-18));
#2759=CARTESIAN_POINT('',(0.0025,0.00373333333333333,0.00144337567297406));
#2760=CARTESIAN_POINT('',(0.00125,0.00366666666666666,0.00216506350946109));
#2761=CARTESIAN_POINT('',(6.7187633551102E-18,0.0036,0.00288675134594813));
#2762=CARTESIAN_POINT('',(-0.00125,0.00353333333333333,0.0021650635094611));
#2763=CARTESIAN_POINT('',(-0.0025,0.00346666666666667,0.00144337567297406));
#2764=CARTESIAN_POINT('',(-0.0025,0.0034,5.97170059743482E-18));
#2765=CARTESIAN_POINT('',(-0.0025,0.00333333333333333,-0.00144337567297406));
#2766=CARTESIAN_POINT('',(-0.00125,0.00326666666666667,-0.00216506350946109));
#2767=CARTESIAN_POINT('',(-7.07228843468517E-18,0.0032,-0.00288675134594813));
#2768=CARTESIAN_POINT('',(0.00125,0.00313333333333333,-0.0021650635094611));
#2769=CARTESIAN_POINT('',(0.00249999999999999,0.00306666666666667,-0.00144337567297406));
#2770=CARTESIAN_POINT('',(0.0025,0.003,-1.83697019872103E-18));
#2771=CARTESIAN_POINT('',(0.0025,0.00293333333333333,0.00144337567297406));
#2772=CARTESIAN_POINT('',(0.00125,0.00286666666666666,0.00216506350946109));
#2773=CARTESIAN_POINT('',(7.42581351426014E-18,0.0028,0.00288675134594813));
#2774=CARTESIAN_POINT('',(-0.00125,0.00273333333333334,0.0021650635094611));
#2775=CARTESIAN_POINT('',(-0.00249999999999999,0.00266666666666667,0.00144337567297406));
#2776=CARTESIAN_POINT('',(-0.0025,0.0026,2.14313189850787E-18));
#2777=CARTESIAN_POINT('',(-0.0025,0.00253333333333333,-0.00144337567297406));
#2778=CARTESIAN_POINT('',(-0.00125,0.00246666666666667,-0.00216506350946109));
#2779=CARTESIAN_POINT('',(-7.7793385938351E-18,0.0024,-0.00288675134594813));
#2780=CARTESIAN_POINT('',(0.00125,0.00233333333333333,-0.0021650635094611));
#2781=CARTESIAN_POINT('',(0.00249999999999999,0.00226666666666666,-0.00144337567297406));
#2782=CARTESIAN_POINT('',(0.0025,0.0022,-2.4492935982947E-18));
#2783=CARTESIAN_POINT('',(0.0025,0.00213333333333333,0.00144337567297406));
#2784=CARTESIAN_POINT('',(0.00125,0.00206666666666667,0.00216506350946109));
#2785=CARTESIAN_POINT('',(8.13286367341007E-18,0.002,0.00288675134594813));
#2786=CARTESIAN_POINT('',(-0.00125,0.00193333333333333,0.0021650635094611));
#2787=CARTESIAN_POINT('',(-0.00249999999999999,0.00186666666666666,0.00144337567297406));
#2788=CARTESIAN_POINT('',(-0.0025,0.0018,1.16372394950828E-17));
#2789=CARTESIAN_POINT('',(-0.0025,0.00173333333333333,-0.00144337567297406));
#2790=CARTESIAN_POINT('',(-0.00125,0.00166666666666667,-0.00216506350946109));
#2791=CARTESIAN_POINT('',(-8.48638875298504E-18,0.0016,-0.00288675134594813));
#2792=CARTESIAN_POINT('',(0.00125,0.00153333333333333,-0.0021650635094611));
#2793=CARTESIAN_POINT('',(0.00249999999999999,0.00146666666666667,-0.00144337567297406));
#2794=CARTESIAN_POINT('',(0.0025,0.0014,-1.19434011948696E-17));
#2795=CARTESIAN_POINT('',(0.0025,0.00133333333333333,0.00144337567297406));
#2796=CARTESIAN_POINT('',(0.00125,0.00126666666666667,0.00216506350946109));
#2797=CARTESIAN_POINT('',(1.90957148266057E-17,0.0012,0.00288675134594813));
#2798=CARTESIAN_POINT('',(-0.00125,0.00113333333333333,0.0021650635094611));
#2799=CARTESIAN_POINT('',(-0.0025,0.00106666666666667,0.00144337567297406));
#2800=CARTESIAN_POINT('',(-0.0025,0.001,1.22495628946565E-17));
#2801=CARTESIAN_POINT('',(-0.0025,0.000933333333333333,-0.00144337567297406));
#2802=CARTESIAN_POINT('',(-0.00125000000000001,0.000866666666666666,-0.00216506350946109));
#2803=CARTESIAN_POINT('',(-9.19343891213498E-18,0.0008,-0.00288675134594813));
#2804=CARTESIAN_POINT('',(0.00124999999999998,0.000733333333333332,-0.0021650635094611));
#2805=CARTESIAN_POINT('',(0.00249999999999999,0.000666666666666666,-0.00144337567297406));
#2806=CARTESIAN_POINT('',(0.0025,0.0006,-3.67394039744206E-18));
#2807=CARTESIAN_POINT('',(0.00250000000000001,0.000533333333333332,0.00144337567297405));
#2808=CARTESIAN_POINT('',(0.00125,0.000466666666666666,0.00216506350946109));
#2809=CARTESIAN_POINT('',(1.98027649857556E-17,0.000399999999999999,0.00288675134594813));
#2810=CARTESIAN_POINT('',(-0.00125,0.000333333333333332,0.0021650635094611));
#2811=CARTESIAN_POINT('',(-0.0025,0.000266666666666666,0.00144337567297406));
#2812=CARTESIAN_POINT('',(-0.0025,0.0002,1.28618862942301E-17));
#2813=CARTESIAN_POINT('',(-0.0025,0.000133333333333332,-0.00144337567297406));
#2814=CARTESIAN_POINT('',(-0.00125000000000001,6.66666666666654E-5,-0.00216506350946109));
#2815=CARTESIAN_POINT('',(-9.90048907128491E-18,-8.67361737988404E-19,-0.00288675134594813));
#2816=CARTESIAN_POINT('',(0.00124999999999998,-6.66666666666671E-5,-0.0021650635094611));
#2817=CARTESIAN_POINT('',(0.00249999999999999,-0.000133333333333334,-0.00144337567297406));
#2818=CARTESIAN_POINT('',(0.0025,-0.0002,-4.28626379701574E-18));
#2819=CARTESIAN_POINT('',(0.00250000000000001,-0.000266666666666667,0.00144337567297405));
#2820=CARTESIAN_POINT('',(0.00125,-0.000333333333333334,0.00216506350946109));
#2821=CARTESIAN_POINT('',(2.05098151449056E-17,-0.000400000000000001,0.00288675134594813));
#2822=CARTESIAN_POINT('',(-0.00125,-0.000466666666666667,0.0021650635094611));
#2823=CARTESIAN_POINT('',(-0.00249999999999999,-0.000533333333333335,0.00144337567297408));
#2824=CARTESIAN_POINT('',(-0.0025,-0.0006,1.34742096938038E-17));
#2825=CARTESIAN_POINT('',(-0.0025,-0.000666666666666668,-0.00144337567297406));
#2826=CARTESIAN_POINT('',(-0.00125000000000001,-0.000733333333333334,-0.00216506350946109));
#2827=CARTESIAN_POINT('',(-1.06075392304349E-17,-0.000800000000000001,-0.00288675134594813));
#2828=CARTESIAN_POINT('',(0.00124999999999998,-0.000866666666666668,-0.0021650635094611));
#2829=CARTESIAN_POINT('',(0.00249999999999999,-0.000933333333333334,-0.00144337567297406));
#2830=CARTESIAN_POINT('',(0.0025,-0.001,-4.89858719658941E-18));
#2831=CARTESIAN_POINT('',(0.00250000000000001,-0.00106666666666667,0.00144337567297405));
#2832=CARTESIAN_POINT('',(0.00125,-0.00113333333333333,0.00216506350946109));
#2833=CARTESIAN_POINT('',(2.12168653040555E-17,-0.0012,0.00288675134594813));
#2834=CARTESIAN_POINT('',(-0.00125,-0.00126666666666667,0.0021650635094611));
#2835=CARTESIAN_POINT('',(-0.00249999999999999,-0.00133333333333333,0.00144337567297409));
#2836=CARTESIAN_POINT('',(-0.0025,-0.0014,1.40865330933775E-17));
#2837=CARTESIAN_POINT('',(-0.0025,-0.00146666666666667,-0.00144337567297406));
#2838=CARTESIAN_POINT('',(-0.00125000000000001,-0.00153333333333333,-0.00216506350946109));
#2839=CARTESIAN_POINT('',(-1.13145893895848E-17,-0.0016,-0.00288675134594813));
#2840=CARTESIAN_POINT('',(0.00124999999999998,-0.00166666666666667,-0.0021650635094611));
#2841=CARTESIAN_POINT('',(0.00249999999999999,-0.00173333333333334,-0.00144337567297406));
#2842=CARTESIAN_POINT('',(0.0025,-0.0018,-2.32744789901656E-17));
#2843=CARTESIAN_POINT('',(0.0025,0.0061,0.));
#2844=CARTESIAN_POINT('',(0.0025,0.00603333333333333,0.00144337567297406));
#2845=CARTESIAN_POINT('',(0.00125,0.00596666666666667,0.00216506350946109));
#2846=CARTESIAN_POINT('',(1.76762539787484E-19,0.0059,0.00288675134594813));
#2847=CARTESIAN_POINT('',(-0.00125,0.00583333333333333,0.00216506350946109));
#2848=CARTESIAN_POINT('',(-0.0025,0.00576666666666666,0.00144337567297406));
#2849=CARTESIAN_POINT('',(-0.0025,0.0057,3.06161699786838E-19));
#2850=CARTESIAN_POINT('',(-0.0025,0.00563333333333333,-0.00144337567297406));
#2851=CARTESIAN_POINT('',(-0.00125,0.00556666666666667,-0.00216506350946109));
#2852=CARTESIAN_POINT('',(-5.30287619362454E-19,0.0055,-0.00288675134594813));
#2853=CARTESIAN_POINT('',(0.00125,0.00543333333333333,-0.0021650635094611));
#2854=CARTESIAN_POINT('',(0.0025,0.00536666666666667,-0.00144337567297406));
#2855=CARTESIAN_POINT('',(0.0025,0.0053,-6.12323399573677E-19));
#2856=CARTESIAN_POINT('',(0.0025,0.00523333333333333,0.00144337567297406));
#2857=CARTESIAN_POINT('',(0.00125,0.00516666666666667,0.00216506350946109));
#2858=CARTESIAN_POINT('',(3.44776294744884E-18,0.0051,0.00288675134594813));
#2859=CARTESIAN_POINT('',(-0.00125,0.00503333333333333,0.0021650635094611));
#2860=CARTESIAN_POINT('',(-0.0025,0.00496666666666666,0.00144337567297406));
#2861=CARTESIAN_POINT('',(-0.0025,0.0049,9.18485099360515E-19));
#2862=CARTESIAN_POINT('',(-0.0025,0.00483333333333333,-0.00144337567297406));
#2863=CARTESIAN_POINT('',(-0.00125,0.00476666666666667,-0.00216506350946109));
#2864=CARTESIAN_POINT('',(-1.23733777851239E-18,0.0047,-0.00288675134594813));
#2865=CARTESIAN_POINT('',(0.00125,0.00463333333333333,-0.0021650635094611));
#2866=CARTESIAN_POINT('',(0.0025,0.00456666666666666,-0.00144337567297406));
#2867=CARTESIAN_POINT('',(0.0025,0.0045,-1.22464679914735E-18));
#2868=CARTESIAN_POINT('',(0.0025,0.00443333333333333,0.00144337567297406));
#2869=CARTESIAN_POINT('',(0.00125,0.00436666666666666,0.00216506350946109));
#2870=CARTESIAN_POINT('',(6.7187633551102E-18,0.0043,0.00288675134594813));
#2871=CARTESIAN_POINT('',(-0.00125,0.00423333333333334,0.0021650635094611));
#2872=CARTESIAN_POINT('',(-0.0025,0.00416666666666666,0.00144337567297406));
#2873=CARTESIAN_POINT('',(-0.0025,0.0041,5.97170059743482E-18));
#2874=CARTESIAN_POINT('',(-0.0025,0.00403333333333333,-0.00144337567297406));
#2875=CARTESIAN_POINT('',(-0.00125,0.00396666666666666,-0.00216506350946109));
#2876=CARTESIAN_POINT('',(-7.07228843468517E-18,0.0039,-0.00288675134594813));
#2877=CARTESIAN_POINT('',(0.00125,0.00383333333333333,-0.0021650635094611));
#2878=CARTESIAN_POINT('',(0.00249999999999999,0.00376666666666666,-0.00144337567297406));
#2879=CARTESIAN_POINT('',(0.0025,0.0037,-1.83697019872103E-18));
#2880=CARTESIAN_POINT('',(0.0025,0.00363333333333333,0.00144337567297406));
#2881=CARTESIAN_POINT('',(0.00125,0.00356666666666667,0.00216506350946109));
#2882=CARTESIAN_POINT('',(7.42581351426014E-18,0.0035,0.00288675134594813));
#2883=CARTESIAN_POINT('',(-0.00125,0.00343333333333334,0.0021650635094611));
#2884=CARTESIAN_POINT('',(-0.00249999999999999,0.00336666666666667,0.00144337567297406));
#2885=CARTESIAN_POINT('',(-0.0025,0.0033,2.14313189850787E-18));
#2886=CARTESIAN_POINT('',(-0.0025,0.00323333333333333,-0.00144337567297406));
#2887=CARTESIAN_POINT('',(-0.00125,0.00316666666666666,-0.00216506350946109));
#2888=CARTESIAN_POINT('',(-7.7793385938351E-18,0.0031,-0.00288675134594813));
#2889=CARTESIAN_POINT('',(0.00125,0.00303333333333333,-0.0021650635094611));
#2890=CARTESIAN_POINT('',(0.00249999999999999,0.00296666666666667,-0.00144337567297406));
#2891=CARTESIAN_POINT('',(0.0025,0.0029,-2.4492935982947E-18));
#2892=CARTESIAN_POINT('',(0.0025,0.00283333333333333,0.00144337567297406));
#2893=CARTESIAN_POINT('',(0.00125,0.00276666666666667,0.00216506350946109));
#2894=CARTESIAN_POINT('',(8.13286367341007E-18,0.0027,0.00288675134594813));
#2895=CARTESIAN_POINT('',(-0.00125,0.00263333333333333,0.0021650635094611));
#2896=CARTESIAN_POINT('',(-0.00249999999999999,0.00256666666666667,0.00144337567297406));
#2897=CARTESIAN_POINT('',(-0.0025,0.0025,1.16372394950828E-17));
#2898=CARTESIAN_POINT('',(-0.0025,0.00243333333333333,-0.00144337567297406));
#2899=CARTESIAN_POINT('',(-0.00125,0.00236666666666666,-0.00216506350946109));
#2900=CARTESIAN_POINT('',(-8.48638875298504E-18,0.0023,-0.00288675134594813));
#2901=CARTESIAN_POINT('',(0.00125,0.00223333333333333,-0.0021650635094611));
#2902=CARTESIAN_POINT('',(0.00249999999999999,0.00216666666666667,-0.00144337567297406));
#2903=CARTESIAN_POINT('',(0.0025,0.0021,-1.19434011948696E-17));
#2904=CARTESIAN_POINT('',(0.0025,0.00203333333333333,0.00144337567297406));
#2905=CARTESIAN_POINT('',(0.00125,0.00196666666666667,0.00216506350946109));
#2906=CARTESIAN_POINT('',(1.90957148266057E-17,0.0019,0.00288675134594813));
#2907=CARTESIAN_POINT('',(-0.00125,0.00183333333333333,0.0021650635094611));
#2908=CARTESIAN_POINT('',(-0.0025,0.00176666666666667,0.00144337567297406));
#2909=CARTESIAN_POINT('',(-0.0025,0.0017,1.22495628946565E-17));
#2910=CARTESIAN_POINT('',(-0.0025,0.00163333333333333,-0.00144337567297406));
#2911=CARTESIAN_POINT('',(-0.00125000000000001,0.00156666666666666,-0.00216506350946109));
#2912=CARTESIAN_POINT('',(-9.19343891213498E-18,0.0015,-0.00288675134594813));
#2913=CARTESIAN_POINT('',(0.00124999999999998,0.00143333333333333,-0.0021650635094611));
#2914=CARTESIAN_POINT('',(0.00249999999999999,0.00136666666666667,-0.00144337567297406));
#2915=CARTESIAN_POINT('',(0.0025,0.0013,-3.67394039744206E-18));
#2916=CARTESIAN_POINT('',(0.00250000000000001,0.00123333333333333,0.00144337567297405));
#2917=CARTESIAN_POINT('',(0.00125,0.00116666666666667,0.00216506350946109));
#2918=CARTESIAN_POINT('',(1.98027649857556E-17,0.0011,0.00288675134594813));
#2919=CARTESIAN_POINT('',(-0.00125,0.00103333333333333,0.0021650635094611));
#2920=CARTESIAN_POINT('',(-0.0025,0.000966666666666666,0.00144337567297406));
#2921=CARTESIAN_POINT('',(-0.0025,0.0009,1.28618862942301E-17));
#2922=CARTESIAN_POINT('',(-0.0025,0.000833333333333333,-0.00144337567297406));
#2923=CARTESIAN_POINT('',(-0.00125000000000001,0.000766666666666666,-0.00216506350946109));
#2924=CARTESIAN_POINT('',(-9.90048907128491E-18,0.0007,-0.00288675134594813));
#2925=CARTESIAN_POINT('',(0.00124999999999998,0.000633333333333333,-0.0021650635094611));
#2926=CARTESIAN_POINT('',(0.00249999999999999,0.000566666666666665,-0.00144337567297406));
#2927=CARTESIAN_POINT('',(0.0025,0.0005,-4.28626379701574E-18));
#2928=CARTESIAN_POINT('',(0.00250000000000001,0.000433333333333332,0.00144337567297405));
#2929=CARTESIAN_POINT('',(0.00125,0.000366666666666666,0.00216506350946109));
#2930=CARTESIAN_POINT('',(2.05098151449056E-17,0.000299999999999999,0.00288675134594813));
#2931=CARTESIAN_POINT('',(-0.00125,0.000233333333333333,0.0021650635094611));
#2932=CARTESIAN_POINT('',(-0.00249999999999999,0.000166666666666666,0.00144337567297408));
#2933=CARTESIAN_POINT('',(-0.0025,0.0001,1.34742096938038E-17));
#2934=CARTESIAN_POINT('',(-0.0025,3.33333333333322E-5,-0.00144337567297406));
#2935=CARTESIAN_POINT('',(-0.00125000000000001,-3.3333333333334E-5,-0.00216506350946109));
#2936=CARTESIAN_POINT('',(-1.06075392304349E-17,-0.000100000000000001,-0.00288675134594813));
#2937=CARTESIAN_POINT('',(0.00124999999999998,-0.000166666666666668,-0.0021650635094611));
#2938=CARTESIAN_POINT('',(0.00249999999999999,-0.000233333333333334,-0.00144337567297406));
#2939=CARTESIAN_POINT('',(0.0025,-0.0003,-4.89858719658941E-18));
#2940=CARTESIAN_POINT('',(0.00250000000000001,-0.000366666666666667,0.00144337567297405));
#2941=CARTESIAN_POINT('',(0.00125,-0.000433333333333334,0.00216506350946109));
#2942=CARTESIAN_POINT('',(2.12168653040555E-17,-0.000500000000000001,0.00288675134594813));
#2943=CARTESIAN_POINT('',(-0.00125,-0.000566666666666668,0.0021650635094611));
#2944=CARTESIAN_POINT('',(-0.00249999999999999,-0.000633333333333334,0.00144337567297409));
#2945=CARTESIAN_POINT('',(-0.0025,-0.0007,1.40865330933775E-17));
#2946=CARTESIAN_POINT('',(-0.0025,-0.000766666666666667,-0.00144337567297406));
#2947=CARTESIAN_POINT('',(-0.00125000000000001,-0.000833333333333334,-0.00216506350946109));
#2948=CARTESIAN_POINT('',(-1.13145893895848E-17,-0.0009,-0.00288675134594813));
#2949=CARTESIAN_POINT('',(0.00124999999999998,-0.000966666666666668,-0.0021650635094611));
#2950=CARTESIAN_POINT('',(0.00249999999999999,-0.00103333333333333,-0.00144337567297406));
#2951=CARTESIAN_POINT('',(0.0025,-0.0011,-2.32744789901656E-17));
#2952=CARTESIAN_POINT('',(0.,0.00225,0.));
#2953=CARTESIAN_POINT('',(0.0025,0.0054,0.));
#2954=CARTESIAN_POINT('',(0.0025,0.00533333333333334,0.00144337567297406));
#2955=CARTESIAN_POINT('',(0.00125,0.00526666666666667,0.00216506350946109));
#2956=CARTESIAN_POINT('',(1.76762539787484E-19,0.0052,0.00288675134594813));
#2957=CARTESIAN_POINT('',(-0.00125,0.00513333333333333,0.00216506350946109));
#2958=CARTESIAN_POINT('',(-0.0025,0.00506666666666666,0.00144337567297406));
#2959=CARTESIAN_POINT('',(-0.0025,0.005,3.06161699786838E-19));
#2960=CARTESIAN_POINT('',(-0.0025,0.00493333333333333,-0.00144337567297406));
#2961=CARTESIAN_POINT('',(-0.00125,0.00486666666666667,-0.00216506350946109));
#2962=CARTESIAN_POINT('',(-5.30287619362454E-19,0.0048,-0.00288675134594813));
#2963=CARTESIAN_POINT('',(0.00125,0.00473333333333333,-0.0021650635094611));
#2964=CARTESIAN_POINT('',(0.0025,0.00466666666666666,-0.00144337567297406));
#2965=CARTESIAN_POINT('',(0.0025,0.0046,-6.12323399573677E-19));
#2966=CARTESIAN_POINT('',(0.0025,0.00453333333333333,0.00144337567297406));
#2967=CARTESIAN_POINT('',(0.00125,0.00446666666666666,0.00216506350946109));
#2968=CARTESIAN_POINT('',(3.44776294744884E-18,0.0044,0.00288675134594813));
#2969=CARTESIAN_POINT('',(-0.00125,0.00433333333333334,0.0021650635094611));
#2970=CARTESIAN_POINT('',(-0.0025,0.00426666666666667,0.00144337567297406));
#2971=CARTESIAN_POINT('',(-0.0025,0.0042,9.18485099360515E-19));
#2972=CARTESIAN_POINT('',(-0.0025,0.00413333333333333,-0.00144337567297406));
#2973=CARTESIAN_POINT('',(-0.00125,0.00406666666666666,-0.00216506350946109));
#2974=CARTESIAN_POINT('',(-1.23733777851239E-18,0.004,-0.00288675134594813));
#2975=CARTESIAN_POINT('',(0.00125,0.00393333333333334,-0.0021650635094611));
#2976=CARTESIAN_POINT('',(0.0025,0.00386666666666667,-0.00144337567297406));
#2977=CARTESIAN_POINT('',(0.0025,0.0038,-1.22464679914735E-18));
#2978=CARTESIAN_POINT('',(0.0025,0.00373333333333333,0.00144337567297406));
#2979=CARTESIAN_POINT('',(0.00125,0.00366666666666666,0.00216506350946109));
#2980=CARTESIAN_POINT('',(6.7187633551102E-18,0.0036,0.00288675134594813));
#2981=CARTESIAN_POINT('',(-0.00125,0.00353333333333333,0.0021650635094611));
#2982=CARTESIAN_POINT('',(-0.0025,0.00346666666666667,0.00144337567297406));
#2983=CARTESIAN_POINT('',(-0.0025,0.0034,5.97170059743482E-18));
#2984=CARTESIAN_POINT('',(-0.0025,0.00333333333333333,-0.00144337567297406));
#2985=CARTESIAN_POINT('',(-0.00125,0.00326666666666667,-0.00216506350946109));
#2986=CARTESIAN_POINT('',(-7.07228843468517E-18,0.0032,-0.00288675134594813));
#2987=CARTESIAN_POINT('',(0.00125,0.00313333333333333,-0.0021650635094611));
#2988=CARTESIAN_POINT('',(0.00249999999999999,0.00306666666666667,-0.00144337567297406));
#2989=CARTESIAN_POINT('',(0.0025,0.003,-1.83697019872103E-18));
#2990=CARTESIAN_POINT('',(0.0025,0.00293333333333333,0.00144337567297406));
#2991=CARTESIAN_POINT('',(0.00125,0.00286666666666666,0.00216506350946109));
#2992=CARTESIAN_POINT('',(7.42581351426014E-18,0.0028,0.00288675134594813));
#2993=CARTESIAN_POINT('',(-0.00125,0.00273333333333334,0.0021650635094611));
#2994=CARTESIAN_POINT('',(-0.00249999999999999,0.00266666666666667,0.00144337567297406));
#2995=CARTESIAN_POINT('',(-0.0025,0.0026,2.14313189850787E-18));
#2996=CARTESIAN_POINT('',(-0.0025,0.00253333333333333,-0.00144337567297406));
#2997=CARTESIAN_POINT('',(-0.00125,0.00246666666666667,-0.00216506350946109));
#2998=CARTESIAN_POINT('',(-7.7793385938351E-18,0.0024,-0.00288675134594813));
#2999=CARTESIAN_POINT('',(0.00125,0.00233333333333333,-0.0021650635094611));
#3000=CARTESIAN_POINT('',(0.00249999999999999,0.00226666666666666,-0.00144337567297406));
#3001=CARTESIAN_POINT('',(0.0025,0.0022,-2.4492935982947E-18));
#3002=CARTESIAN_POINT('',(0.0025,0.00213333333333333,0.00144337567297406));
#3003=CARTESIAN_POINT('',(0.00125,0.00206666666666667,0.00216506350946109));
#3004=CARTESIAN_POINT('',(8.13286367341007E-18,0.002,0.00288675134594813));
#3005=CARTESIAN_POINT('',(-0.00125,0.00193333333333333,0.0021650635094611));
#3006=CARTESIAN_POINT('',(-0.00249999999999999,0.00186666666666666,0.00144337567297406));
#3007=CARTESIAN_POINT('',(-0.0025,0.0018,1.16372394950828E-17));
#3008=CARTESIAN_POINT('',(-0.0025,0.00173333333333333,-0.00144337567297406));
#3009=CARTESIAN_POINT('',(-0.00125,0.00166666666666667,-0.00216506350946109));
#3010=CARTESIAN_POINT('',(-8.48638875298504E-18,0.0016,-0.00288675134594813));
#3011=CARTESIAN_POINT('',(0.00125,0.00153333333333333,-0.0021650635094611));
#3012=CARTESIAN_POINT('',(0.00249999999999999,0.00146666666666667,-0.00144337567297406));
#3013=CARTESIAN_POINT('',(0.0025,0.0014,-1.19434011948696E-17));
#3014=CARTESIAN_POINT('',(0.0025,0.00133333333333333,0.00144337567297406));
#3015=CARTESIAN_POINT('',(0.00125,0.00126666666666667,0.00216506350946109));
#3016=CARTESIAN_POINT('',(1.90957148266057E-17,0.0012,0.00288675134594813));
#3017=CARTESIAN_POINT('',(-0.00125,0.00113333333333333,0.0021650635094611));
#3018=CARTESIAN_POINT('',(-0.0025,0.00106666666666667,0.00144337567297406));
#3019=CARTESIAN_POINT('',(-0.0025,0.001,1.22495628946565E-17));
#3020=CARTESIAN_POINT('',(-0.0025,0.000933333333333333,-0.00144337567297406));
#3021=CARTESIAN_POINT('',(-0.00125000000000001,0.000866666666666666,-0.00216506350946109));
#3022=CARTESIAN_POINT('',(-9.19343891213498E-18,0.0008,-0.00288675134594813));
#3023=CARTESIAN_POINT('',(0.00124999999999998,0.000733333333333332,-0.0021650635094611));
#3024=CARTESIAN_POINT('',(0.00249999999999999,0.000666666666666666,-0.00144337567297406));
#3025=CARTESIAN_POINT('',(0.0025,0.0006,-3.67394039744206E-18));
#3026=CARTESIAN_POINT('',(0.00250000000000001,0.000533333333333332,0.00144337567297405));
#3027=CARTESIAN_POINT('',(0.00125,0.000466666666666666,0.00216506350946109));
#3028=CARTESIAN_POINT('',(1.98027649857556E-17,0.000399999999999999,0.00288675134594813));
#3029=CARTESIAN_POINT('',(-0.00125,0.000333333333333332,0.0021650635094611));
#3030=CARTESIAN_POINT('',(-0.0025,0.000266666666666666,0.00144337567297406));
#3031=CARTESIAN_POINT('',(-0.0025,0.0002,1.28618862942301E-17));
#3032=CARTESIAN_POINT('',(-0.0025,0.000133333333333332,-0.00144337567297406));
#3033=CARTESIAN_POINT('',(-0.00125000000000001,6.66666666666654E-5,-0.00216506350946109));
#3034=CARTESIAN_POINT('',(-9.90048907128491E-18,-8.67361737988404E-19,-0.00288675134594813));
#3035=CARTESIAN_POINT('',(0.00124999999999998,-6.66666666666671E-5,-0.0021650635094611));
#3036=CARTESIAN_POINT('',(0.00249999999999999,-0.000133333333333334,-0.00144337567297406));
#3037=CARTESIAN_POINT('',(0.0025,-0.0002,-4.28626379701574E-18));
#3038=CARTESIAN_POINT('',(0.00250000000000001,-0.000266666666666667,0.00144337567297405));
#3039=CARTESIAN_POINT('',(0.00125,-0.000333333333333334,0.00216506350946109));
#3040=CARTESIAN_POINT('',(2.05098151449056E-17,-0.000400000000000001,0.00288675134594813));
#3041=CARTESIAN_POINT('',(-0.00125,-0.000466666666666667,0.0021650635094611));
#3042=CARTESIAN_POINT('',(-0.00249999999999999,-0.000533333333333335,0.00144337567297408));
#3043=CARTESIAN_POINT('',(-0.0025,-0.0006,1.34742096938038E-17));
#3044=CARTESIAN_POINT('',(-0.0025,-0.000666666666666668,-0.00144337567297406));
#3045=CARTESIAN_POINT('',(-0.00125000000000001,-0.000733333333333334,-0.00216506350946109));
#3046=CARTESIAN_POINT('',(-1.06075392304349E-17,-0.000800000000000001,-0.00288675134594813));
#3047=CARTESIAN_POINT('',(0.00124999999999998,-0.000866666666666668,-0.0021650635094611));
#3048=CARTESIAN_POINT('',(0.00249999999999999,-0.000933333333333334,-0.00144337567297406));
#3049=CARTESIAN_POINT('',(0.0025,-0.001,-4.89858719658941E-18));
#3050=CARTESIAN_POINT('',(0.00250000000000001,-0.00106666666666667,0.00144337567297405));
#3051=CARTESIAN_POINT('',(0.00125,-0.00113333333333333,0.00216506350946109));
#3052=CARTESIAN_POINT('',(2.12168653040555E-17,-0.0012,0.00288675134594813));
#3053=CARTESIAN_POINT('',(-0.00125,-0.00126666666666667,0.0021650635094611));
#3054=CARTESIAN_POINT('',(-0.00249999999999999,-0.00133333333333333,0.00144337567297409));
#3055=CARTESIAN_POINT('',(-0.0025,-0.0014,1.40865330933775E-17));
#3056=CARTESIAN_POINT('',(-0.0025,-0.00146666666666667,-0.00144337567297406));
#3057=CARTESIAN_POINT('',(-0.00125000000000001,-0.00153333333333333,-0.00216506350946109));
#3058=CARTESIAN_POINT('',(-1.13145893895848E-17,-0.0016,-0.00288675134594813));
#3059=CARTESIAN_POINT('',(0.00124999999999998,-0.00166666666666667,-0.0021650635094611));
#3060=CARTESIAN_POINT('',(0.00249999999999999,-0.00173333333333334,-0.00144337567297406));
#3061=CARTESIAN_POINT('',(0.0025,-0.0018,-2.32744789901656E-17));
#3062=CARTESIAN_POINT('',(0.0025,0.0061,0.));
#3063=CARTESIAN_POINT('',(0.0025,0.00603333333333333,0.00144337567297406));
#3064=CARTESIAN_POINT('',(0.00125,0.00596666666666667,0.00216506350946109));
#3065=CARTESIAN_POINT('',(1.76762539787484E-19,0.0059,0.00288675134594813));
#3066=CARTESIAN_POINT('',(-0.00125,0.00583333333333333,0.00216506350946109));
#3067=CARTESIAN_POINT('',(-0.0025,0.00576666666666666,0.00144337567297406));
#3068=CARTESIAN_POINT('',(-0.0025,0.0057,3.06161699786838E-19));
#3069=CARTESIAN_POINT('',(-0.0025,0.00563333333333333,-0.00144337567297406));
#3070=CARTESIAN_POINT('',(-0.00125,0.00556666666666667,-0.00216506350946109));
#3071=CARTESIAN_POINT('',(-5.30287619362454E-19,0.0055,-0.00288675134594813));
#3072=CARTESIAN_POINT('',(0.00125,0.00543333333333333,-0.0021650635094611));
#3073=CARTESIAN_POINT('',(0.0025,0.00536666666666667,-0.00144337567297406));
#3074=CARTESIAN_POINT('',(0.0025,0.0053,-6.12323399573677E-19));
#3075=CARTESIAN_POINT('',(0.0025,0.00523333333333333,0.00144337567297406));
#3076=CARTESIAN_POINT('',(0.00125,0.00516666666666667,0.00216506350946109));
#3077=CARTESIAN_POINT('',(3.44776294744884E-18,0.0051,0.00288675134594813));
#3078=CARTESIAN_POINT('',(-0.00125,0.00503333333333333,0.0021650635094611));
#3079=CARTESIAN_POINT('',(-0.0025,0.00496666666666666,0.00144337567297406));
#3080=CARTESIAN_POINT('',(-0.0025,0.0049,9.18485099360515E-19));
#3081=CARTESIAN_POINT('',(-0.0025,0.00483333333333333,-0.00144337567297406));
#3082=CARTESIAN_POINT('',(-0.00125,0.00476666666666667,-0.00216506350946109));
#3083=CARTESIAN_POINT('',(-1.23733777851239E-18,0.0047,-0.00288675134594813));
#3084=CARTESIAN_POINT('',(0.00125,0.00463333333333333,-0.0021650635094611));
#3085=CARTESIAN_POINT('',(0.0025,0.00456666666666666,-0.00144337567297406));
#3086=CARTESIAN_POINT('',(0.0025,0.0045,-1.22464679914735E-18));
#3087=CARTESIAN_POINT('',(0.0025,0.00443333333333333,0.00144337567297406));
#3088=CARTESIAN_POINT('',(0.00125,0.00436666666666666,0.00216506350946109));
#3089=CARTESIAN_POINT('',(6.7187633551102E-18,0.0043,0.00288675134594813));
#3090=CARTESIAN_POINT('',(-0.00125,0.00423333333333334,0.0021650635094611));
#3091=CARTESIAN_POINT('',(-0.0025,0.00416666666666666,0.00144337567297406));
#3092=CARTESIAN_POINT('',(-0.0025,0.0041,5.97170059743482E-18));
#3093=CARTESIAN_POINT('',(-0.0025,0.00403333333333333,-0.00144337567297406));
#3094=CARTESIAN_POINT('',(-0.00125,0.00396666666666666,-0.00216506350946109));
#3095=CARTESIAN_POINT('',(-7.07228843468517E-18,0.0039,-0.00288675134594813));
#3096=CARTESIAN_POINT('',(0.00125,0.00383333333333333,-0.0021650635094611));
#3097=CARTESIAN_POINT('',(0.00249999999999999,0.00376666666666666,-0.00144337567297406));
#3098=CARTESIAN_POINT('',(0.0025,0.0037,-1.83697019872103E-18));
#3099=CARTESIAN_POINT('',(0.0025,0.00363333333333333,0.00144337567297406));
#3100=CARTESIAN_POINT('',(0.00125,0.00356666666666667,0.00216506350946109));
#3101=CARTESIAN_POINT('',(7.42581351426014E-18,0.0035,0.00288675134594813));
#3102=CARTESIAN_POINT('',(-0.00125,0.00343333333333334,0.0021650635094611));
#3103=CARTESIAN_POINT('',(-0.00249999999999999,0.00336666666666667,0.00144337567297406));
#3104=CARTESIAN_POINT('',(-0.0025,0.0033,2.14313189850787E-18));
#3105=CARTESIAN_POINT('',(-0.0025,0.00323333333333333,-0.00144337567297406));
#3106=CARTESIAN_POINT('',(-0.00125,0.00316666666666666,-0.00216506350946109));
#3107=CARTESIAN_POINT('',(-7.7793385938351E-18,0.0031,-0.00288675134594813));
#3108=CARTESIAN_POINT('',(0.00125,0.00303333333333333,-0.0021650635094611));
#3109=CARTESIAN_POINT('',(0.00249999999999999,0.00296666666666667,-0.00144337567297406));
#3110=CARTESIAN_POINT('',(0.0025,0.0029,-2.4492935982947E-18));
#3111=CARTESIAN_POINT('',(0.0025,0.00283333333333333,0.00144337567297406));
#3112=CARTESIAN_POINT('',(0.00125,0.00276666666666667,0.00216506350946109));
#3113=CARTESIAN_POINT('',(8.13286367341007E-18,0.0027,0.00288675134594813));
#3114=CARTESIAN_POINT('',(-0.00125,0.00263333333333333,0.0021650635094611));
#3115=CARTESIAN_POINT('',(-0.00249999999999999,0.00256666666666667,0.00144337567297406));
#3116=CARTESIAN_POINT('',(-0.0025,0.0025,1.16372394950828E-17));
#3117=CARTESIAN_POINT('',(-0.0025,0.00243333333333333,-0.00144337567297406));
#3118=CARTESIAN_POINT('',(-0.00125,0.00236666666666666,-0.00216506350946109));
#3119=CARTESIAN_POINT('',(-8.48638875298504E-18,0.0023,-0.00288675134594813));
#3120=CARTESIAN_POINT('',(0.00125,0.00223333333333333,-0.0021650635094611));
#3121=CARTESIAN_POINT('',(0.00249999999999999,0.00216666666666667,-0.00144337567297406));
#3122=CARTESIAN_POINT('',(0.0025,0.0021,-1.19434011948696E-17));
#3123=CARTESIAN_POINT('',(0.0025,0.00203333333333333,0.00144337567297406));
#3124=CARTESIAN_POINT('',(0.00125,0.00196666666666667,0.00216506350946109));
#3125=CARTESIAN_POINT('',(1.90957148266057E-17,0.0019,0.00288675134594813));
#3126=CARTESIAN_POINT('',(-0.00125,0.00183333333333333,0.0021650635094611));
#3127=CARTESIAN_POINT('',(-0.0025,0.00176666666666667,0.00144337567297406));
#3128=CARTESIAN_POINT('',(-0.0025,0.0017,1.22495628946565E-17));
#3129=CARTESIAN_POINT('',(-0.0025,0.00163333333333333,-0.00144337567297406));
#3130=CARTESIAN_POINT('',(-0.00125000000000001,0.00156666666666666,-0.00216506350946109));
#3131=CARTESIAN_POINT('',(-9.19343891213498E-18,0.0015,-0.00288675134594813));
#3132=CARTESIAN_POINT('',(0.00124999999999998,0.00143333333333333,-0.0021650635094611));
#3133=CARTESIAN_POINT('',(0.00249999999999999,0.00136666666666667,-0.00144337567297406));
#3134=CARTESIAN_POINT('',(0.0025,0.0013,-3.67394039744206E-18));
#3135=CARTESIAN_POINT('',(0.00250000000000001,0.00123333333333333,0.00144337567297405));
#3136=CARTESIAN_POINT('',(0.00125,0.00116666666666667,0.00216506350946109));
#3137=CARTESIAN_POINT('',(1.98027649857556E-17,0.0011,0.00288675134594813));
#3138=CARTESIAN_POINT('',(-0.00125,0.00103333333333333,0.0021650635094611));
#3139=CARTESIAN_POINT('',(-0.0025,0.000966666666666666,0.00144337567297406));
#3140=CARTESIAN_POINT('',(-0.0025,0.0009,1.28618862942301E-17));
#3141=CARTESIAN_POINT('',(-0.0025,0.000833333333333333,-0.00144337567297406));
#3142=CARTESIAN_POINT('',(-0.00125000000000001,0.000766666666666666,-0.00216506350946109));
#3143=CARTESIAN_POINT('',(-9.90048907128491E-18,0.0007,-0.00288675134594813));
#3144=CARTESIAN_POINT('',(0.00124999999999998,0.000633333333333333,-0.0021650635094611));
#3145=CARTESIAN_POINT('',(0.00249999999999999,0.000566666666666665,-0.00144337567297406));
#3146=CARTESIAN_POINT('',(0.0025,0.0005,-4.28626379701574E-18));
#3147=CARTESIAN_POINT('',(0.00250000000000001,0.000433333333333332,0.00144337567297405));
#3148=CARTESIAN_POINT('',(0.00125,0.000366666666666666,0.00216506350946109));
#3149=CARTESIAN_POINT('',(2.05098151449056E-17,0.000299999999999999,0.00288675134594813));
#3150=CARTESIAN_POINT('',(-0.00125,0.000233333333333333,0.0021650635094611));
#3151=CARTESIAN_POINT('',(-0.00249999999999999,0.000166666666666666,0.00144337567297408));
#3152=CARTESIAN_POINT('',(-0.0025,0.0001,1.34742096938038E-17));
#3153=CARTESIAN_POINT('',(-0.0025,3.33333333333322E-5,-0.00144337567297406));
#3154=CARTESIAN_POINT('',(-0.00125000000000001,-3.3333333333334E-5,-0.00216506350946109));
#3155=CARTESIAN_POINT('',(-1.06075392304349E-17,-0.000100000000000001,-0.00288675134594813));
#3156=CARTESIAN_POINT('',(0.00124999999999998,-0.000166666666666668,-0.0021650635094611));
#3157=CARTESIAN_POINT('',(0.00249999999999999,-0.000233333333333334,-0.00144337567297406));
#3158=CARTESIAN_POINT('',(0.0025,-0.0003,-4.89858719658941E-18));
#3159=CARTESIAN_POINT('',(0.00250000000000001,-0.000366666666666667,0.00144337567297405));
#3160=CARTESIAN_POINT('',(0.00125,-0.000433333333333334,0.00216506350946109));
#3161=CARTESIAN_POINT('',(2.12168653040555E-17,-0.000500000000000001,0.00288675134594813));
#3162=CARTESIAN_POINT('',(-0.00125,-0.000566666666666668,0.0021650635094611));
#3163=CARTESIAN_POINT('',(-0.00249999999999999,-0.000633333333333334,0.00144337567297409));
#3164=CARTESIAN_POINT('',(-0.0025,-0.0007,1.40865330933775E-17));
#3165=CARTESIAN_POINT('',(-0.0025,-0.000766666666666667,-0.00144337567297406));
#3166=CARTESIAN_POINT('',(-0.00125000000000001,-0.000833333333333334,-0.00216506350946109));
#3167=CARTESIAN_POINT('',(-1.13145893895848E-17,-0.0009,-0.00288675134594813));
#3168=CARTESIAN_POINT('',(0.00124999999999998,-0.000966666666666668,-0.0021650635094611));
#3169=CARTESIAN_POINT('',(0.00249999999999999,-0.00103333333333333,-0.00144337567297406));
#3170=CARTESIAN_POINT('',(0.0025,-0.0011,-2.32744789901656E-17));
#3171=CARTESIAN_POINT('',(0.,0.00225,0.));
#3172=CARTESIAN_POINT('',(0.0025,0.0054,0.));
#3173=CARTESIAN_POINT('',(0.0025,0.00533333333333334,0.00144337567297406));
#3174=CARTESIAN_POINT('',(0.00125,0.00526666666666667,0.00216506350946109));
#3175=CARTESIAN_POINT('',(1.76762539787484E-19,0.0052,0.00288675134594813));
#3176=CARTESIAN_POINT('',(-0.00125,0.00513333333333333,0.00216506350946109));
#3177=CARTESIAN_POINT('',(-0.0025,0.00506666666666666,0.00144337567297406));
#3178=CARTESIAN_POINT('',(-0.0025,0.005,3.06161699786838E-19));
#3179=CARTESIAN_POINT('',(-0.0025,0.00493333333333333,-0.00144337567297406));
#3180=CARTESIAN_POINT('',(-0.00125,0.00486666666666667,-0.00216506350946109));
#3181=CARTESIAN_POINT('',(-5.30287619362454E-19,0.0048,-0.00288675134594813));
#3182=CARTESIAN_POINT('',(0.00125,0.00473333333333333,-0.0021650635094611));
#3183=CARTESIAN_POINT('',(0.0025,0.00466666666666666,-0.00144337567297406));
#3184=CARTESIAN_POINT('',(0.0025,0.0046,-6.12323399573677E-19));
#3185=CARTESIAN_POINT('',(0.0025,0.00453333333333333,0.00144337567297406));
#3186=CARTESIAN_POINT('',(0.00125,0.00446666666666666,0.00216506350946109));
#3187=CARTESIAN_POINT('',(3.44776294744884E-18,0.0044,0.00288675134594813));
#3188=CARTESIAN_POINT('',(-0.00125,0.00433333333333334,0.0021650635094611));
#3189=CARTESIAN_POINT('',(-0.0025,0.00426666666666667,0.00144337567297406));
#3190=CARTESIAN_POINT('',(-0.0025,0.0042,9.18485099360515E-19));
#3191=CARTESIAN_POINT('',(-0.0025,0.00413333333333333,-0.00144337567297406));
#3192=CARTESIAN_POINT('',(-0.00125,0.00406666666666666,-0.00216506350946109));
#3193=CARTESIAN_POINT('',(-1.23733777851239E-18,0.004,-0.00288675134594813));
#3194=CARTESIAN_POINT('',(0.00125,0.00393333333333334,-0.0021650635094611));
#3195=CARTESIAN_POINT('',(0.0025,0.00386666666666667,-0.00144337567297406));
#3196=CARTESIAN_POINT('',(0.0025,0.0038,-1.22464679914735E-18));
#3197=CARTESIAN_POINT('',(0.0025,0.00373333333333333,0.00144337567297406));
#3198=CARTESIAN_POINT('',(0.00125,0.00366666666666666,0.00216506350946109));
#3199=CARTESIAN_POINT('',(6.7187633551102E-18,0.0036,0.00288675134594813));
#3200=CARTESIAN_POINT('',(-0.00125,0.00353333333333333,0.0021650635094611));
#3201=CARTESIAN_POINT('',(-0.0025,0.00346666666666667,0.00144337567297406));
#3202=CARTESIAN_POINT('',(-0.0025,0.0034,5.97170059743482E-18));
#3203=CARTESIAN_POINT('',(-0.0025,0.00333333333333333,-0.00144337567297406));
#3204=CARTESIAN_POINT('',(-0.00125,0.00326666666666667,-0.00216506350946109));
#3205=CARTESIAN_POINT('',(-7.07228843468517E-18,0.0032,-0.00288675134594813));
#3206=CARTESIAN_POINT('',(0.00125,0.00313333333333333,-0.0021650635094611));
#3207=CARTESIAN_POINT('',(0.00249999999999999,0.00306666666666667,-0.00144337567297406));
#3208=CARTESIAN_POINT('',(0.0025,0.003,-1.83697019872103E-18));
#3209=CARTESIAN_POINT('',(0.0025,0.00293333333333333,0.00144337567297406));
#3210=CARTESIAN_POINT('',(0.00125,0.00286666666666666,0.00216506350946109));
#3211=CARTESIAN_POINT('',(7.42581351426014E-18,0.0028,0.00288675134594813));
#3212=CARTESIAN_POINT('',(-0.00125,0.00273333333333334,0.0021650635094611));
#3213=CARTESIAN_POINT('',(-0.00249999999999999,0.00266666666666667,0.00144337567297406));
#3214=CARTESIAN_POINT('',(-0.0025,0.0026,2.14313189850787E-18));
#3215=CARTESIAN_POINT('',(-0.0025,0.00253333333333333,-0.00144337567297406));
#3216=CARTESIAN_POINT('',(-0.00125,0.00246666666666667,-0.00216506350946109));
#3217=CARTESIAN_POINT('',(-7.7793385938351E-18,0.0024,-0.00288675134594813));
#3218=CARTESIAN_POINT('',(0.00125,0.00233333333333333,-0.0021650635094611));
#3219=CARTESIAN_POINT('',(0.00249999999999999,0.00226666666666666,-0.00144337567297406));
#3220=CARTESIAN_POINT('',(0.0025,0.0022,-2.4492935982947E-18));
#3221=CARTESIAN_POINT('',(0.0025,0.00213333333333333,0.00144337567297406));
#3222=CARTESIAN_POINT('',(0.00125,0.00206666666666667,0.00216506350946109));
#3223=CARTESIAN_POINT('',(8.13286367341007E-18,0.002,0.00288675134594813));
#3224=CARTESIAN_POINT('',(-0.00125,0.00193333333333333,0.0021650635094611));
#3225=CARTESIAN_POINT('',(-0.00249999999999999,0.00186666666666666,0.00144337567297406));
#3226=CARTESIAN_POINT('',(-0.0025,0.0018,1.16372394950828E-17));
#3227=CARTESIAN_POINT('',(-0.0025,0.00173333333333333,-0.00144337567297406));
#3228=CARTESIAN_POINT('',(-0.00125,0.00166666666666667,-0.00216506350946109));
#3229=CARTESIAN_POINT('',(-8.48638875298504E-18,0.0016,-0.00288675134594813));
#3230=CARTESIAN_POINT('',(0.00125,0.00153333333333333,-0.0021650635094611));
#3231=CARTESIAN_POINT('',(0.00249999999999999,0.00146666666666667,-0.00144337567297406));
#3232=CARTESIAN_POINT('',(0.0025,0.0014,-1.19434011948696E-17));
#3233=CARTESIAN_POINT('',(0.0025,0.00133333333333333,0.00144337567297406));
#3234=CARTESIAN_POINT('',(0.00125,0.00126666666666667,0.00216506350946109));
#3235=CARTESIAN_POINT('',(1.90957148266057E-17,0.0012,0.00288675134594813));
#3236=CARTESIAN_POINT('',(-0.00125,0.00113333333333333,0.0021650635094611));
#3237=CARTESIAN_POINT('',(-0.0025,0.00106666666666667,0.00144337567297406));
#3238=CARTESIAN_POINT('',(-0.0025,0.001,1.22495628946565E-17));
#3239=CARTESIAN_POINT('',(-0.0025,0.000933333333333333,-0.00144337567297406));
#3240=CARTESIAN_POINT('',(-0.00125000000000001,0.000866666666666666,-0.00216506350946109));
#3241=CARTESIAN_POINT('',(-9.19343891213498E-18,0.0008,-0.00288675134594813));
#3242=CARTESIAN_POINT('',(0.00124999999999998,0.000733333333333332,-0.0021650635094611));
#3243=CARTESIAN_POINT('',(0.00249999999999999,0.000666666666666666,-0.00144337567297406));
#3244=CARTESIAN_POINT('',(0.0025,0.0006,-3.67394039744206E-18));
#3245=CARTESIAN_POINT('',(0.00250000000000001,0.000533333333333332,0.00144337567297405));
#3246=CARTESIAN_POINT('',(0.00125,0.000466666666666666,0.00216506350946109));
#3247=CARTESIAN_POINT('',(1.98027649857556E-17,0.000399999999999999,0.00288675134594813));
#3248=CARTESIAN_POINT('',(-0.00125,0.000333333333333332,0.0021650635094611));
#3249=CARTESIAN_POINT('',(-0.0025,0.000266666666666666,0.00144337567297406));
#3250=CARTESIAN_POINT('',(-0.0025,0.0002,1.28618862942301E-17));
#3251=CARTESIAN_POINT('',(-0.0025,0.000133333333333332,-0.00144337567297406));
#3252=CARTESIAN_POINT('',(-0.00125000000000001,6.66666666666654E-5,-0.00216506350946109));
#3253=CARTESIAN_POINT('',(-9.90048907128491E-18,-8.67361737988404E-19,-0.00288675134594813));
#3254=CARTESIAN_POINT('',(0.00124999999999998,-6.66666666666671E-5,-0.0021650635094611));
#3255=CARTESIAN_POINT('',(0.00249999999999999,-0.000133333333333334,-0.00144337567297406));
#3256=CARTESIAN_POINT('',(0.0025,-0.0002,-4.28626379701574E-18));
#3257=CARTESIAN_POINT('',(0.00250000000000001,-0.000266666666666667,0.00144337567297405));
#3258=CARTESIAN_POINT('',(0.00125,-0.000333333333333334,0.00216506350946109));
#3259=CARTESIAN_POINT('',(2.05098151449056E-17,-0.000400000000000001,0.00288675134594813));
#3260=CARTESIAN_POINT('',(-0.00125,-0.000466666666666667,0.0021650635094611));
#3261=CARTESIAN_POINT('',(-0.00249999999999999,-0.000533333333333335,0.00144337567297408));
#3262=CARTESIAN_POINT('',(-0.0025,-0.0006,1.34742096938038E-17));
#3263=CARTESIAN_POINT('',(-0.0025,-0.000666666666666668,-0.00144337567297406));
#3264=CARTESIAN_POINT('',(-0.00125000000000001,-0.000733333333333334,-0.00216506350946109));
#3265=CARTESIAN_POINT('',(-1.06075392304349E-17,-0.000800000000000001,-0.00288675134594813));
#3266=CARTESIAN_POINT('',(0.00124999999999998,-0.000866666666666668,-0.0021650635094611));
#3267=CARTESIAN_POINT('',(0.00249999999999999,-0.000933333333333334,-0.00144337567297406));
#3268=CARTESIAN_POINT('',(0.0025,-0.001,-4.89858719658941E-18));
#3269=CARTESIAN_POINT('',(0.00250000000000001,-0.00106666666666667,0.00144337567297405));
#3270=CARTESIAN_POINT('',(0.00125,-0.00113333333333333,0.00216506350946109));
#3271=CARTESIAN_POINT('',(2.12168653040555E-17,-0.0012,0.00288675134594813));
#3272=CARTESIAN_POINT('',(-0.00125,-0.00126666666666667,0.0021650635094611));
#3273=CARTESIAN_POINT('',(-0.00249999999999999,-0.00133333333333333,0.00144337567297409));
#3274=CARTESIAN_POINT('',(-0.0025,-0.0014,1.40865330933775E-17));
#3275=CARTESIAN_POINT('',(-0.0025,-0.00146666666666667,-0.00144337567297406));
#3276=CARTESIAN_POINT('',(-0.00125000000000001,-0.00153333333333333,-0.00216506350946109));
#3277=CARTESIAN_POINT('',(-1.13145893895848E-17,-0.0016,-0.00288675134594813));
#3278=CARTESIAN_POINT('',(0.00124999999999998,-0.00166666666666667,-0.0021650635094611));
#3279=CARTESIAN_POINT('',(0.00249999999999999,-0.00173333333333334,-0.00144337567297406));
#3280=CARTESIAN_POINT('',(0.0025,-0.0018,-2.32744789901656E-17));
#3281=CARTESIAN_POINT('',(0.0025,0.0061,0.));
#3282=CARTESIAN_POINT('',(0.0025,0.00603333333333333,0.00144337567297406));
#3283=CARTESIAN_POINT('',(0.00125,0.00596666666666667,0.00216506350946109));
#3284=CARTESIAN_POINT('',(1.76762539787484E-19,0.0059,0.00288675134594813));
#3285=CARTESIAN_POINT('',(-0.00125,0.00583333333333333,0.00216506350946109));
#3286=CARTESIAN_POINT('',(-0.0025,0.00576666666666666,0.00144337567297406));
#3287=CARTESIAN_POINT('',(-0.0025,0.0057,3.06161699786838E-19));
#3288=CARTESIAN_POINT('',(-0.0025,0.00563333333333333,-0.00144337567297406));
#3289=CARTESIAN_POINT('',(-0.00125,0.00556666666666667,-0.00216506350946109));
#3290=CARTESIAN_POINT('',(-5.30287619362454E-19,0.0055,-0.00288675134594813));
#3291=CARTESIAN_POINT('',(0.00125,0.00543333333333333,-0.0021650635094611));
#3292=CARTESIAN_POINT('',(0.0025,0.00536666666666667,-0.00144337567297406));
#3293=CARTESIAN_POINT('',(0.0025,0.0053,-6.12323399573677E-19));
#3294=CARTESIAN_POINT('',(0.0025,0.00523333333333333,0.00144337567297406));
#3295=CARTESIAN_POINT('',(0.00125,0.00516666666666667,0.00216506350946109));
#3296=CARTESIAN_POINT('',(3.44776294744884E-18,0.0051,0.00288675134594813));
#3297=CARTESIAN_POINT('',(-0.00125,0.00503333333333333,0.0021650635094611));
#3298=CARTESIAN_POINT('',(-0.0025,0.00496666666666666,0.00144337567297406));
#3299=CARTESIAN_POINT('',(-0.0025,0.0049,9.18485099360515E-19));
#3300=CARTESIAN_POINT('',(-0.0025,0.00483333333333333,-0.00144337567297406));
#3301=CARTESIAN_POINT('',(-0.00125,0.00476666666666667,-0.00216506350946109));
#3302=CARTESIAN_POINT('',(-1.23733777851239E-18,0.0047,-0.00288675134594813));
#3303=CARTESIAN_POINT('',(0.00125,0.00463333333333333,-0.0021650635094611));
#3304=CARTESIAN_POINT('',(0.0025,0.00456666666666666,-0.00144337567297406));
#3305=CARTESIAN_POINT('',(0.0025,0.0045,-1.22464679914735E-18));
#3306=CARTESIAN_POINT('',(0.0025,0.00443333333333333,0.00144337567297406));
#3307=CARTESIAN_POINT('',(0.00125,0.00436666666666666,0.00216506350946109));
#3308=CARTESIAN_POINT('',(6.7187633551102E-18,0.0043,0.00288675134594813));
#3309=CARTESIAN_POINT('',(-0.00125,0.00423333333333334,0.0021650635094611));
#3310=CARTESIAN_POINT('',(-0.0025,0.00416666666666666,0.00144337567297406));
#3311=CARTESIAN_POINT('',(-0.0025,0.0041,5.97170059743482E-18));
#3312=CARTESIAN_POINT('',(-0.0025,0.00403333333333333,-0.00144337567297406));
#3313=CARTESIAN_POINT('',(-0.00125,0.00396666666666666,-0.00216506350946109));
#3314=CARTESIAN_POINT('',(-7.07228843468517E-18,0.0039,-0.00288675134594813));
#3315=CARTESIAN_POINT('',(0.00125,0.00383333333333333,-0.0021650635094611));
#3316=CARTESIAN_POINT('',(0.00249999999999999,0.00376666666666666,-0.00144337567297406));
#3317=CARTESIAN_POINT('',(0.0025,0.0037,-1.83697019872103E-18));
#3318=CARTESIAN_POINT('',(0.0025,0.00363333333333333,0.00144337567297406));
#3319=CARTESIAN_POINT('',(0.00125,0.00356666666666667,0.00216506350946109));
#3320=CARTESIAN_POINT('',(7.42581351426014E-18,0.0035,0.00288675134594813));
#3321=CARTESIAN_POINT('',(-0.00125,0.00343333333333334,0.0021650635094611));
#3322=CARTESIAN_POINT('',(-0.00249999999999999,0.00336666666666667,0.00144337567297406));
#3323=CARTESIAN_POINT('',(-0.0025,0.0033,2.14313189850787E-18));
#3324=CARTESIAN_POINT('',(-0.0025,0.00323333333333333,-0.00144337567297406));
#3325=CARTESIAN_POINT('',(-0.00125,0.00316666666666666,-0.00216506350946109));
#3326=CARTESIAN_POINT('',(-7.7793385938351E-18,0.0031,-0.00288675134594813));
#3327=CARTESIAN_POINT('',(0.00125,0.00303333333333333,-0.0021650635094611));
#3328=CARTESIAN_POINT('',(0.00249999999999999,0.00296666666666667,-0.00144337567297406));
#3329=CARTESIAN_POINT('',(0.0025,0.0029,-2.4492935982947E-18));
#3330=CARTESIAN_POINT('',(0.0025,0.00283333333333333,0.00144337567297406));
#3331=CARTESIAN_POINT('',(0.00125,0.00276666666666667,0.00216506350946109));
#3332=CARTESIAN_POINT('',(8.13286367341007E-18,0.0027,0.00288675134594813));
#3333=CARTESIAN_POINT('',(-0.00125,0.00263333333333333,0.0021650635094611));
#3334=CARTESIAN_POINT('',(-0.00249999999999999,0.00256666666666667,0.00144337567297406));
#3335=CARTESIAN_POINT('',(-0.0025,0.0025,1.16372394950828E-17));
#3336=CARTESIAN_POINT('',(-0.0025,0.00243333333333333,-0.00144337567297406));
#3337=CARTESIAN_POINT('',(-0.00125,0.00236666666666666,-0.00216506350946109));
#3338=CARTESIAN_POINT('',(-8.48638875298504E-18,0.0023,-0.00288675134594813));
#3339=CARTESIAN_POINT('',(0.00125,0.00223333333333333,-0.0021650635094611));
#3340=CARTESIAN_POINT('',(0.00249999999999999,0.00216666666666667,-0.00144337567297406));
#3341=CARTESIAN_POINT('',(0.0025,0.0021,-1.19434011948696E-17));
#3342=CARTESIAN_POINT('',(0.0025,0.00203333333333333,0.00144337567297406));
#3343=CARTESIAN_POINT('',(0.00125,0.00196666666666667,0.00216506350946109));
#3344=CARTESIAN_POINT('',(1.90957148266057E-17,0.0019,0.00288675134594813));
#3345=CARTESIAN_POINT('',(-0.00125,0.00183333333333333,0.0021650635094611));
#3346=CARTESIAN_POINT('',(-0.0025,0.00176666666666667,0.00144337567297406));
#3347=CARTESIAN_POINT('',(-0.0025,0.0017,1.22495628946565E-17));
#3348=CARTESIAN_POINT('',(-0.0025,0.00163333333333333,-0.00144337567297406));
#3349=CARTESIAN_POINT('',(-0.00125000000000001,0.00156666666666666,-0.00216506350946109));
#3350=CARTESIAN_POINT('',(-9.19343891213498E-18,0.0015,-0.00288675134594813));
#3351=CARTESIAN_POINT('',(0.00124999999999998,0.00143333333333333,-0.0021650635094611));
#3352=CARTESIAN_POINT('',(0.00249999999999999,0.00136666666666667,-0.00144337567297406));
#3353=CARTESIAN_POINT('',(0.0025,0.0013,-3.67394039744206E-18));
#3354=CARTESIAN_POINT('',(0.00250000000000001,0.00123333333333333,0.00144337567297405));
#3355=CARTESIAN_POINT('',(0.00125,0.00116666666666667,0.00216506350946109));
#3356=CARTESIAN_POINT('',(1.98027649857556E-17,0.0011,0.00288675134594813));
#3357=CARTESIAN_POINT('',(-0.00125,0.00103333333333333,0.0021650635094611));
#3358=CARTESIAN_POINT('',(-0.0025,0.000966666666666666,0.00144337567297406));
#3359=CARTESIAN_POINT('',(-0.0025,0.0009,1.28618862942301E-17));
#3360=CARTESIAN_POINT('',(-0.0025,0.000833333333333333,-0.00144337567297406));
#3361=CARTESIAN_POINT('',(-0.00125000000000001,0.000766666666666666,-0.00216506350946109));
#3362=CARTESIAN_POINT('',(-9.90048907128491E-18,0.0007,-0.00288675134594813));
#3363=CARTESIAN_POINT('',(0.00124999999999998,0.000633333333333333,-0.0021650635094611));
#3364=CARTESIAN_POINT('',(0.00249999999999999,0.000566666666666665,-0.00144337567297406));
#3365=CARTESIAN_POINT('',(0.0025,0.0005,-4.28626379701574E-18));
#3366=CARTESIAN_POINT('',(0.00250000000000001,0.000433333333333332,0.00144337567297405));
#3367=CARTESIAN_POINT('',(0.00125,0.000366666666666666,0.00216506350946109));
#3368=CARTESIAN_POINT('',(2.05098151449056E-17,0.000299999999999999,0.00288675134594813));
#3369=CARTESIAN_POINT('',(-0.00125,0.000233333333333333,0.0021650635094611));
#3370=CARTESIAN_POINT('',(-0.00249999999999999,0.000166666666666666,0.00144337567297408));
#3371=CARTESIAN_POINT('',(-0.0025,0.0001,1.34742096938038E-17));
#3372=CARTESIAN_POINT('',(-0.0025,3.33333333333322E-5,-0.00144337567297406));
#3373=CARTESIAN_POINT('',(-0.00125000000000001,-3.3333333333334E-5,-0.00216506350946109));
#3374=CARTESIAN_POINT('',(-1.06075392304349E-17,-0.000100000000000001,-0.00288675134594813));
#3375=CARTESIAN_POINT('',(0.00124999999999998,-0.000166666666666668,-0.0021650635094611));
#3376=CARTESIAN_POINT('',(0.00249999999999999,-0.000233333333333334,-0.00144337567297406));
#3377=CARTESIAN_POINT('',(0.0025,-0.0003,-4.89858719658941E-18));
#3378=CARTESIAN_POINT('',(0.00250000000000001,-0.000366666666666667,0.00144337567297405));
#3379=CARTESIAN_POINT('',(0.00125,-0.000433333333333334,0.00216506350946109));
#3380=CARTESIAN_POINT('',(2.12168653040555E-17,-0.000500000000000001,0.00288675134594813));
#3381=CARTESIAN_POINT('',(-0.00125,-0.000566666666666668,0.0021650635094611));
#3382=CARTESIAN_POINT('',(-0.00249999999999999,-0.000633333333333334,0.00144337567297409));
#3383=CARTESIAN_POINT('',(-0.0025,-0.0007,1.40865330933775E-17));
#3384=CARTESIAN_POINT('',(-0.0025,-0.000766666666666667,-0.00144337567297406));
#3385=CARTESIAN_POINT('',(-0.00125000000000001,-0.000833333333333334,-0.00216506350946109));
#3386=CARTESIAN_POINT('',(-1.13145893895848E-17,-0.0009,-0.00288675134594813));
#3387=CARTESIAN_POINT('',(0.00124999999999998,-0.000966666666666668,-0.0021650635094611));
#3388=CARTESIAN_POINT('',(0.00249999999999999,-0.00103333333333333,-0.00144337567297406));
#3389=CARTESIAN_POINT('',(0.0025,-0.0011,-2.32744789901656E-17));
#3390=CARTESIAN_POINT('',(0.,0.00225,0.));
#3391=CARTESIAN_POINT('',(0.0025,0.0054,0.));
#3392=CARTESIAN_POINT('',(0.0025,0.00533333333333334,0.00144337567297406));
#3393=CARTESIAN_POINT('',(0.00125,0.00526666666666667,0.00216506350946109));
#3394=CARTESIAN_POINT('',(1.76762539787484E-19,0.0052,0.00288675134594813));
#3395=CARTESIAN_POINT('',(-0.00125,0.00513333333333333,0.00216506350946109));
#3396=CARTESIAN_POINT('',(-0.0025,0.00506666666666666,0.00144337567297406));
#3397=CARTESIAN_POINT('',(-0.0025,0.005,3.06161699786838E-19));
#3398=CARTESIAN_POINT('',(-0.0025,0.00493333333333333,-0.00144337567297406));
#3399=CARTESIAN_POINT('',(-0.00125,0.00486666666666667,-0.00216506350946109));
#3400=CARTESIAN_POINT('',(-5.30287619362454E-19,0.0048,-0.00288675134594813));
#3401=CARTESIAN_POINT('',(0.00125,0.00473333333333333,-0.0021650635094611));
#3402=CARTESIAN_POINT('',(0.0025,0.00466666666666666,-0.00144337567297406));
#3403=CARTESIAN_POINT('',(0.0025,0.0046,-6.12323399573677E-19));
#3404=CARTESIAN_POINT('',(0.0025,0.00453333333333333,0.00144337567297406));
#3405=CARTESIAN_POINT('',(0.00125,0.00446666666666666,0.00216506350946109));
#3406=CARTESIAN_POINT('',(3.44776294744884E-18,0.0044,0.00288675134594813));
#3407=CARTESIAN_POINT('',(-0.00125,0.00433333333333334,0.0021650635094611));
#3408=CARTESIAN_POINT('',(-0.0025,0.00426666666666667,0.00144337567297406));
#3409=CARTESIAN_POINT('',(-0.0025,0.0042,9.18485099360515E-19));
#3410=CARTESIAN_POINT('',(-0.0025,0.00413333333333333,-0.00144337567297406));
#3411=CARTESIAN_POINT('',(-0.00125,0.00406666666666666,-0.00216506350946109));
#3412=CARTESIAN_POINT('',(-1.23733777851239E-18,0.004,-0.00288675134594813));
#3413=CARTESIAN_POINT('',(0.00125,0.00393333333333334,-0.0021650635094611));
#3414=CARTESIAN_POINT('',(0.0025,0.00386666666666667,-0.00144337567297406));
#3415=CARTESIAN_POINT('',(0.0025,0.0038,-1.22464679914735E-18));
#3416=CARTESIAN_POINT('',(0.0025,0.00373333333333333,0.00144337567297406));
#3417=CARTESIAN_POINT('',(0.00125,0.00366666666666666,0.00216506350946109));
#3418=CARTESIAN_POINT('',(6.7187633551102E-18,0.0036,0.00288675134594813));
#3419=CARTESIAN_POINT('',(-0.00125,0.00353333333333333,0.0021650635094611));
#3420=CARTESIAN_POINT('',(-0.0025,0.00346666666666667,0.00144337567297406));
#3421=CARTESIAN_POINT('',(-0.0025,0.0034,5.97170059743482E-18));
#3422=CARTESIAN_POINT('',(-0.0025,0.00333333333333333,-0.00144337567297406));
#3423=CARTESIAN_POINT('',(-0.00125,0.00326666666666667,-0.00216506350946109));
#3424=CARTESIAN_POINT('',(-7.07228843468517E-18,0.0032,-0.00288675134594813));
#3425=CARTESIAN_POINT('',(0.00125,0.00313333333333333,-0.0021650635094611));
#3426=CARTESIAN_POINT('',(0.00249999999999999,0.00306666666666667,-0.00144337567297406));
#3427=CARTESIAN_POINT('',(0.0025,0.003,-1.83697019872103E-18));
#3428=CARTESIAN_POINT('',(0.0025,0.00293333333333333,0.00144337567297406));
#3429=CARTESIAN_POINT('',(0.00125,0.00286666666666666,0.00216506350946109));
#3430=CARTESIAN_POINT('',(7.42581351426014E-18,0.0028,0.00288675134594813));
#3431=CARTESIAN_POINT('',(-0.00125,0.00273333333333334,0.0021650635094611));
#3432=CARTESIAN_POINT('',(-0.00249999999999999,0.00266666666666667,0.00144337567297406));
#3433=CARTESIAN_POINT('',(-0.0025,0.0026,2.14313189850787E-18));
#3434=CARTESIAN_POINT('',(-0.0025,0.00253333333333333,-0.00144337567297406));
#3435=CARTESIAN_POINT('',(-0.00125,0.00246666666666667,-0.00216506350946109));
#3436=CARTESIAN_POINT('',(-7.7793385938351E-18,0.0024,-0.00288675134594813));
#3437=CARTESIAN_POINT('',(0.00125,0.00233333333333333,-0.0021650635094611));
#3438=CARTESIAN_POINT('',(0.00249999999999999,0.00226666666666666,-0.00144337567297406));
#3439=CARTESIAN_POINT('',(0.0025,0.0022,-2.4492935982947E-18));
#3440=CARTESIAN_POINT('',(0.0025,0.00213333333333333,0.00144337567297406));
#3441=CARTESIAN_POINT('',(0.00125,0.00206666666666667,0.00216506350946109));
#3442=CARTESIAN_POINT('',(8.13286367341007E-18,0.002,0.00288675134594813));
#3443=CARTESIAN_POINT('',(-0.00125,0.00193333333333333,0.0021650635094611));
#3444=CARTESIAN_POINT('',(-0.00249999999999999,0.00186666666666666,0.00144337567297406));
#3445=CARTESIAN_POINT('',(-0.0025,0.0018,1.16372394950828E-17));
#3446=CARTESIAN_POINT('',(-0.0025,0.00173333333333333,-0.00144337567297406));
#3447=CARTESIAN_POINT('',(-0.00125,0.00166666666666667,-0.00216506350946109));
#3448=CARTESIAN_POINT('',(-8.48638875298504E-18,0.0016,-0.00288675134594813));
#3449=CARTESIAN_POINT('',(0.00125,0.00153333333333333,-0.0021650635094611));
#3450=CARTESIAN_POINT('',(0.00249999999999999,0.00146666666666667,-0.00144337567297406));
#3451=CARTESIAN_POINT('',(0.0025,0.0014,-1.19434011948696E-17));
#3452=CARTESIAN_POINT('',(0.0025,0.00133333333333333,0.00144337567297406));
#3453=CARTESIAN_POINT('',(0.00125,0.00126666666666667,0.00216506350946109));
#3454=CARTESIAN_POINT('',(1.90957148266057E-17,0.0012,0.00288675134594813));
#3455=CARTESIAN_POINT('',(-0.00125,0.00113333333333333,0.0021650635094611));
#3456=CARTESIAN_POINT('',(-0.0025,0.00106666666666667,0.00144337567297406));
#3457=CARTESIAN_POINT('',(-0.0025,0.001,1.22495628946565E-17));
#3458=CARTESIAN_POINT('',(-0.0025,0.000933333333333333,-0.00144337567297406));
#3459=CARTESIAN_POINT('',(-0.00125000000000001,0.000866666666666666,-0.00216506350946109));
#3460=CARTESIAN_POINT('',(-9.19343891213498E-18,0.0008,-0.00288675134594813));
#3461=CARTESIAN_POINT('',(0.00124999999999998,0.000733333333333332,-0.0021650635094611));
#3462=CARTESIAN_POINT('',(0.00249999999999999,0.000666666666666666,-0.00144337567297406));
#3463=CARTESIAN_POINT('',(0.0025,0.0006,-3.67394039744206E-18));
#3464=CARTESIAN_POINT('',(0.00250000000000001,0.000533333333333332,0.00144337567297405));
#3465=CARTESIAN_POINT('',(0.00125,0.000466666666666666,0.00216506350946109));
#3466=CARTESIAN_POINT('',(1.98027649857556E-17,0.000399999999999999,0.00288675134594813));
#3467=CARTESIAN_POINT('',(-0.00125,0.000333333333333332,0.0021650635094611));
#3468=CARTESIAN_POINT('',(-0.0025,0.000266666666666666,0.00144337567297406));
#3469=CARTESIAN_POINT('',(-0.0025,0.0002,1.28618862942301E-17));
#3470=CARTESIAN_POINT('',(-0.0025,0.000133333333333332,-0.00144337567297406));
#3471=CARTESIAN_POINT('',(-0.00125000000000001,6.66666666666654E-5,-0.00216506350946109));
#3472=CARTESIAN_POINT('',(-9.90048907128491E-18,-8.67361737988404E-19,-0.00288675134594813));
#3473=CARTESIAN_POINT('',(0.00124999999999998,-6.66666666666671E-5,-0.0021650635094611));
#3474=CARTESIAN_POINT('',(0.00249999999999999,-0.000133333333333334,-0.00144337567297406));
#3475=CARTESIAN_POINT('',(0.0025,-0.0002,-4.28626379701574E-18));
#3476=CARTESIAN_POINT('',(0.00250000000000001,-0.000266666666666667,0.00144337567297405));
#3477=CARTESIAN_POINT('',(0.00125,-0.000333333333333334,0.00216506350946109));
#3478=CARTESIAN_POINT('',(2.05098151449056E-17,-0.000400000000000001,0.00288675134594813));
#3479=CARTESIAN_POINT('',(-0.00125,-0.000466666666666667,0.0021650635094611));
#3480=CARTESIAN_POINT('',(-0.00249999999999999,-0.000533333333333335,0.00144337567297408));
#3481=CARTESIAN_POINT('',(-0.0025,-0.0006,1.34742096938038E-17));
#3482=CARTESIAN_POINT('',(-0.0025,-0.000666666666666668,-0.00144337567297406));
#3483=CARTESIAN_POINT('',(-0.00125000000000001,-0.000733333333333334,-0.00216506350946109));
#3484=CARTESIAN_POINT('',(-1.06075392304349E-17,-0.000800000000000001,-0.00288675134594813));
#3485=CARTESIAN_POINT('',(0.00124999999999998,-0.000866666666666668,-0.0021650635094611));
#3486=CARTESIAN_POINT('',(0.00249999999999999,-0.000933333333333334,-0.00144337567297406));
#3487=CARTESIAN_POINT('',(0.0025,-0.001,-4.89858719658941E-18));
#3488=CARTESIAN_POINT('',(0.00250000000000001,-0.00106666666666667,0.00144337567297405));
#3489=CARTESIAN_POINT('',(0.00125,-0.00113333333333333,0.00216506350946109));
#3490=CARTESIAN_POINT('',(2.12168653040555E-17,-0.0012,0.00288675134594813));
#3491=CARTESIAN_POINT('',(-0.00125,-0.00126666666666667,0.0021650635094611));
#3492=CARTESIAN_POINT('',(-0.00249999999999999,-0.00133333333333333,0.00144337567297409));
#3493=CARTESIAN_POINT('',(-0.0025,-0.0014,1.40865330933775E-17));
#3494=CARTESIAN_POINT('',(-0.0025,-0.00146666666666667,-0.00144337567297406));
#3495=CARTESIAN_POINT('',(-0.00125000000000001,-0.00153333333333333,-0.00216506350946109));
#3496=CARTESIAN_POINT('',(-1.13145893895848E-17,-0.0016,-0.00288675134594813));
#3497=CARTESIAN_POINT('',(0.00124999999999998,-0.00166666666666667,-0.0021650635094611));
#3498=CARTESIAN_POINT('',(0.00249999999999999,-0.00173333333333334,-0.00144337567297406));
#3499=CARTESIAN_POINT('',(0.0025,-0.0018,-2.32744789901656E-17));
#3500=CARTESIAN_POINT('',(0.0025,0.0061,0.));
#3501=CARTESIAN_POINT('',(0.0025,0.00603333333333333,0.00144337567297406));
#3502=CARTESIAN_POINT('',(0.00125,0.00596666666666667,0.00216506350946109));
#3503=CARTESIAN_POINT('',(1.76762539787484E-19,0.0059,0.00288675134594813));
#3504=CARTESIAN_POINT('',(-0.00125,0.00583333333333333,0.00216506350946109));
#3505=CARTESIAN_POINT('',(-0.0025,0.00576666666666666,0.00144337567297406));
#3506=CARTESIAN_POINT('',(-0.0025,0.0057,3.06161699786838E-19));
#3507=CARTESIAN_POINT('',(-0.0025,0.00563333333333333,-0.00144337567297406));
#3508=CARTESIAN_POINT('',(-0.00125,0.00556666666666667,-0.00216506350946109));
#3509=CARTESIAN_POINT('',(-5.30287619362454E-19,0.0055,-0.00288675134594813));
#3510=CARTESIAN_POINT('',(0.00125,0.00543333333333333,-0.0021650635094611));
#3511=CARTESIAN_POINT('',(0.0025,0.00536666666666667,-0.00144337567297406));
#3512=CARTESIAN_POINT('',(0.0025,0.0053,-6.12323399573677E-19));
#3513=CARTESIAN_POINT('',(0.0025,0.00523333333333333,0.00144337567297406));
#3514=CARTESIAN_POINT('',(0.00125,0.00516666666666667,0.00216506350946109));
#3515=CARTESIAN_POINT('',(3.44776294744884E-18,0.0051,0.00288675134594813));
#3516=CARTESIAN_POINT('',(-0.00125,0.00503333333333333,0.0021650635094611));
#3517=CARTESIAN_POINT('',(-0.0025,0.00496666666666666,0.00144337567297406));
#3518=CARTESIAN_POINT('',(-0.0025,0.0049,9.18485099360515E-19));
#3519=CARTESIAN_POINT('',(-0.0025,0.00483333333333333,-0.00144337567297406));
#3520=CARTESIAN_POINT('',(-0.00125,0.00476666666666667,-0.00216506350946109));
#3521=CARTESIAN_POINT('',(-1.23733777851239E-18,0.0047,-0.00288675134594813));
#3522=CARTESIAN_POINT('',(0.00125,0.00463333333333333,-0.0021650635094611));
#3523=CARTESIAN_POINT('',(0.0025,0.00456666666666666,-0.00144337567297406));
#3524=CARTESIAN_POINT('',(0.0025,0.0045,-1.22464679914735E-18));
#3525=CARTESIAN_POINT('',(0.0025,0.00443333333333333,0.00144337567297406));
#3526=CARTESIAN_POINT('',(0.00125,0.00436666666666666,0.00216506350946109));
#3527=CARTESIAN_POINT('',(6.7187633551102E-18,0.0043,0.00288675134594813));
#3528=CARTESIAN_POINT('',(-0.00125,0.00423333333333334,0.0021650635094611));
#3529=CARTESIAN_POINT('',(-0.0025,0.00416666666666666,0.00144337567297406));
#3530=CARTESIAN_POINT('',(-0.0025,0.0041,5.97170059743482E-18));
#3531=CARTESIAN_POINT('',(-0.0025,0.00403333333333333,-0.00144337567297406));
#3532=CARTESIAN_POINT('',(-0.00125,0.00396666666666666,-0.00216506350946109));
#3533=CARTESIAN_POINT('',(-7.07228843468517E-18,0.0039,-0.00288675134594813));
#3534=CARTESIAN_POINT('',(0.00125,0.00383333333333333,-0.0021650635094611));
#3535=CARTESIAN_POINT('',(0.00249999999999999,0.00376666666666666,-0.00144337567297406));
#3536=CARTESIAN_POINT('',(0.0025,0.0037,-1.83697019872103E-18));
#3537=CARTESIAN_POINT('',(0.0025,0.00363333333333333,0.00144337567297406));
#3538=CARTESIAN_POINT('',(0.00125,0.00356666666666667,0.00216506350946109));
#3539=CARTESIAN_POINT('',(7.42581351426014E-18,0.0035,0.00288675134594813));
#3540=CARTESIAN_POINT('',(-0.00125,0.00343333333333334,0.0021650635094611));
#3541=CARTESIAN_POINT('',(-0.00249999999999999,0.00336666666666667,0.00144337567297406));
#3542=CARTESIAN_POINT('',(-0.0025,0.0033,2.14313189850787E-18));
#3543=CARTESIAN_POINT('',(-0.0025,0.00323333333333333,-0.00144337567297406));
#3544=CARTESIAN_POINT('',(-0.00125,0.00316666666666666,-0.00216506350946109));
#3545=CARTESIAN_POINT('',(-7.7793385938351E-18,0.0031,-0.00288675134594813));
#3546=CARTESIAN_POINT('',(0.00125,0.00303333333333333,-0.0021650635094611));
#3547=CARTESIAN_POINT('',(0.00249999999999999,0.00296666666666667,-0.00144337567297406));
#3548=CARTESIAN_POINT('',(0.0025,0.0029,-2.4492935982947E-18));
#3549=CARTESIAN_POINT('',(0.0025,0.00283333333333333,0.00144337567297406));
#3550=CARTESIAN_POINT('',(0.00125,0.00276666666666667,0.00216506350946109));
#3551=CARTESIAN_POINT('',(8.13286367341007E-18,0.0027,0.00288675134594813));
#3552=CARTESIAN_POINT('',(-0.00125,0.00263333333333333,0.0021650635094611));
#3553=CARTESIAN_POINT('',(-0.00249999999999999,0.00256666666666667,0.00144337567297406));
#3554=CARTESIAN_POINT('',(-0.0025,0.0025,1.16372394950828E-17));
#3555=CARTESIAN_POINT('',(-0.0025,0.00243333333333333,-0.00144337567297406));
#3556=CARTESIAN_POINT('',(-0.00125,0.00236666666666666,-0.00216506350946109));
#3557=CARTESIAN_POINT('',(-8.48638875298504E-18,0.0023,-0.00288675134594813));
#3558=CARTESIAN_POINT('',(0.00125,0.00223333333333333,-0.0021650635094611));
#3559=CARTESIAN_POINT('',(0.00249999999999999,0.00216666666666667,-0.00144337567297406));
#3560=CARTESIAN_POINT('',(0.0025,0.0021,-1.19434011948696E-17));
#3561=CARTESIAN_POINT('',(0.0025,0.00203333333333333,0.00144337567297406));
#3562=CARTESIAN_POINT('',(0.00125,0.00196666666666667,0.00216506350946109));
#3563=CARTESIAN_POINT('',(1.90957148266057E-17,0.0019,0.00288675134594813));
#3564=CARTESIAN_POINT('',(-0.00125,0.00183333333333333,0.0021650635094611));
#3565=CARTESIAN_POINT('',(-0.0025,0.00176666666666667,0.00144337567297406));
#3566=CARTESIAN_POINT('',(-0.0025,0.0017,1.22495628946565E-17));
#3567=CARTESIAN_POINT('',(-0.0025,0.00163333333333333,-0.00144337567297406));
#3568=CARTESIAN_POINT('',(-0.00125000000000001,0.00156666666666666,-0.00216506350946109));
#3569=CARTESIAN_POINT('',(-9.19343891213498E-18,0.0015,-0.00288675134594813));
#3570=CARTESIAN_POINT('',(0.00124999999999998,0.00143333333333333,-0.0021650635094611));
#3571=CARTESIAN_POINT('',(0.00249999999999999,0.00136666666666667,-0.00144337567297406));
#3572=CARTESIAN_POINT('',(0.0025,0.0013,-3.67394039744206E-18));
#3573=CARTESIAN_POINT('',(0.00250000000000001,0.00123333333333333,0.00144337567297405));
#3574=CARTESIAN_POINT('',(0.00125,0.00116666666666667,0.00216506350946109));
#3575=CARTESIAN_POINT('',(1.98027649857556E-17,0.0011,0.00288675134594813));
#3576=CARTESIAN_POINT('',(-0.00125,0.00103333333333333,0.0021650635094611));
#3577=CARTESIAN_POINT('',(-0.0025,0.000966666666666666,0.00144337567297406));
#3578=CARTESIAN_POINT('',(-0.0025,0.0009,1.28618862942301E-17));
#3579=CARTESIAN_POINT('',(-0.0025,0.000833333333333333,-0.00144337567297406));
#3580=CARTESIAN_POINT('',(-0.00125000000000001,0.000766666666666666,-0.00216506350946109));
#3581=CARTESIAN_POINT('',(-9.90048907128491E-18,0.0007,-0.00288675134594813));
#3582=CARTESIAN_POINT('',(0.00124999999999998,0.000633333333333333,-0.0021650635094611));
#3583=CARTESIAN_POINT('',(0.00249999999999999,0.000566666666666665,-0.00144337567297406));
#3584=CARTESIAN_POINT('',(0.0025,0.0005,-4.28626379701574E-18));
#3585=CARTESIAN_POINT('',(0.00250000000000001,0.000433333333333332,0.00144337567297405));
#3586=CARTESIAN_POINT('',(0.00125,0.000366666666666666,0.00216506350946109));
#3587=CARTESIAN_POINT('',(2.05098151449056E-17,0.000299999999999999,0.00288675134594813));
#3588=CARTESIAN_POINT('',(-0.00125,0.000233333333333333,0.0021650635094611));
#3589=CARTESIAN_POINT('',(-0.00249999999999999,0.000166666666666666,0.00144337567297408));
#3590=CARTESIAN_POINT('',(-0.0025,0.0001,1.34742096938038E-17));
#3591=CARTESIAN_POINT('',(-0.0025,3.33333333333322E-5,-0.00144337567297406));
#3592=CARTESIAN_POINT('',(-0.00125000000000001,-3.3333333333334E-5,-0.00216506350946109));
#3593=CARTESIAN_POINT('',(-1.06075392304349E-17,-0.000100000000000001,-0.00288675134594813));
#3594=CARTESIAN_POINT('',(0.00124999999999998,-0.000166666666666668,-0.0021650635094611));
#3595=CARTESIAN_POINT('',(0.00249999999999999,-0.000233333333333334,-0.00144337567297406));
#3596=CARTESIAN_POINT('',(0.0025,-0.0003,-4.89858719658941E-18));
#3597=CARTESIAN_POINT('',(0.00250000000000001,-0.000366666666666667,0.00144337567297405));
#3598=CARTESIAN_POINT('',(0.00125,-0.000433333333333334,0.00216506350946109));
#3599=CARTESIAN_POINT('',(2.12168653040555E-17,-0.000500000000000001,0.00288675134594813));
#3600=CARTESIAN_POINT('',(-0.00125,-0.000566666666666668,0.0021650635094611));
#3601=CARTESIAN_POINT('',(-0.00249999999999999,-0.000633333333333334,0.00144337567297409));
#3602=CARTESIAN_POINT('',(-0.0025,-0.0007,1.40865330933775E-17));
#3603=CARTESIAN_POINT('',(-0.0025,-0.000766666666666667,-0.00144337567297406));
#3604=CARTESIAN_POINT('',(-0.00125000000000001,-0.000833333333333334,-0.00216506350946109));
#3605=CARTESIAN_POINT('',(-1.13145893895848E-17,-0.0009,-0.00288675134594813));
#3606=CARTESIAN_POINT('',(0.00124999999999998,-0.000966666666666668,-0.0021650635094611));
#3607=CARTESIAN_POINT('',(0.00249999999999999,-0.00103333333333333,-0.00144337567297406));
#3608=CARTESIAN_POINT('',(0.0025,-0.0011,-2.32744789901656E-17));
#3609=CARTESIAN_POINT('',(0.,0.00225,0.));
#3610=CARTESIAN_POINT('',(0.0025,0.0054,0.));
#3611=CARTESIAN_POINT('',(0.0025,0.00533333333333334,0.00144337567297406));
#3612=CARTESIAN_POINT('',(0.00125,0.00526666666666667,0.00216506350946109));
#3613=CARTESIAN_POINT('',(1.76762539787484E-19,0.0052,0.00288675134594813));
#3614=CARTESIAN_POINT('',(-0.00125,0.00513333333333333,0.00216506350946109));
#3615=CARTESIAN_POINT('',(-0.0025,0.00506666666666666,0.00144337567297406));
#3616=CARTESIAN_POINT('',(-0.0025,0.005,3.06161699786838E-19));
#3617=CARTESIAN_POINT('',(-0.0025,0.00493333333333333,-0.00144337567297406));
#3618=CARTESIAN_POINT('',(-0.00125,0.00486666666666667,-0.00216506350946109));
#3619=CARTESIAN_POINT('',(-5.30287619362454E-19,0.0048,-0.00288675134594813));
#3620=CARTESIAN_POINT('',(0.00125,0.00473333333333333,-0.0021650635094611));
#3621=CARTESIAN_POINT('',(0.0025,0.00466666666666666,-0.00144337567297406));
#3622=CARTESIAN_POINT('',(0.0025,0.0046,-6.12323399573677E-19));
#3623=CARTESIAN_POINT('',(0.0025,0.00453333333333333,0.00144337567297406));
#3624=CARTESIAN_POINT('',(0.00125,0.00446666666666666,0.00216506350946109));
#3625=CARTESIAN_POINT('',(3.44776294744884E-18,0.0044,0.00288675134594813));
#3626=CARTESIAN_POINT('',(-0.00125,0.00433333333333334,0.0021650635094611));
#3627=CARTESIAN_POINT('',(-0.0025,0.00426666666666667,0.00144337567297406));
#3628=CARTESIAN_POINT('',(-0.0025,0.0042,9.18485099360515E-19));
#3629=CARTESIAN_POINT('',(-0.0025,0.00413333333333333,-0.00144337567297406));
#3630=CARTESIAN_POINT('',(-0.00125,0.00406666666666666,-0.00216506350946109));
#3631=CARTESIAN_POINT('',(-1.23733777851239E-18,0.004,-0.00288675134594813));
#3632=CARTESIAN_POINT('',(0.00125,0.00393333333333334,-0.0021650635094611));
#3633=CARTESIAN_POINT('',(0.0025,0.00386666666666667,-0.00144337567297406));
#3634=CARTESIAN_POINT('',(0.0025,0.0038,-1.22464679914735E-18));
#3635=CARTESIAN_POINT('',(0.0025,0.00373333333333333,0.00144337567297406));
#3636=CARTESIAN_POINT('',(0.00125,0.00366666666666666,0.00216506350946109));
#3637=CARTESIAN_POINT('',(6.7187633551102E-18,0.0036,0.00288675134594813));
#3638=CARTESIAN_POINT('',(-0.00125,0.00353333333333333,0.0021650635094611));
#3639=CARTESIAN_POINT('',(-0.0025,0.00346666666666667,0.00144337567297406));
#3640=CARTESIAN_POINT('',(-0.0025,0.0034,5.97170059743482E-18));
#3641=CARTESIAN_POINT('',(-0.0025,0.00333333333333333,-0.00144337567297406));
#3642=CARTESIAN_POINT('',(-0.00125,0.00326666666666667,-0.00216506350946109));
#3643=CARTESIAN_POINT('',(-7.07228843468517E-18,0.0032,-0.00288675134594813));
#3644=CARTESIAN_POINT('',(0.00125,0.00313333333333333,-0.0021650635094611));
#3645=CARTESIAN_POINT('',(0.00249999999999999,0.00306666666666667,-0.00144337567297406));
#3646=CARTESIAN_POINT('',(0.0025,0.003,-1.83697019872103E-18));
#3647=CARTESIAN_POINT('',(0.0025,0.00293333333333333,0.00144337567297406));
#3648=CARTESIAN_POINT('',(0.00125,0.00286666666666666,0.00216506350946109));
#3649=CARTESIAN_POINT('',(7.42581351426014E-18,0.0028,0.00288675134594813));
#3650=CARTESIAN_POINT('',(-0.00125,0.00273333333333334,0.0021650635094611));
#3651=CARTESIAN_POINT('',(-0.00249999999999999,0.00266666666666667,0.00144337567297406));
#3652=CARTESIAN_POINT('',(-0.0025,0.0026,2.14313189850787E-18));
#3653=CARTESIAN_POINT('',(-0.0025,0.00253333333333333,-0.00144337567297406));
#3654=CARTESIAN_POINT('',(-0.00125,0.00246666666666667,-0.00216506350946109));
#3655=CARTESIAN_POINT('',(-7.7793385938351E-18,0.0024,-0.00288675134594813));
#3656=CARTESIAN_POINT('',(0.00125,0.00233333333333333,-0.0021650635094611));
#3657=CARTESIAN_POINT('',(0.00249999999999999,0.00226666666666666,-0.00144337567297406));
#3658=CARTESIAN_POINT('',(0.0025,0.0022,-2.4492935982947E-18));
#3659=CARTESIAN_POINT('',(0.0025,0.00213333333333333,0.00144337567297406));
#3660=CARTESIAN_POINT('',(0.00125,0.00206666666666667,0.00216506350946109));
#3661=CARTESIAN_POINT('',(8.13286367341007E-18,0.002,0.00288675134594813));
#3662=CARTESIAN_POINT('',(-0.00125,0.00193333333333333,0.0021650635094611));
#3663=CARTESIAN_POINT('',(-0.00249999999999999,0.00186666666666666,0.00144337567297406));
#3664=CARTESIAN_POINT('',(-0.0025,0.0018,1.16372394950828E-17));
#3665=CARTESIAN_POINT('',(-0.0025,0.00173333333333333,-0.00144337567297406));
#3666=CARTESIAN_POINT('',(-0.00125,0.00166666666666667,-0.00216506350946109));
#3667=CARTESIAN_POINT('',(-8.48638875298504E-18,0.0016,-0.00288675134594813));
#3668=CARTESIAN_POINT('',(0.00125,0.00153333333333333,-0.0021650635094611));
#3669=CARTESIAN_POINT('',(0.00249999999999999,0.00146666666666667,-0.00144337567297406));
#3670=CARTESIAN_POINT('',(0.0025,0.0014,-1.19434011948696E-17));
#3671=CARTESIAN_POINT('',(0.0025,0.00133333333333333,0.00144337567297406));
#3672=CARTESIAN_POINT('',(0.00125,0.00126666666666667,0.00216506350946109));
#3673=CARTESIAN_POINT('',(1.90957148266057E-17,0.0012,0.00288675134594813));
#3674=CARTESIAN_POINT('',(-0.00125,0.00113333333333333,0.0021650635094611));
#3675=CARTESIAN_POINT('',(-0.0025,0.00106666666666667,0.00144337567297406));
#3676=CARTESIAN_POINT('',(-0.0025,0.001,1.22495628946565E-17));
#3677=CARTESIAN_POINT('',(-0.0025,0.000933333333333333,-0.00144337567297406));
#3678=CARTESIAN_POINT('',(-0.00125000000000001,0.000866666666666666,-0.00216506350946109));
#3679=CARTESIAN_POINT('',(-9.19343891213498E-18,0.0008,-0.00288675134594813));
#3680=CARTESIAN_POINT('',(0.00124999999999998,0.000733333333333332,-0.0021650635094611));
#3681=CARTESIAN_POINT('',(0.00249999999999999,0.000666666666666666,-0.00144337567297406));
#3682=CARTESIAN_POINT('',(0.0025,0.0006,-3.67394039744206E-18));
#3683=CARTESIAN_POINT('',(0.00250000000000001,0.000533333333333332,0.00144337567297405));
#3684=CARTESIAN_POINT('',(0.00125,0.000466666666666666,0.00216506350946109));
#3685=CARTESIAN_POINT('',(1.98027649857556E-17,0.000399999999999999,0.00288675134594813));
#3686=CARTESIAN_POINT('',(-0.00125,0.000333333333333332,0.0021650635094611));
#3687=CARTESIAN_POINT('',(-0.0025,0.000266666666666666,0.00144337567297406));
#3688=CARTESIAN_POINT('',(-0.0025,0.0002,1.28618862942301E-17));
#3689=CARTESIAN_POINT('',(-0.0025,0.000133333333333332,-0.00144337567297406));
#3690=CARTESIAN_POINT('',(-0.00125000000000001,6.66666666666654E-5,-0.00216506350946109));
#3691=CARTESIAN_POINT('',(-9.90048907128491E-18,-8.67361737988404E-19,-0.00288675134594813));
#3692=CARTESIAN_POINT('',(0.00124999999999998,-6.66666666666671E-5,-0.0021650635094611));
#3693=CARTESIAN_POINT('',(0.00249999999999999,-0.000133333333333334,-0.00144337567297406));
#3694=CARTESIAN_POINT('',(0.0025,-0.0002,-4.28626379701574E-18));
#3695=CARTESIAN_POINT('',(0.00250000000000001,-0.000266666666666667,0.00144337567297405));
#3696=CARTESIAN_POINT('',(0.00125,-0.000333333333333334,0.00216506350946109));
#3697=CARTESIAN_POINT('',(2.05098151449056E-17,-0.000400000000000001,0.00288675134594813));
#3698=CARTESIAN_POINT('',(-0.00125,-0.000466666666666667,0.0021650635094611));
#3699=CARTESIAN_POINT('',(-0.00249999999999999,-0.000533333333333335,0.00144337567297408));
#3700=CARTESIAN_POINT('',(-0.0025,-0.0006,1.34742096938038E-17));
#3701=CARTESIAN_POINT('',(-0.0025,-0.000666666666666668,-0.00144337567297406));
#3702=CARTESIAN_POINT('',(-0.00125000000000001,-0.000733333333333334,-0.00216506350946109));
#3703=CARTESIAN_POINT('',(-1.06075392304349E-17,-0.000800000000000001,-0.00288675134594813));
#3704=CARTESIAN_POINT('',(0.00124999999999998,-0.000866666666666668,-0.0021650635094611));
#3705=CARTESIAN_POINT('',(0.00249999999999999,-0.000933333333333334,-0.00144337567297406));
#3706=CARTESIAN_POINT('',(0.0025,-0.001,-4.89858719658941E-18));
#3707=CARTESIAN_POINT('',(0.00250000000000001,-0.00106666666666667,0.00144337567297405));
#3708=CARTESIAN_POINT('',(0.00125,-0.00113333333333333,0.00216506350946109));
#3709=CARTESIAN_POINT('',(2.12168653040555E-17,-0.0012,0.00288675134594813));
#3710=CARTESIAN_POINT('',(-0.00125,-0.00126666666666667,0.0021650635094611));
#3711=CARTESIAN_POINT('',(-0.00249999999999999,-0.00133333333333333,0.00144337567297409));
#3712=CARTESIAN_POINT('',(-0.0025,-0.0014,1.40865330933775E-17));
#3713=CARTESIAN_POINT('',(-0.0025,-0.00146666666666667,-0.00144337567297406));
#3714=CARTESIAN_POINT('',(-0.00125000000000001,-0.00153333333333333,-0.00216506350946109));
#3715=CARTESIAN_POINT('',(-1.13145893895848E-17,-0.0016,-0.00288675134594813));
#3716=CARTESIAN_POINT('',(0.00124999999999998,-0.00166666666666667,-0.0021650635094611));
#3717=CARTESIAN_POINT('',(0.00249999999999999,-0.00173333333333334,-0.00144337567297406));
#3718=CARTESIAN_POINT('',(0.0025,-0.0018,-2.32744789901656E-17));
#3719=CARTESIAN_POINT('',(0.0025,0.0061,0.));
#3720=CARTESIAN_POINT('',(0.0025,0.00603333333333333,0.00144337567297406));
#3721=CARTESIAN_POINT('',(0.00125,0.00596666666666667,0.00216506350946109));
#3722=CARTESIAN_POINT('',(1.76762539787484E-19,0.0059,0.00288675134594813));
#3723=CARTESIAN_POINT('',(-0.00125,0.00583333333333333,0.00216506350946109));
#3724=CARTESIAN_POINT('',(-0.0025,0.00576666666666666,0.00144337567297406));
#3725=CARTESIAN_POINT('',(-0.0025,0.0057,3.06161699786838E-19));
#3726=CARTESIAN_POINT('',(-0.0025,0.00563333333333333,-0.00144337567297406));
#3727=CARTESIAN_POINT('',(-0.00125,0.00556666666666667,-0.00216506350946109));
#3728=CARTESIAN_POINT('',(-5.30287619362454E-19,0.0055,-0.00288675134594813));
#3729=CARTESIAN_POINT('',(0.00125,0.00543333333333333,-0.0021650635094611));
#3730=CARTESIAN_POINT('',(0.0025,0.00536666666666667,-0.00144337567297406));
#3731=CARTESIAN_POINT('',(0.0025,0.0053,-6.12323399573677E-19));
#3732=CARTESIAN_POINT('',(0.0025,0.00523333333333333,0.00144337567297406));
#3733=CARTESIAN_POINT('',(0.00125,0.00516666666666667,0.00216506350946109));
#3734=CARTESIAN_POINT('',(3.44776294744884E-18,0.0051,0.00288675134594813));
#3735=CARTESIAN_POINT('',(-0.00125,0.00503333333333333,0.0021650635094611));
#3736=CARTESIAN_POINT('',(-0.0025,0.00496666666666666,0.00144337567297406));
#3737=CARTESIAN_POINT('',(-0.0025,0.0049,9.18485099360515E-19));
#3738=CARTESIAN_POINT('',(-0.0025,0.00483333333333333,-0.00144337567297406));
#3739=CARTESIAN_POINT('',(-0.00125,0.00476666666666667,-0.00216506350946109));
#3740=CARTESIAN_POINT('',(-1.23733777851239E-18,0.0047,-0.00288675134594813));
#3741=CARTESIAN_POINT('',(0.00125,0.00463333333333333,-0.0021650635094611));
#3742=CARTESIAN_POINT('',(0.0025,0.00456666666666666,-0.00144337567297406));
#3743=CARTESIAN_POINT('',(0.0025,0.0045,-1.22464679914735E-18));
#3744=CARTESIAN_POINT('',(0.0025,0.00443333333333333,0.00144337567297406));
#3745=CARTESIAN_POINT('',(0.00125,0.00436666666666666,0.00216506350946109));
#3746=CARTESIAN_POINT('',(6.7187633551102E-18,0.0043,0.00288675134594813));
#3747=CARTESIAN_POINT('',(-0.00125,0.00423333333333334,0.0021650635094611));
#3748=CARTESIAN_POINT('',(-0.0025,0.00416666666666666,0.00144337567297406));
#3749=CARTESIAN_POINT('',(-0.0025,0.0041,5.97170059743482E-18));
#3750=CARTESIAN_POINT('',(-0.0025,0.00403333333333333,-0.00144337567297406));
#3751=CARTESIAN_POINT('',(-0.00125,0.00396666666666666,-0.00216506350946109));
#3752=CARTESIAN_POINT('',(-7.07228843468517E-18,0.0039,-0.00288675134594813));
#3753=CARTESIAN_POINT('',(0.00125,0.00383333333333333,-0.0021650635094611));
#3754=CARTESIAN_POINT('',(0.00249999999999999,0.00376666666666666,-0.00144337567297406));
#3755=CARTESIAN_POINT('',(0.0025,0.0037,-1.83697019872103E-18));
#3756=CARTESIAN_POINT('',(0.0025,0.00363333333333333,0.00144337567297406));
#3757=CARTESIAN_POINT('',(0.00125,0.00356666666666667,0.00216506350946109));
#3758=CARTESIAN_POINT('',(7.42581351426014E-18,0.0035,0.00288675134594813));
#3759=CARTESIAN_POINT('',(-0.00125,0.00343333333333334,0.0021650635094611));
#3760=CARTESIAN_POINT('',(-0.00249999999999999,0.00336666666666667,0.00144337567297406));
#3761=CARTESIAN_POINT('',(-0.0025,0.0033,2.14313189850787E-18));
#3762=CARTESIAN_POINT('',(-0.0025,0.00323333333333333,-0.00144337567297406));
#3763=CARTESIAN_POINT('',(-0.00125,0.00316666666666666,-0.00216506350946109));
#3764=CARTESIAN_POINT('',(-7.7793385938351E-18,0.0031,-0.00288675134594813));
#3765=CARTESIAN_POINT('',(0.00125,0.00303333333333333,-0.0021650635094611));
#3766=CARTESIAN_POINT('',(0.00249999999999999,0.00296666666666667,-0.00144337567297406));
#3767=CARTESIAN_POINT('',(0.0025,0.0029,-2.4492935982947E-18));
#3768=CARTESIAN_POINT('',(0.0025,0.00283333333333333,0.00144337567297406));
#3769=CARTESIAN_POINT('',(0.00125,0.00276666666666667,0.00216506350946109));
#3770=CARTESIAN_POINT('',(8.13286367341007E-18,0.0027,0.00288675134594813));
#3771=CARTESIAN_POINT('',(-0.00125,0.00263333333333333,0.0021650635094611));
#3772=CARTESIAN_POINT('',(-0.00249999999999999,0.00256666666666667,0.00144337567297406));
#3773=CARTESIAN_POINT('',(-0.0025,0.0025,1.16372394950828E-17));
#3774=CARTESIAN_POINT('',(-0.0025,0.00243333333333333,-0.00144337567297406));
#3775=CARTESIAN_POINT('',(-0.00125,0.00236666666666666,-0.00216506350946109));
#3776=CARTESIAN_POINT('',(-8.48638875298504E-18,0.0023,-0.00288675134594813));
#3777=CARTESIAN_POINT('',(0.00125,0.00223333333333333,-0.0021650635094611));
#3778=CARTESIAN_POINT('',(0.00249999999999999,0.00216666666666667,-0.00144337567297406));
#3779=CARTESIAN_POINT('',(0.0025,0.0021,-1.19434011948696E-17));
#3780=CARTESIAN_POINT('',(0.0025,0.00203333333333333,0.00144337567297406));
#3781=CARTESIAN_POINT('',(0.00125,0.00196666666666667,0.00216506350946109));
#3782=CARTESIAN_POINT('',(1.90957148266057E-17,0.0019,0.00288675134594813));
#3783=CARTESIAN_POINT('',(-0.00125,0.00183333333333333,0.0021650635094611));
#3784=CARTESIAN_POINT('',(-0.0025,0.00176666666666667,0.00144337567297406));
#3785=CARTESIAN_POINT('',(-0.0025,0.0017,1.22495628946565E-17));
#3786=CARTESIAN_POINT('',(-0.0025,0.00163333333333333,-0.00144337567297406));
#3787=CARTESIAN_POINT('',(-0.00125000000000001,0.00156666666666666,-0.00216506350946109));
#3788=CARTESIAN_POINT('',(-9.19343891213498E-18,0.0015,-0.00288675134594813));
#3789=CARTESIAN_POINT('',(0.00124999999999998,0.00143333333333333,-0.0021650635094611));
#3790=CARTESIAN_POINT('',(0.00249999999999999,0.00136666666666667,-0.00144337567297406));
#3791=CARTESIAN_POINT('',(0.0025,0.0013,-3.67394039744206E-18));
#3792=CARTESIAN_POINT('',(0.00250000000000001,0.00123333333333333,0.00144337567297405));
#3793=CARTESIAN_POINT('',(0.00125,0.00116666666666667,0.00216506350946109));
#3794=CARTESIAN_POINT('',(1.98027649857556E-17,0.0011,0.00288675134594813));
#3795=CARTESIAN_POINT('',(-0.00125,0.00103333333333333,0.0021650635094611));
#3796=CARTESIAN_POINT('',(-0.0025,0.000966666666666666,0.00144337567297406));
#3797=CARTESIAN_POINT('',(-0.0025,0.0009,1.28618862942301E-17));
#3798=CARTESIAN_POINT('',(-0.0025,0.000833333333333333,-0.00144337567297406));
#3799=CARTESIAN_POINT('',(-0.00125000000000001,0.000766666666666666,-0.00216506350946109));
#3800=CARTESIAN_POINT('',(-9.90048907128491E-18,0.0007,-0.00288675134594813));
#3801=CARTESIAN_POINT('',(0.00124999999999998,0.000633333333333333,-0.0021650635094611));
#3802=CARTESIAN_POINT('',(0.00249999999999999,0.000566666666666665,-0.00144337567297406));
#3803=CARTESIAN_POINT('',(0.0025,0.0005,-4.28626379701574E-18));
#3804=CARTESIAN_POINT('',(0.00250000000000001,0.000433333333333332,0.00144337567297405));
#3805=CARTESIAN_POINT('',(0.00125,0.000366666666666666,0.00216506350946109));
#3806=CARTESIAN_POINT('',(2.05098151449056E-17,0.000299999999999999,0.00288675134594813));
#3807=CARTESIAN_POINT('',(-0.00125,0.000233333333333333,0.0021650635094611));
#3808=CARTESIAN_POINT('',(-0.00249999999999999,0.000166666666666666,0.00144337567297408));
#3809=CARTESIAN_POINT('',(-0.0025,0.0001,1.34742096938038E-17));
#3810=CARTESIAN_POINT('',(-0.0025,3.33333333333322E-5,-0.00144337567297406));
#3811=CARTESIAN_POINT('',(-0.00125000000000001,-3.3333333333334E-5,-0.00216506350946109));
#3812=CARTESIAN_POINT('',(-1.06075392304349E-17,-0.000100000000000001,-0.00288675134594813));
#3813=CARTESIAN_POINT('',(0.00124999999999998,-0.000166666666666668,-0.0021650635094611));
#3814=CARTESIAN_POINT('',(0.00249999999999999,-0.000233333333333334,-0.00144337567297406));
#3815=CARTESIAN_POINT('',(0.0025,-0.0003,-4.89858719658941E-18));
#3816=CARTESIAN_POINT('',(0.00250000000000001,-0.000366666666666667,0.00144337567297405));
#3817=CARTESIAN_POINT('',(0.00125,-0.000433333333333334,0.00216506350946109));
#3818=CARTESIAN_POINT('',(2.12168653040555E-17,-0.000500000000000001,0.00288675134594813));
#3819=CARTESIAN_POINT('',(-0.00125,-0.000566666666666668,0.0021650635094611));
#3820=CARTESIAN_POINT('',(-0.00249999999999999,-0.000633333333333334,0.00144337567297409));
#3821=CARTESIAN_POINT('',(-0.0025,-0.0007,1.40865330933775E-17));
#3822=CARTESIAN_POINT('',(-0.0025,-0.000766666666666667,-0.00144337567297406));
#3823=CARTESIAN_POINT('',(-0.00125000000000001,-0.000833333333333334,-0.00216506350946109));
#3824=CARTESIAN_POINT('',(-1.13145893895848E-17,-0.0009,-0.00288675134594813));
#3825=CARTESIAN_POINT('',(0.00124999999999998,-0.000966666666666668,-0.0021650635094611));
#3826=CARTESIAN_POINT('',(0.00249999999999999,-0.00103333333333333,-0.00144337567297406));
#3827=CARTESIAN_POINT('',(0.0025,-0.0011,-2.32744789901656E-17));
#3828=CARTESIAN_POINT('',(0.,0.00225,0.));
#3829=CARTESIAN_POINT('',(0.0025,0.0054,0.));
#3830=CARTESIAN_POINT('',(0.0025,0.00533333333333334,0.00144337567297406));
#3831=CARTESIAN_POINT('',(0.00125,0.00526666666666667,0.00216506350946109));
#3832=CARTESIAN_POINT('',(1.76762539787484E-19,0.0052,0.00288675134594813));
#3833=CARTESIAN_POINT('',(-0.00125,0.00513333333333333,0.00216506350946109));
#3834=CARTESIAN_POINT('',(-0.0025,0.00506666666666666,0.00144337567297406));
#3835=CARTESIAN_POINT('',(-0.0025,0.005,3.06161699786838E-19));
#3836=CARTESIAN_POINT('',(-0.0025,0.00493333333333333,-0.00144337567297406));
#3837=CARTESIAN_POINT('',(-0.00125,0.00486666666666667,-0.00216506350946109));
#3838=CARTESIAN_POINT('',(-5.30287619362454E-19,0.0048,-0.00288675134594813));
#3839=CARTESIAN_POINT('',(0.00125,0.00473333333333333,-0.0021650635094611));
#3840=CARTESIAN_POINT('',(0.0025,0.00466666666666666,-0.00144337567297406));
#3841=CARTESIAN_POINT('',(0.0025,0.0046,-6.12323399573677E-19));
#3842=CARTESIAN_POINT('',(0.0025,0.00453333333333333,0.00144337567297406));
#3843=CARTESIAN_POINT('',(0.00125,0.00446666666666666,0.00216506350946109));
#3844=CARTESIAN_POINT('',(3.44776294744884E-18,0.0044,0.00288675134594813));
#3845=CARTESIAN_POINT('',(-0.00125,0.00433333333333334,0.0021650635094611));
#3846=CARTESIAN_POINT('',(-0.0025,0.00426666666666667,0.00144337567297406));
#3847=CARTESIAN_POINT('',(-0.0025,0.0042,9.18485099360515E-19));
#3848=CARTESIAN_POINT('',(-0.0025,0.00413333333333333,-0.00144337567297406));
#3849=CARTESIAN_POINT('',(-0.00125,0.00406666666666666,-0.00216506350946109));
#3850=CARTESIAN_POINT('',(-1.23733777851239E-18,0.004,-0.00288675134594813));
#3851=CARTESIAN_POINT('',(0.00125,0.00393333333333334,-0.0021650635094611));
#3852=CARTESIAN_POINT('',(0.0025,0.00386666666666667,-0.00144337567297406));
#3853=CARTESIAN_POINT('',(0.0025,0.0038,-1.22464679914735E-18));
#3854=CARTESIAN_POINT('',(0.0025,0.00373333333333333,0.00144337567297406));
#3855=CARTESIAN_POINT('',(0.00125,0.00366666666666666,0.00216506350946109));
#3856=CARTESIAN_POINT('',(6.7187633551102E-18,0.0036,0.00288675134594813));
#3857=CARTESIAN_POINT('',(-0.00125,0.00353333333333333,0.0021650635094611));
#3858=CARTESIAN_POINT('',(-0.0025,0.00346666666666667,0.00144337567297406));
#3859=CARTESIAN_POINT('',(-0.0025,0.0034,5.97170059743482E-18));
#3860=CARTESIAN_POINT('',(-0.0025,0.00333333333333333,-0.00144337567297406));
#3861=CARTESIAN_POINT('',(-0.00125,0.00326666666666667,-0.00216506350946109));
#3862=CARTESIAN_POINT('',(-7.07228843468517E-18,0.0032,-0.00288675134594813));
#3863=CARTESIAN_POINT('',(0.00125,0.00313333333333333,-0.0021650635094611));
#3864=CARTESIAN_POINT('',(0.00249999999999999,0.00306666666666667,-0.00144337567297406));
#3865=CARTESIAN_POINT('',(0.0025,0.003,-1.83697019872103E-18));
#3866=CARTESIAN_POINT('',(0.0025,0.00293333333333333,0.00144337567297406));
#3867=CARTESIAN_POINT('',(0.00125,0.00286666666666666,0.00216506350946109));
#3868=CARTESIAN_POINT('',(7.42581351426014E-18,0.0028,0.00288675134594813));
#3869=CARTESIAN_POINT('',(-0.00125,0.00273333333333334,0.0021650635094611));
#3870=CARTESIAN_POINT('',(-0.00249999999999999,0.00266666666666667,0.00144337567297406));
#3871=CARTESIAN_POINT('',(-0.0025,0.0026,2.14313189850787E-18));
#3872=CARTESIAN_POINT('',(-0.0025,0.00253333333333333,-0.00144337567297406));
#3873=CARTESIAN_POINT('',(-0.00125,0.00246666666666667,-0.00216506350946109));
#3874=CARTESIAN_POINT('',(-7.7793385938351E-18,0.0024,-0.00288675134594813));
#3875=CARTESIAN_POINT('',(0.00125,0.00233333333333333,-0.0021650635094611));
#3876=CARTESIAN_POINT('',(0.00249999999999999,0.00226666666666666,-0.00144337567297406));
#3877=CARTESIAN_POINT('',(0.0025,0.0022,-2.4492935982947E-18));
#3878=CARTESIAN_POINT('',(0.0025,0.00213333333333333,0.00144337567297406));
#3879=CARTESIAN_POINT('',(0.00125,0.00206666666666667,0.00216506350946109));
#3880=CARTESIAN_POINT('',(8.13286367341007E-18,0.002,0.00288675134594813));
#3881=CARTESIAN_POINT('',(-0.00125,0.00193333333333333,0.0021650635094611));
#3882=CARTESIAN_POINT('',(-0.00249999999999999,0.00186666666666666,0.00144337567297406));
#3883=CARTESIAN_POINT('',(-0.0025,0.0018,1.16372394950828E-17));
#3884=CARTESIAN_POINT('',(-0.0025,0.00173333333333333,-0.00144337567297406));
#3885=CARTESIAN_POINT('',(-0.00125,0.00166666666666667,-0.00216506350946109));
#3886=CARTESIAN_POINT('',(-8.48638875298504E-18,0.0016,-0.00288675134594813));
#3887=CARTESIAN_POINT('',(0.00125,0.00153333333333333,-0.0021650635094611));
#3888=CARTESIAN_POINT('',(0.00249999999999999,0.00146666666666667,-0.00144337567297406));
#3889=CARTESIAN_POINT('',(0.0025,0.0014,-1.19434011948696E-17));
#3890=CARTESIAN_POINT('',(0.0025,0.00133333333333333,0.00144337567297406));
#3891=CARTESIAN_POINT('',(0.00125,0.00126666666666667,0.00216506350946109));
#3892=CARTESIAN_POINT('',(1.90957148266057E-17,0.0012,0.00288675134594813));
#3893=CARTESIAN_POINT('',(-0.00125,0.00113333333333333,0.0021650635094611));
#3894=CARTESIAN_POINT('',(-0.0025,0.00106666666666667,0.00144337567297406));
#3895=CARTESIAN_POINT('',(-0.0025,0.001,1.22495628946565E-17));
#3896=CARTESIAN_POINT('',(-0.0025,0.000933333333333333,-0.00144337567297406));
#3897=CARTESIAN_POINT('',(-0.00125000000000001,0.000866666666666666,-0.00216506350946109));
#3898=CARTESIAN_POINT('',(-9.19343891213498E-18,0.0008,-0.00288675134594813));
#3899=CARTESIAN_POINT('',(0.00124999999999998,0.000733333333333332,-0.0021650635094611));
#3900=CARTESIAN_POINT('',(0.00249999999999999,0.000666666666666666,-0.00144337567297406));
#3901=CARTESIAN_POINT('',(0.0025,0.0006,-3.67394039744206E-18));
#3902=CARTESIAN_POINT('',(0.00250000000000001,0.000533333333333332,0.00144337567297405));
#3903=CARTESIAN_POINT('',(0.00125,0.000466666666666666,0.00216506350946109));
#3904=CARTESIAN_POINT('',(1.98027649857556E-17,0.000399999999999999,0.00288675134594813));
#3905=CARTESIAN_POINT('',(-0.00125,0.000333333333333332,0.0021650635094611));
#3906=CARTESIAN_POINT('',(-0.0025,0.000266666666666666,0.00144337567297406));
#3907=CARTESIAN_POINT('',(-0.0025,0.0002,1.28618862942301E-17));
#3908=CARTESIAN_POINT('',(-0.0025,0.000133333333333332,-0.00144337567297406));
#3909=CARTESIAN_POINT('',(-0.00125000000000001,6.66666666666654E-5,-0.00216506350946109));
#3910=CARTESIAN_POINT('',(-9.90048907128491E-18,-8.67361737988404E-19,-0.00288675134594813));
#3911=CARTESIAN_POINT('',(0.00124999999999998,-6.66666666666671E-5,-0.0021650635094611));
#3912=CARTESIAN_POINT('',(0.00249999999999999,-0.000133333333333334,-0.00144337567297406));
#3913=CARTESIAN_POINT('',(0.0025,-0.0002,-4.28626379701574E-18));
#3914=CARTESIAN_POINT('',(0.00250000000000001,-0.000266666666666667,0.00144337567297405));
#3915=CARTESIAN_POINT('',(0.00125,-0.000333333333333334,0.00216506350946109));
#3916=CARTESIAN_POINT('',(2.05098151449056E-17,-0.000400000000000001,0.00288675134594813));
#3917=CARTESIAN_POINT('',(-0.00125,-0.000466666666666667,0.0021650635094611));
#3918=CARTESIAN_POINT('',(-0.00249999999999999,-0.000533333333333335,0.00144337567297408));
#3919=CARTESIAN_POINT('',(-0.0025,-0.0006,1.34742096938038E-17));
#3920=CARTESIAN_POINT('',(-0.0025,-0.000666666666666668,-0.00144337567297406));
#3921=CARTESIAN_POINT('',(-0.00125000000000001,-0.000733333333333334,-0.00216506350946109));
#3922=CARTESIAN_POINT('',(-1.06075392304349E-17,-0.000800000000000001,-0.00288675134594813));
#3923=CARTESIAN_POINT('',(0.00124999999999998,-0.000866666666666668,-0.0021650635094611));
#3924=CARTESIAN_POINT('',(0.00249999999999999,-0.000933333333333334,-0.00144337567297406));
#3925=CARTESIAN_POINT('',(0.0025,-0.001,-4.89858719658941E-18));
#3926=CARTESIAN_POINT('',(0.00250000000000001,-0.00106666666666667,0.00144337567297405));
#3927=CARTESIAN_POINT('',(0.00125,-0.00113333333333333,0.00216506350946109));
#3928=CARTESIAN_POINT('',(2.12168653040555E-17,-0.0012,0.00288675134594813));
#3929=CARTESIAN_POINT('',(-0.00125,-0.00126666666666667,0.0021650635094611));
#3930=CARTESIAN_POINT('',(-0.00249999999999999,-0.00133333333333333,0.00144337567297409));
#3931=CARTESIAN_POINT('',(-0.0025,-0.0014,1.40865330933775E-17));
#3932=CARTESIAN_POINT('',(-0.0025,-0.00146666666666667,-0.00144337567297406));
#3933=CARTESIAN_POINT('',(-0.00125000000000001,-0.00153333333333333,-0.00216506350946109));
#3934=CARTESIAN_POINT('',(-1.13145893895848E-17,-0.0016,-0.00288675134594813));
#3935=CARTESIAN_POINT('',(0.00124999999999998,-0.00166666666666667,-0.0021650635094611));
#3936=CARTESIAN_POINT('',(0.00249999999999999,-0.00173333333333334,-0.00144337567297406));
#3937=CARTESIAN_POINT('',(0.0025,-0.0018,-2.32744789901656E-17));
#3938=CARTESIAN_POINT('',(0.0025,0.0061,0.));
#3939=CARTESIAN_POINT('',(0.0025,0.00603333333333333,0.00144337567297406));
#3940=CARTESIAN_POINT('',(0.00125,0.00596666666666667,0.00216506350946109));
#3941=CARTESIAN_POINT('',(1.76762539787484E-19,0.0059,0.00288675134594813));
#3942=CARTESIAN_POINT('',(-0.00125,0.00583333333333333,0.00216506350946109));
#3943=CARTESIAN_POINT('',(-0.0025,0.00576666666666666,0.00144337567297406));
#3944=CARTESIAN_POINT('',(-0.0025,0.0057,3.06161699786838E-19));
#3945=CARTESIAN_POINT('',(-0.0025,0.00563333333333333,-0.00144337567297406));
#3946=CARTESIAN_POINT('',(-0.00125,0.00556666666666667,-0.00216506350946109));
#3947=CARTESIAN_POINT('',(-5.30287619362454E-19,0.0055,-0.00288675134594813));
#3948=CARTESIAN_POINT('',(0.00125,0.00543333333333333,-0.0021650635094611));
#3949=CARTESIAN_POINT('',(0.0025,0.00536666666666667,-0.00144337567297406));
#3950=CARTESIAN_POINT('',(0.0025,0.0053,-6.12323399573677E-19));
#3951=CARTESIAN_POINT('',(0.0025,0.00523333333333333,0.00144337567297406));
#3952=CARTESIAN_POINT('',(0.00125,0.00516666666666667,0.00216506350946109));
#3953=CARTESIAN_POINT('',(3.44776294744884E-18,0.0051,0.00288675134594813));
#3954=CARTESIAN_POINT('',(-0.00125,0.00503333333333333,0.0021650635094611));
#3955=CARTESIAN_POINT('',(-0.0025,0.00496666666666666,0.00144337567297406));
#3956=CARTESIAN_POINT('',(-0.0025,0.0049,9.18485099360515E-19));
#3957=CARTESIAN_POINT('',(-0.0025,0.00483333333333333,-0.00144337567297406));
#3958=CARTESIAN_POINT('',(-0.00125,0.00476666666666667,-0.00216506350946109));
#3959=CARTESIAN_POINT('',(-1.23733777851239E-18,0.0047,-0.00288675134594813));
#3960=CARTESIAN_POINT('',(0.00125,0.00463333333333333,-0.0021650635094611));
#3961=CARTESIAN_POINT('',(0.0025,0.00456666666666666,-0.00144337567297406));
#3962=CARTESIAN_POINT('',(0.0025,0.0045,-1.22464679914735E-18));
#3963=CARTESIAN_POINT('',(0.0025,0.00443333333333333,0.00144337567297406));
#3964=CARTESIAN_POINT('',(0.00125,0.00436666666666666,0.00216506350946109));
#3965=CARTESIAN_POINT('',(6.7187633551102E-18,0.0043,0.00288675134594813));
#3966=CARTESIAN_POINT('',(-0.00125,0.00423333333333334,0.0021650635094611));
#3967=CARTESIAN_POINT('',(-0.0025,0.00416666666666666,0.00144337567297406));
#3968=CARTESIAN_POINT('',(-0.0025,0.0041,5.97170059743482E-18));
#3969=CARTESIAN_POINT('',(-0.0025,0.00403333333333333,-0.00144337567297406));
#3970=CARTESIAN_POINT('',(-0.00125,0.00396666666666666,-0.00216506350946109));
#3971=CARTESIAN_POINT('',(-7.07228843468517E-18,0.0039,-0.00288675134594813));
#3972=CARTESIAN_POINT('',(0.00125,0.00383333333333333,-0.0021650635094611));
#3973=CARTESIAN_POINT('',(0.00249999999999999,0.00376666666666666,-0.00144337567297406));
#3974=CARTESIAN_POINT('',(0.0025,0.0037,-1.83697019872103E-18));
#3975=CARTESIAN_POINT('',(0.0025,0.00363333333333333,0.00144337567297406));
#3976=CARTESIAN_POINT('',(0.00125,0.00356666666666667,0.00216506350946109));
#3977=CARTESIAN_POINT('',(7.42581351426014E-18,0.0035,0.00288675134594813));
#3978=CARTESIAN_POINT('',(-0.00125,0.00343333333333334,0.0021650635094611));
#3979=CARTESIAN_POINT('',(-0.00249999999999999,0.00336666666666667,0.00144337567297406));
#3980=CARTESIAN_POINT('',(-0.0025,0.0033,2.14313189850787E-18));
#3981=CARTESIAN_POINT('',(-0.0025,0.00323333333333333,-0.00144337567297406));
#3982=CARTESIAN_POINT('',(-0.00125,0.00316666666666666,-0.00216506350946109));
#3983=CARTESIAN_POINT('',(-7.7793385938351E-18,0.0031,-0.00288675134594813));
#3984=CARTESIAN_POINT('',(0.00125,0.00303333333333333,-0.0021650635094611));
#3985=CARTESIAN_POINT('',(0.00249999999999999,0.00296666666666667,-0.00144337567297406));
#3986=CARTESIAN_POINT('',(0.0025,0.0029,-2.4492935982947E-18));
#3987=CARTESIAN_POINT('',(0.0025,0.00283333333333333,0.00144337567297406));
#3988=CARTESIAN_POINT('',(0.00125,0.00276666666666667,0.00216506350946109));
#3989=CARTESIAN_POINT('',(8.13286367341007E-18,0.0027,0.00288675134594813));
#3990=CARTESIAN_POINT('',(-0.00125,0.00263333333333333,0.0021650635094611));
#3991=CARTESIAN_POINT('',(-0.00249999999999999,0.00256666666666667,0.00144337567297406));
#3992=CARTESIAN_POINT('',(-0.0025,0.0025,1.16372394950828E-17));
#3993=CARTESIAN_POINT('',(-0.0025,0.00243333333333333,-0.00144337567297406));
#3994=CARTESIAN_POINT('',(-0.00125,0.00236666666666666,-0.00216506350946109));
#3995=CARTESIAN_POINT('',(-8.48638875298504E-18,0.0023,-0.00288675134594813));
#3996=CARTESIAN_POINT('',(0.00125,0.00223333333333333,-0.0021650635094611));
#3997=CARTESIAN_POINT('',(0.00249999999999999,0.00216666666666667,-0.00144337567297406));
#3998=CARTESIAN_POINT('',(0.0025,0.0021,-1.19434011948696E-17));
#3999=CARTESIAN_POINT('',(0.0025,0.00203333333333333,0.00144337567297406));
#4000=CARTESIAN_POINT('',(0.00125,0.00196666666666667,0.00216506350946109));
#4001=CARTESIAN_POINT('',(1.90957148266057E-17,0.0019,0.00288675134594813));
#4002=CARTESIAN_POINT('',(-0.00125,0.00183333333333333,0.0021650635094611));
#4003=CARTESIAN_POINT('',(-0.0025,0.00176666666666667,0.00144337567297406));
#4004=CARTESIAN_POINT('',(-0.0025,0.0017,1.22495628946565E-17));
#4005=CARTESIAN_POINT('',(-0.0025,0.00163333333333333,-0.00144337567297406));
#4006=CARTESIAN_POINT('',(-0.00125000000000001,0.00156666666666666,-0.00216506350946109));
#4007=CARTESIAN_POINT('',(-9.19343891213498E-18,0.0015,-0.00288675134594813));
#4008=CARTESIAN_POINT('',(0.00124999999999998,0.00143333333333333,-0.0021650635094611));
#4009=CARTESIAN_POINT('',(0.00249999999999999,0.00136666666666667,-0.00144337567297406));
#4010=CARTESIAN_POINT('',(0.0025,0.0013,-3.67394039744206E-18));
#4011=CARTESIAN_POINT('',(0.00250000000000001,0.00123333333333333,0.00144337567297405));
#4012=CARTESIAN_POINT('',(0.00125,0.00116666666666667,0.00216506350946109));
#4013=CARTESIAN_POINT('',(1.98027649857556E-17,0.0011,0.00288675134594813));
#4014=CARTESIAN_POINT('',(-0.00125,0.00103333333333333,0.0021650635094611));
#4015=CARTESIAN_POINT('',(-0.0025,0.000966666666666666,0.00144337567297406));
#4016=CARTESIAN_POINT('',(-0.0025,0.0009,1.28618862942301E-17));
#4017=CARTESIAN_POINT('',(-0.0025,0.000833333333333333,-0.00144337567297406));
#4018=CARTESIAN_POINT('',(-0.00125000000000001,0.000766666666666666,-0.00216506350946109));
#4019=CARTESIAN_POINT('',(-9.90048907128491E-18,0.0007,-0.00288675134594813));
#4020=CARTESIAN_POINT('',(0.00124999999999998,0.000633333333333333,-0.0021650635094611));
#4021=CARTESIAN_POINT('',(0.00249999999999999,0.000566666666666665,-0.00144337567297406));
#4022=CARTESIAN_POINT('',(0.0025,0.0005,-4.28626379701574E-18));
#4023=CARTESIAN_POINT('',(0.00250000000000001,0.000433333333333332,0.00144337567297405));
#4024=CARTESIAN_POINT('',(0.00125,0.000366666666666666,0.00216506350946109));
#4025=CARTESIAN_POINT('',(2.05098151449056E-17,0.000299999999999999,0.00288675134594813));
#4026=CARTESIAN_POINT('',(-0.00125,0.000233333333333333,0.0021650635094611));
#4027=CARTESIAN_POINT('',(-0.00249999999999999,0.000166666666666666,0.00144337567297408));
#4028=CARTESIAN_POINT('',(-0.0025,0.0001,1.34742096938038E-17));
#4029=CARTESIAN_POINT('',(-0.0025,3.33333333333322E-5,-0.00144337567297406));
#4030=CARTESIAN_POINT('',(-0.00125000000000001,-3.3333333333334E-5,-0.00216506350946109));
#4031=CARTESIAN_POINT('',(-1.06075392304349E-17,-0.000100000000000001,-0.00288675134594813));
#4032=CARTESIAN_POINT('',(0.00124999999999998,-0.000166666666666668,-0.0021650635094611));
#4033=CARTESIAN_POINT('',(0.00249999999999999,-0.000233333333333334,-0.00144337567297406));
#4034=CARTESIAN_POINT('',(0.0025,-0.0003,-4.89858719658941E-18));
#4035=CARTESIAN_POINT('',(0.00250000000000001,-0.000366666666666667,0.00144337567297405));
#4036=CARTESIAN_POINT('',(0.00125,-0.000433333333333334,0.00216506350946109));
#4037=CARTESIAN_POINT('',(2.12168653040555E-17,-0.000500000000000001,0.00288675134594813));
#4038=CARTESIAN_POINT('',(-0.00125,-0.000566666666666668,0.0021650635094611));
#4039=CARTESIAN_POINT('',(-0.00249999999999999,-0.000633333333333334,0.00144337567297409));
#4040=CARTESIAN_POINT('',(-0.0025,-0.0007,1.40865330933775E-17));
#4041=CARTESIAN_POINT('',(-0.0025,-0.000766666666666667,-0.00144337567297406));
#4042=CARTESIAN_POINT('',(-0.00125000000000001,-0.000833333333333334,-0.00216506350946109));
#4043=CARTESIAN_POINT('',(-1.13145893895848E-17,-0.0009,-0.00288675134594813));
#4044=CARTESIAN_POINT('',(0.00124999999999998,-0.000966666666666668,-0.0021650635094611));
#4045=CARTESIAN_POINT('',(0.00249999999999999,-0.00103333333333333,-0.00144337567297406));
#4046=CARTESIAN_POINT('',(0.0025,-0.0011,-2.32744789901656E-17));
#4047=CARTESIAN_POINT('',(9.82379161183472E-19,-0.003,6.01513881323988E-35));
#4048=CARTESIAN_POINT('',(0.,-0.003,0.));
#4049=CARTESIAN_POINT('',(-2.02128619922972E-18,-0.003,0.00400000000990375));
#4050=CARTESIAN_POINT('',(0.00346410162371465,-0.003,0.00200000000495187));
#4051=CARTESIAN_POINT('',(0.00346410162371465,-0.003,0.00200000000495187));
#4052=CARTESIAN_POINT('',(0.00230940107961747,-0.003,0.00400000001733157));
#4053=CARTESIAN_POINT('',(9.82379161183472E-19,-0.003,0.0040000000198075));
#4054=CARTESIAN_POINT('',(9.82379161183472E-19,-0.003,6.01513881323988E-35));
#4055=CARTESIAN_POINT('',(0.,-0.003,0.));
#4056=CARTESIAN_POINT('',(0.00346410162371465,-0.003,-0.00200000000495188));
#4057=CARTESIAN_POINT('',(0.00346410162371466,-0.003,-0.00200000000495187));
#4058=CARTESIAN_POINT('',(0.00461880216995606,-0.003,6.18984416815404E-12));
#4059=CARTESIAN_POINT('',(0.00461880217638874,-0.003,-1.75554015768852E-18));
#4060=CARTESIAN_POINT('',(9.82379161183472E-19,-0.003,6.01513881323988E-35));
#4061=CARTESIAN_POINT('',(0.,-0.003,0.));
#4062=CARTESIAN_POINT('',(2.02128619922972E-18,-0.003,-0.00400000000990375));
#4063=CARTESIAN_POINT('',(9.82379161183472E-19,-0.003,-0.004));
#4064=CARTESIAN_POINT('',(0.0023094010853354,-0.003,-0.00400000000247594));
#4065=CARTESIAN_POINT('',(0.00230940108819437,-0.003,-0.0040000000198075));
#4066=CARTESIAN_POINT('',(9.82379161183472E-19,-0.003,6.01513881323988E-35));
#4067=CARTESIAN_POINT('',(0.,-0.003,0.));
#4068=CARTESIAN_POINT('',(-0.00346410162371465,-0.003,-0.00200000000495187));
#4069=CARTESIAN_POINT('',(-0.00346410162371465,-0.003,-0.00200000000495187));
#4070=CARTESIAN_POINT('',(-0.0023094010903386,-0.003,-0.00400000001114172));
#4071=CARTESIAN_POINT('',(9.82379161183472E-19,-0.003,-0.0040000000198075));
#4072=CARTESIAN_POINT('',(9.82379161183472E-19,-0.003,6.01513881323988E-35));
#4073=CARTESIAN_POINT('',(0.,-0.003,0.));
#4074=CARTESIAN_POINT('',(-0.00346410162371465,-0.003,0.00200000000495188));
#4075=CARTESIAN_POINT('',(-0.00346410162371466,-0.003,0.00200000000495187));
#4076=CARTESIAN_POINT('',(-0.00461880216995606,-0.003,-6.18984513041593E-12));
#4077=CARTESIAN_POINT('',(-0.00461880217638874,-0.003,8.77770078844264E-19));
#4078=CARTESIAN_POINT('',(9.82379161183472E-19,-0.003,6.01513881323988E-35));
#4079=CARTESIAN_POINT('',(0.,-0.003,0.));
#4080=CARTESIAN_POINT('',(9.82379161183472E-19,-0.003,0.004));
#4081=CARTESIAN_POINT('',(-0.00230940109391231,-0.003,0.004));
#4082=CARTESIAN_POINT('',(-0.00230940108819437,-0.003,0.0040000000198075));
#4083=CARTESIAN_POINT('',(0.001175,-0.0105,4.59227382683391E-19));
#4084=CARTESIAN_POINT('',(0.,-0.0105,0.));
#4085=CARTESIAN_POINT('',(-2.12235050919121E-18,-0.0105,0.0021));
#4086=CARTESIAN_POINT('',(2.12235050919121E-18,-0.0105,-0.0021));
#4087=CARTESIAN_POINT('',(0.,-0.0105,0.));
#4088=CARTESIAN_POINT('',(0.,-0.0105,0.));
#4089=CARTESIAN_POINT('',(-0.0009,-0.0105,1.10218211923262E-19));
#4090=CARTESIAN_POINT('',(0.0009,-0.0105,-1.10218211923262E-19));
#4091=CARTESIAN_POINT('',(0.,-0.0105,0.));
#4092=CARTESIAN_POINT('',(0.,-0.003,0.));
#4093=CARTESIAN_POINT('',(0.0009,-0.003,-1.10218211923262E-19));
#4094=CARTESIAN_POINT('',(-0.0009,-0.003,0.));
#4095=CARTESIAN_POINT('',(0.,-0.003,0.));
#4096=CARTESIAN_POINT('',(1.11022302462516E-18,0.,-3.33066907387547E-19));
#4097=CARTESIAN_POINT('',(0.00190521028676795,2.31497455806045E-19,0.000801629753411676));
#4098=CARTESIAN_POINT('',(0.00227537615009161,2.31497455806045E-19,0.000137793490637368));
#4099=CARTESIAN_POINT('',(0.00218740434832,-7.55780987488771E-19,-0.00156985279183914));
#4100=CARTESIAN_POINT('',(0.000746492467297254,1.2800645191715E-18,-0.00243104197999061));
#4101=CARTESIAN_POINT('',(-3.2304833936311E-17,1.2800645191715E-18,-0.0025));
#4102=CARTESIAN_POINT('',(0.00190521028676795,-2.92988967504526E-19,0.000801629753411682));
#4103=CARTESIAN_POINT('',(-0.000775120237499978,5.79065975263288E-19,0.00191614851088825));
#4104=CARTESIAN_POINT('',(-0.000268977669082966,5.79065975263288E-19,0.00208429722489775));
#4105=CARTESIAN_POINT('',(0.0008551089406884,-4.52122144760024E-18,0.00205715024565492));
#4106=CARTESIAN_POINT('',(0.00166647974884667,3.47246183709068E-19,0.00127584492719642));
#4107=CARTESIAN_POINT('',(0.00190521028676795,3.47246183709068E-19,0.000801629753411676));
#4108=CARTESIAN_POINT('',(-0.000775120237499981,3.56886582941724E-19,0.00191614851088825));
#4109=CARTESIAN_POINT('',(-0.00178381372890605,-6.82582974655343E-19,-0.00175157317305509));
#4110=CARTESIAN_POINT('',(-0.00226388945792092,-6.82582974655343E-19,-0.00116642059326088));
#4111=CARTESIAN_POINT('',(-0.00265131013328992,4.45967882685842E-18,0.000452607986218699));
#4112=CARTESIAN_POINT('',(-0.00149381346136103,4.79356412543882E-17,0.00170855867926714));
#4113=CARTESIAN_POINT('',(-0.000775120237499491,4.79356412543882E-17,0.00191614851088845));
#4114=CARTESIAN_POINT('',(0.00461880217638874,0.,-1.75554015768852E-18));
#4115=CARTESIAN_POINT('',(0.00461880216995606,2.16840434497101E-19,6.18984519745872E-12));
#4116=CARTESIAN_POINT('',(0.00230940107961747,0.,-0.00400000001733156));
#4117=CARTESIAN_POINT('',(1.11022302462516E-18,0.,-0.0040000000198075));
#4118=CARTESIAN_POINT('',(-0.0023094010903386,0.,-0.00400000001114172));
#4119=CARTESIAN_POINT('',(-0.00230940108819437,0.,-0.0040000000198075));
#4120=CARTESIAN_POINT('',(-0.00461880216995606,-1.0842021724855E-19,-6.18984507486792E-12));
#4121=CARTESIAN_POINT('',(-0.00461880217638874,0.,8.77770078844265E-19));
#4122=CARTESIAN_POINT('',(-0.0023094010903386,1.0842021724855E-19,0.00400000001114172));
#4123=CARTESIAN_POINT('',(1.11022302462516E-18,0.,0.0040000000198075));
#4124=CARTESIAN_POINT('',(0.00230940107961747,0.,0.00400000001733157));
#4125=CARTESIAN_POINT('',(0.00230940108819437,0.,0.0040000000198075));
#4126=CARTESIAN_POINT('',(-0.0023094010767585,-0.003,-0.004));
#4127=CARTESIAN_POINT('',(-0.00230940108819437,-0.003,-0.004));
#4128=CARTESIAN_POINT('',(0.00230940107104057,-0.003,-0.00400000000990375));
#4129=CARTESIAN_POINT('',(0.0023094010767585,-0.003,-0.004));
#4130=CARTESIAN_POINT('',(0.00461880215923494,-0.003,9.90375229742435E-12));
#4131=CARTESIAN_POINT('',(0.00461880215351701,-0.003,2.8281072321227E-19));
#4132=CARTESIAN_POINT('',(0.00230940107104058,-0.003,0.00400000000990375));
#4133=CARTESIAN_POINT('',(0.0023094010767585,-0.003,0.004));
#4134=CARTESIAN_POINT('',(-0.00230940108819437,-0.003,0.004));
#4135=CARTESIAN_POINT('',(-0.0023094010767585,-0.003,0.004));
#4136=CARTESIAN_POINT('',(-0.00461880215923494,-0.003,-9.90375316478609E-12));
#4137=CARTESIAN_POINT('',(-0.004618802153517,-0.003,-7.26899933062333E-19));
#4138=CARTESIAN_POINT('',(0.,-0.0123,0.));
#4139=CARTESIAN_POINT('',(-2.12235050919121E-18,-0.0123,0.0021));
#4140=CARTESIAN_POINT('',(-2.12235050919121E-18,-0.0123,0.0021));
#4141=CARTESIAN_POINT('',(0.,-0.0123,0.));
#4142=CARTESIAN_POINT('',(2.12235050919121E-18,-0.0123,-0.0021));
#4143=CARTESIAN_POINT('',(1.86517468137027E-18,-0.0123,-0.0021));
#4144=CARTESIAN_POINT('',(0.,-0.0123,0.));
#4145=CARTESIAN_POINT('',(0.,-0.01365,0.));
#4146=CARTESIAN_POINT('',(-6.47462578835663E-19,-0.01365,0.00075));
#4147=CARTESIAN_POINT('',(5.97247432323055E-19,-0.01365,-0.00075));
#4148=CARTESIAN_POINT('',(-2.12235050919121E-18,-0.0123,0.0021));
#4149=CARTESIAN_POINT('',(0.,-0.0123,0.));
#4150=CARTESIAN_POINT('',(1.86517468137027E-18,-0.0123,-0.0021));
#4151=CARTESIAN_POINT('',(0.,-0.0123,0.));
#4152=CARTESIAN_POINT('',(0.,-0.012,0.));
#4153=CARTESIAN_POINT('',(0.,-0.012,0.));
#4154=CARTESIAN_POINT('',(-3.79764303862997E-18,-0.012,0.004));
#4155=CARTESIAN_POINT('',(3.79764303862997E-18,-0.012,-0.004));
#4156=CARTESIAN_POINT('',(-4.04257239845944E-18,-0.012,0.004));
#4157=CARTESIAN_POINT('',(3.5527136788005E-18,-0.012,-0.004));
#4158=CARTESIAN_POINT('',(0.,-0.012,0.));
#4159=CARTESIAN_POINT('',(1.58904412427857E-18,-0.01425,-0.00175));
#4160=CARTESIAN_POINT('',(0.000259115998975113,-0.01425,-0.00175));
#4161=CARTESIAN_POINT('',(0.000509660795356452,-0.0141907309744483,-0.00175));
#4162=CARTESIAN_POINT('',(0.00075,-0.014096056723534,-0.00175));
#4163=CARTESIAN_POINT('',(1.67883477430229E-18,-0.01425,-0.00175));
#4164=CARTESIAN_POINT('',(0.00075,-0.014096056723534,-0.00175));
#4165=CARTESIAN_POINT('',(4.04257239845944E-18,-0.012,-0.004));
#4166=CARTESIAN_POINT('',(0.,-0.012,0.));
#4167=CARTESIAN_POINT('',(-3.5527136788005E-18,-0.012,0.004));
#4168=CARTESIAN_POINT('',(-1.76862542432599E-18,-0.01425,0.00175));
#4169=CARTESIAN_POINT('',(0.00075,-0.014096056723534,0.00175));
#4170=CARTESIAN_POINT('',(0.000508956855185412,-0.0141910082700667,0.00175));
#4171=CARTESIAN_POINT('',(0.000260532681052923,-0.01425,0.00175));
#4172=CARTESIAN_POINT('',(-1.4584294301057E-18,-0.01425,0.00175));
#4173=CARTESIAN_POINT('',(0.00075,-0.014096056723534,0.00175));
#4174=CARTESIAN_POINT('',(0.00075,-0.014096056723534,-0.00175));
#4175=CARTESIAN_POINT('',(0.00119238661423511,-0.0139217920987537,-0.00175));
#4176=CARTESIAN_POINT('',(0.0020884716331225,-0.013619629536946,-0.00140427303876827));
#4177=CARTESIAN_POINT('',(0.00270518158208691,-0.013440371253896,-3.92731369583154E-6));
#4178=CARTESIAN_POINT('',(0.00209079019858368,-0.0136188889994543,0.00140421401115456));
#4179=CARTESIAN_POINT('',(0.00119252160238923,-0.0139217389243147,0.00175));
#4180=CARTESIAN_POINT('',(0.00075,-0.014096056723534,0.00175));
#4181=CARTESIAN_POINT('',(0.,-0.003,0.));
#4182=CARTESIAN_POINT('',(5.74285304839042E-19,-0.003,-0.00075));
#4183=CARTESIAN_POINT('',(5.74285304839042E-19,-0.0175,-0.00075));
#4184=CARTESIAN_POINT('',(0.,-0.0175,0.));
#4185=CARTESIAN_POINT('',(-5.82867087928207E-19,-0.0175,0.00075));
#4186=CARTESIAN_POINT('',(-4.9960036108132E-19,-0.003,0.00075));
#4187=CARTESIAN_POINT('',(0.004,-0.018,-0.00205213956538806));
#4188=CARTESIAN_POINT('',(0.000749999999911854,-0.0150458536593466,7.85049109053304E-14));
#4189=CARTESIAN_POINT('',(0.00075,-0.017565056633307,-0.00174999999998813));
#4190=CARTESIAN_POINT('',(0.00236962379407606,-0.016,-0.000662811259456774));
#4191=CARTESIAN_POINT('',(-0.004,-0.016,-0.000662811259456776));
#4192=CARTESIAN_POINT('',(0.004,-0.016,-0.000662811259456776));
#4193=CARTESIAN_POINT('',(0.004,-0.018,-0.00205213956538807));
#4194=CARTESIAN_POINT('',(0.004,-0.018,-0.00205213956538806));
#4195=CARTESIAN_POINT('',(0.004,-0.018,-0.00205213956538806));
#4196=CARTESIAN_POINT('',(-0.004,-0.018,-0.00205213956538807));
#4197=CARTESIAN_POINT('',(-0.004,-0.018,-0.00205213956538807));
#4198=CARTESIAN_POINT('',(-0.004,-0.016,-0.000662811259456777));
#4199=CARTESIAN_POINT('',(-0.004,-0.016,-0.000662811259456771));
#4200=CARTESIAN_POINT('',(-0.00236962379407605,-0.016,-0.000662811259456779));
#4201=CARTESIAN_POINT('',(-0.000750000000014271,-0.0150458536593072,1.05823336205013E-13));
#4202=CARTESIAN_POINT('',(-0.00075,-0.017565056633307,-0.00174999999997627));
#4203=CARTESIAN_POINT('',(0.004,-0.0175650566332728,-0.00174999999995253));
#4204=CARTESIAN_POINT('',(-0.004,-0.018,0.00205213956538806));
#4205=CARTESIAN_POINT('',(0.000749999999912676,-0.0150458536593483,-7.7261114173055E-14));
#4206=CARTESIAN_POINT('',(0.00236962379407605,-0.016,0.000662811259456776));
#4207=CARTESIAN_POINT('',(0.00075,-0.0175650566333412,0.00175));
#4208=CARTESIAN_POINT('',(-0.004,-0.0175650566333412,0.00175));
#4209=CARTESIAN_POINT('',(-0.00075,-0.0175650566332845,0.00174999999996066));
#4210=CARTESIAN_POINT('',(-0.000750000000081362,-0.0150458536592812,-1.23920838868141E-13));
#4211=CARTESIAN_POINT('',(-0.00236962379407606,-0.016,0.000662811259456776));
#4212=CARTESIAN_POINT('',(-0.004,-0.016,0.000662811259456775));
#4213=CARTESIAN_POINT('',(-0.004,-0.016,0.000662811259456776));
#4214=CARTESIAN_POINT('',(-0.004,-0.018,0.00205213956538807));
#4215=CARTESIAN_POINT('',(-0.004,-0.018,0.00205213956538806));
#4216=CARTESIAN_POINT('',(-0.004,-0.018,0.00205213956538806));
#4217=CARTESIAN_POINT('',(0.004,-0.018,0.00205213956538807));
#4218=CARTESIAN_POINT('',(0.004,-0.018,0.00205213956538806));
#4219=CARTESIAN_POINT('',(0.004,-0.016,0.000662811259456776));
#4220=CARTESIAN_POINT('',(-0.004,-0.016,0.000662811259456771));
#4221=CARTESIAN_POINT('',(-0.00075,-0.003,4.91021611391529E-19));
#4222=CARTESIAN_POINT('',(-0.00075,-0.003,-0.00175));
#4223=CARTESIAN_POINT('',(-0.00075,-0.014096056723534,-0.00175));
#4224=CARTESIAN_POINT('',(-0.00075,-0.016,4.91021611391529E-19));
#4225=CARTESIAN_POINT('',(-0.00075,-0.003,0.00175));
#4226=CARTESIAN_POINT('',(-0.00075,-0.014096056723534,0.00175));
#4227=CARTESIAN_POINT('',(-0.00075,-0.014096056723534,0.00175));
#4228=CARTESIAN_POINT('',(-0.00119238661423511,-0.0139217920987537,0.00175));
#4229=CARTESIAN_POINT('',(-0.0020884716331225,-0.013619629536946,0.00140427303876827));
#4230=CARTESIAN_POINT('',(-0.00270518158208691,-0.013440371253896,3.92731369583119E-6));
#4231=CARTESIAN_POINT('',(-0.00209079019858368,-0.0136188889994543,-0.00140421401115456));
#4232=CARTESIAN_POINT('',(-0.00119252160238923,-0.0139217389243147,-0.00175));
#4233=CARTESIAN_POINT('',(-0.00075,-0.014096056723534,-0.00175));
#4234=CARTESIAN_POINT('',(-0.00075,-0.003,0.00175));
#4235=CARTESIAN_POINT('',(0.00075,-0.003,0.00175));
#4236=CARTESIAN_POINT('',(-1.76862542432598E-18,-0.01425,0.00175));
#4237=CARTESIAN_POINT('',(-0.000259115998975113,-0.01425,0.00175));
#4238=CARTESIAN_POINT('',(-0.000509660795356452,-0.0141907309744483,0.00175));
#4239=CARTESIAN_POINT('',(-0.00075,-0.014096056723534,0.00175));
#4240=CARTESIAN_POINT('',(0.00075,-0.003,-5.82867087928207E-19));
#4241=CARTESIAN_POINT('',(0.00075,-0.016,-5.82867087928207E-19));
#4242=CARTESIAN_POINT('',(0.00075,-0.003,-0.00175));
#4243=CARTESIAN_POINT('',(-0.00075,-0.003,-0.00175));
#4244=CARTESIAN_POINT('',(-0.00075,-0.014096056723534,-0.00175));
#4245=CARTESIAN_POINT('',(-0.000508956855185411,-0.0141910082700667,-0.00175));
#4246=CARTESIAN_POINT('',(-0.000260532681052927,-0.01425,-0.00175));
#4247=CARTESIAN_POINT('',(1.6172566444783E-18,-0.01425,-0.00175));
#4248=CARTESIAN_POINT('',(0.,-0.003,0.));
#4249=CARTESIAN_POINT('',(0.,-0.01365,0.));
#4250=CARTESIAN_POINT('',(0.,-0.0175,0.));
#4251=CARTESIAN_POINT('',(-0.004,-0.016,2.61878192742149E-18));
#4252=CARTESIAN_POINT('',(-0.004,-0.016,2.61878192742149E-18));
#4253=CARTESIAN_POINT('',(-0.004,-0.016,2.61878192742149E-18));
#4254=CARTESIAN_POINT('',(0.004,-0.016,-2.67494359995624E-18));
#4255=CARTESIAN_POINT('',(0.,-0.012,0.));
#4256=CARTESIAN_POINT('',(0.,-0.012,0.));
#4257=CARTESIAN_POINT('',(0.,-0.0123,0.));
#4258=CARTESIAN_POINT('',(-0.004,-0.018,0.002));
#4259=CARTESIAN_POINT('',(-0.004,-0.018,2.61878192742149E-18));
#4260=CARTESIAN_POINT('',(0.004,-0.018,-2.67494359995624E-18));
#4261=CARTESIAN_POINT('',(-0.004,-0.018,2.61878192742149E-18));
#4262=CARTESIAN_POINT('',(-0.004,-0.018,0.002));
#4263=CARTESIAN_POINT('',(-0.004,-0.018,-0.002));
#4264=CARTESIAN_POINT('',(-0.004,-0.018,0.002));
#4265=CARTESIAN_POINT('',(0.004,-0.018,0.002));
#4266=CARTESIAN_POINT('',(0.004,-0.018,-2.67494359995624E-18));
#4267=CARTESIAN_POINT('',(0.004,-0.018,-0.002));
#4268=CARTESIAN_POINT('',(0.004,-0.018,-0.002));
#4269=CARTESIAN_POINT('',(0.004,-0.018,-2.67494359995624E-18));
#4270=CARTESIAN_POINT('',(-0.004,-0.018,2.61878192742149E-18));
#4271=CARTESIAN_POINT('',(-0.004,-0.018,0.002));
#4272=CARTESIAN_POINT('',(-0.004,-0.0175,0.00143786796564403));
#4273=CARTESIAN_POINT('',(0.004,-0.0175,0.00143786796564403));
#4274=CARTESIAN_POINT('',(-0.004,-0.0175,0.00143786796564403));
#4275=CARTESIAN_POINT('',(0.004,-0.018,0.002));
#4276=CARTESIAN_POINT('',(-0.004,-0.018,0.002));
#4277=CARTESIAN_POINT('',(-0.004,-0.018,2.61878192742149E-18));
#4278=CARTESIAN_POINT('',(-0.004,-0.018,-0.002));
#4279=CARTESIAN_POINT('',(-0.004,-0.0175,-0.00143786796564403));
#4280=CARTESIAN_POINT('',(-0.004,-0.0175,2.61878192742149E-18));
#4281=CARTESIAN_POINT('',(0.004,-0.018,-2.67494359995624E-18));
#4282=CARTESIAN_POINT('',(0.004,-0.0175,-2.67494359995624E-18));
#4283=CARTESIAN_POINT('',(0.004,-0.0175,-0.00143786796564403));
#4284=CARTESIAN_POINT('',(0.004,-0.018,-0.002));
#4285=CARTESIAN_POINT('',(0.004,-0.018,-0.002));
#4286=CARTESIAN_POINT('',(-0.004,-0.0175,-0.00143786796564403));
#4287=CARTESIAN_POINT('',(-0.004,-0.0175,2.61878192742149E-18));
#4288=CARTESIAN_POINT('',(-0.00167663731119806,0.00473012123246832,0.001208852275946));
#4289=CARTESIAN_POINT('',(-0.0020669873,0.00468728638736054,0.00066745001474836));
#4290=CARTESIAN_POINT('',(-0.0020669873,0.00465,2.53132938082323E-19));
#4291=CARTESIAN_POINT('',(-0.0020669873,0.00458333333333333,-0.00119337567406654));
#4292=CARTESIAN_POINT('',(-0.00103349365,0.00451666666666667,-0.0017900635110998));
#4293=CARTESIAN_POINT('',(-4.3843910982777E-19,0.00445,-0.00238675134813307));
#4294=CARTESIAN_POINT('',(0.00103349365,0.00438333333333334,-0.00179006351109981));
#4295=CARTESIAN_POINT('',(0.0020669873,0.00431666666666666,-0.00119337567406654));
#4296=CARTESIAN_POINT('',(0.0020669873,0.00425,0.));
#4297=CARTESIAN_POINT('',(0.0020669873,0.00418333333333333,0.00119337567406654));
#4298=CARTESIAN_POINT('',(0.00103349365,0.00411666666666666,0.0017900635110998));
#4299=CARTESIAN_POINT('',(1.4614636994259E-19,0.00405,0.00238675134813307));
#4300=CARTESIAN_POINT('',(-0.00103349365,0.00398333333333334,0.0017900635110998));
#4301=CARTESIAN_POINT('',(-0.0020669873,0.00391666666666666,0.00119337567406654));
#4302=CARTESIAN_POINT('',(-0.0020669873,0.00385,2.53132938082323E-19));
#4303=CARTESIAN_POINT('',(-0.0020669873,0.00378333333333333,-0.00119337567406654));
#4304=CARTESIAN_POINT('',(-0.00103349365,0.00371666666666666,-0.0017900635110998));
#4305=CARTESIAN_POINT('',(-4.3843910982777E-19,0.00365,-0.00238675134813307));
#4306=CARTESIAN_POINT('',(0.00103349365,0.00358333333333334,-0.00179006351109981));
#4307=CARTESIAN_POINT('',(0.0020669873,0.00351666666666666,-0.00119337567406654));
#4308=CARTESIAN_POINT('',(0.0020669873,0.00345,0.));
#4309=CARTESIAN_POINT('',(0.0020669873,0.00338333333333333,0.00119337567406654));
#4310=CARTESIAN_POINT('',(0.00103349365,0.00331666666666667,0.0017900635110998));
#4311=CARTESIAN_POINT('',(1.4614636994259E-19,0.00325,0.00238675134813307));
#4312=CARTESIAN_POINT('',(-0.00103349365,0.00318333333333333,0.0017900635110998));
#4313=CARTESIAN_POINT('',(-0.0020669873,0.00311666666666667,0.00119337567406654));
#4314=CARTESIAN_POINT('',(-0.0020669873,0.00305,2.53132938082323E-19));
#4315=CARTESIAN_POINT('',(-0.0020669873,0.00298333333333333,-0.00119337567406654));
#4316=CARTESIAN_POINT('',(-0.00103349365,0.00291666666666667,-0.0017900635110998));
#4317=CARTESIAN_POINT('',(-4.3843910982777E-19,0.00285,-0.00238675134813307));
#4318=CARTESIAN_POINT('',(0.00103349365,0.00278333333333333,-0.00179006351109981));
#4319=CARTESIAN_POINT('',(0.0020669873,0.00271666666666667,-0.00119337567406654));
#4320=CARTESIAN_POINT('',(0.0020669873,0.00265,0.));
#4321=CARTESIAN_POINT('',(0.0020669873,0.00258333333333333,0.00119337567406654));
#4322=CARTESIAN_POINT('',(0.00103349365,0.00251666666666666,0.0017900635110998));
#4323=CARTESIAN_POINT('',(1.4614636994259E-19,0.00245,0.00238675134813307));
#4324=CARTESIAN_POINT('',(-0.00103349365,0.00238333333333333,0.0017900635110998));
#4325=CARTESIAN_POINT('',(-0.0020669873,0.00231666666666667,0.00119337567406654));
#4326=CARTESIAN_POINT('',(-0.0020669873,0.00225,2.53132938082323E-19));
#4327=CARTESIAN_POINT('',(-0.0020669873,0.00218333333333333,-0.00119337567406654));
#4328=CARTESIAN_POINT('',(-0.00103349365,0.00211666666666667,-0.0017900635110998));
#4329=CARTESIAN_POINT('',(-4.3843910982777E-19,0.00205,-0.00238675134813307));
#4330=CARTESIAN_POINT('',(0.00103349365,0.00198333333333333,-0.00179006351109981));
#4331=CARTESIAN_POINT('',(0.0020669873,0.00191666666666667,-0.00119337567406654));
#4332=CARTESIAN_POINT('',(0.0020669873,0.00185,0.));
#4333=CARTESIAN_POINT('',(0.0020669873,0.00178333333333333,0.00119337567406654));
#4334=CARTESIAN_POINT('',(0.00103349365,0.00171666666666667,0.0017900635110998));
#4335=CARTESIAN_POINT('',(1.4614636994259E-19,0.00165,0.00238675134813307));
#4336=CARTESIAN_POINT('',(-0.00103349365,0.00158333333333334,0.0017900635110998));
#4337=CARTESIAN_POINT('',(-0.0020669873,0.00151666666666667,0.00119337567406654));
#4338=CARTESIAN_POINT('',(-0.0020669873,0.00145,2.53132938082323E-19));
#4339=CARTESIAN_POINT('',(-0.0020669873,0.00138333333333333,-0.00119337567406654));
#4340=CARTESIAN_POINT('',(-0.00103349365,0.00131666666666667,-0.0017900635110998));
#4341=CARTESIAN_POINT('',(-4.3843910982777E-19,0.00125,-0.00238675134813307));
#4342=CARTESIAN_POINT('',(0.00103349365,0.00118333333333333,-0.00179006351109981));
#4343=CARTESIAN_POINT('',(0.0020669873,0.00111666666666667,-0.00119337567406654));
#4344=CARTESIAN_POINT('',(0.0020669873,0.00105,0.));
#4345=CARTESIAN_POINT('',(0.0020669873,0.000983333333333332,0.00119337567406654));
#4346=CARTESIAN_POINT('',(0.00103349365,0.000916666666666665,0.0017900635110998));
#4347=CARTESIAN_POINT('',(1.4614636994259E-19,0.000849999999999999,0.00238675134813307));
#4348=CARTESIAN_POINT('',(-0.00103349365,0.000783333333333332,0.0017900635110998));
#4349=CARTESIAN_POINT('',(-0.0020669873,0.000716666666666666,0.00119337567406654));
#4350=CARTESIAN_POINT('',(-0.0020669873,0.00065,2.53132938082323E-19));
#4351=CARTESIAN_POINT('',(-0.0020669873,0.000583333333333333,-0.00119337567406654));
#4352=CARTESIAN_POINT('',(-0.00103349365,0.000516666666666665,-0.0017900635110998));
#4353=CARTESIAN_POINT('',(-4.3843910982777E-19,0.000449999999999999,-0.00238675134813307));
#4354=CARTESIAN_POINT('',(0.00103349365,0.000383333333333333,-0.00179006351109981));
#4355=CARTESIAN_POINT('',(0.0020669873,0.000316666666666666,-0.00119337567406654));
#4356=CARTESIAN_POINT('',(0.0020669873,0.00025,0.));
#4357=CARTESIAN_POINT('',(0.0020669873,0.000183333333333332,0.00119337567406654));
#4358=CARTESIAN_POINT('',(0.00103349365,0.000116666666666666,0.0017900635110998));
#4359=CARTESIAN_POINT('',(1.4614636994259E-19,4.99999999999988E-5,0.00238675134813307));
#4360=CARTESIAN_POINT('',(-0.00103349365,-1.66666666666675E-5,0.0017900635110998));
#4361=CARTESIAN_POINT('',(-0.00110094233080912,-2.10175194470479E-5,0.00175112199707817));
#4362=CARTESIAN_POINT('',(-0.00116526933108219,-2.55450663719382E-5,0.00170721524255161));
#4363=CARTESIAN_POINT('',(-0.00162668340978625,0.00467234345460768,0.0011728356091268));
#4364=CARTESIAN_POINT('',(-0.00200540327159144,0.0046295086094999,0.000647563941587892));
#4365=CARTESIAN_POINT('',(-0.00200540327159144,0.00459222222213936,2.45591069755408E-19));
#4366=CARTESIAN_POINT('',(-0.00200540327159144,0.00452555555547269,-0.00115782011868707));
#4367=CARTESIAN_POINT('',(-0.00100270163579572,0.00445888888880602,-0.00173673017803061));
#4368=CARTESIAN_POINT('',(-4.25376210701559E-19,0.00439222222213935,-0.00231564023737415));
#4369=CARTESIAN_POINT('',(0.00100270163579572,0.00432555555547269,-0.00173673017803061));
#4370=CARTESIAN_POINT('',(0.00200540327159144,0.00425888888880602,-0.00115782011868707));
#4371=CARTESIAN_POINT('',(0.00200540327159144,0.00419222222213936,0.));
#4372=CARTESIAN_POINT('',(0.00200540327159144,0.00412555555547269,0.00115782011868707));
#4373=CARTESIAN_POINT('',(0.00100270163579572,0.00405888888880602,0.00173673017803061));
#4374=CARTESIAN_POINT('',(1.41792070233853E-19,0.00399222222213936,0.00231564023737415));
#4375=CARTESIAN_POINT('',(-0.00100270163579572,0.00392555555547269,0.00173673017803061));
#4376=CARTESIAN_POINT('',(-0.00200540327159144,0.00385888888880602,0.00115782011868707));
#4377=CARTESIAN_POINT('',(-0.00200540327159144,0.00379222222213936,2.45591069755408E-19));
#4378=CARTESIAN_POINT('',(-0.00200540327159144,0.00372555555547269,-0.00115782011868707));
#4379=CARTESIAN_POINT('',(-0.00100270163579572,0.00365888888880602,-0.00173673017803061));
#4380=CARTESIAN_POINT('',(-4.25376210701559E-19,0.00359222222213936,-0.00231564023737415));
#4381=CARTESIAN_POINT('',(0.00100270163579572,0.00352555555547269,-0.00173673017803061));
#4382=CARTESIAN_POINT('',(0.00200540327159144,0.00345888888880602,-0.00115782011868707));
#4383=CARTESIAN_POINT('',(0.00200540327159144,0.00339222222213935,0.));
#4384=CARTESIAN_POINT('',(0.00200540327159144,0.00332555555547269,0.00115782011868707));
#4385=CARTESIAN_POINT('',(0.00100270163579572,0.00325888888880602,0.00173673017803061));
#4386=CARTESIAN_POINT('',(1.41792070233853E-19,0.00319222222213936,0.00231564023737415));
#4387=CARTESIAN_POINT('',(-0.00100270163579572,0.00312555555547269,0.00173673017803061));
#4388=CARTESIAN_POINT('',(-0.00200540327159144,0.00305888888880602,0.00115782011868707));
#4389=CARTESIAN_POINT('',(-0.00200540327159144,0.00299222222213935,2.45591069755408E-19));
#4390=CARTESIAN_POINT('',(-0.00200540327159144,0.00292555555547269,-0.00115782011868707));
#4391=CARTESIAN_POINT('',(-0.00100270163579572,0.00285888888880602,-0.00173673017803061));
#4392=CARTESIAN_POINT('',(-4.25376210701559E-19,0.00279222222213935,-0.00231564023737415));
#4393=CARTESIAN_POINT('',(0.00100270163579572,0.00272555555547269,-0.00173673017803061));
#4394=CARTESIAN_POINT('',(0.00200540327159144,0.00265888888880603,-0.00115782011868707));
#4395=CARTESIAN_POINT('',(0.00200540327159144,0.00259222222213935,0.));
#4396=CARTESIAN_POINT('',(0.00200540327159144,0.00252555555547269,0.00115782011868707));
#4397=CARTESIAN_POINT('',(0.00100270163579572,0.00245888888880602,0.00173673017803061));
#4398=CARTESIAN_POINT('',(1.41792070233853E-19,0.00239222222213935,0.00231564023737415));
#4399=CARTESIAN_POINT('',(-0.00100270163579572,0.00232555555547269,0.00173673017803061));
#4400=CARTESIAN_POINT('',(-0.00200540327159144,0.00225888888880602,0.00115782011868707));
#4401=CARTESIAN_POINT('',(-0.00200540327159144,0.00219222222213935,2.45591069755408E-19));
#4402=CARTESIAN_POINT('',(-0.00200540327159144,0.00212555555547269,-0.00115782011868707));
#4403=CARTESIAN_POINT('',(-0.00100270163579572,0.00205888888880602,-0.00173673017803061));
#4404=CARTESIAN_POINT('',(-4.25376210701559E-19,0.00199222222213936,-0.00231564023737415));
#4405=CARTESIAN_POINT('',(0.00100270163579572,0.00192555555547269,-0.00173673017803061));
#4406=CARTESIAN_POINT('',(0.00200540327159144,0.00185888888880602,-0.00115782011868707));
#4407=CARTESIAN_POINT('',(0.00200540327159144,0.00179222222213935,0.));
#4408=CARTESIAN_POINT('',(0.00200540327159144,0.00172555555547269,0.00115782011868707));
#4409=CARTESIAN_POINT('',(0.00100270163579572,0.00165888888880602,0.00173673017803061));
#4410=CARTESIAN_POINT('',(1.41792070233853E-19,0.00159222222213935,0.00231564023737415));
#4411=CARTESIAN_POINT('',(-0.00100270163579572,0.00152555555547269,0.00173673017803061));
#4412=CARTESIAN_POINT('',(-0.00200540327159144,0.00145888888880602,0.00115782011868707));
#4413=CARTESIAN_POINT('',(-0.00200540327159144,0.00139222222213935,2.45591069755408E-19));
#4414=CARTESIAN_POINT('',(-0.00200540327159144,0.00132555555547269,-0.00115782011868707));
#4415=CARTESIAN_POINT('',(-0.00100270163579572,0.00125888888880602,-0.00173673017803061));
#4416=CARTESIAN_POINT('',(-4.25376210701559E-19,0.00119222222213936,-0.00231564023737415));
#4417=CARTESIAN_POINT('',(0.00100270163579572,0.00112555555547269,-0.00173673017803061));
#4418=CARTESIAN_POINT('',(0.00200540327159144,0.00105888888880602,-0.00115782011868707));
#4419=CARTESIAN_POINT('',(0.00200540327159144,0.000992222222139355,0.));
#4420=CARTESIAN_POINT('',(0.00200540327159144,0.000925555555472689,0.00115782011868707));
#4421=CARTESIAN_POINT('',(0.00100270163579572,0.000858888888806022,0.00173673017803061));
#4422=CARTESIAN_POINT('',(1.41792070233853E-19,0.000792222222139356,0.00231564023737415));
#4423=CARTESIAN_POINT('',(-0.00100270163579572,0.000725555555472687,0.00173673017803061));
#4424=CARTESIAN_POINT('',(-0.00200540327159144,0.000658888888806022,0.00115782011868707));
#4425=CARTESIAN_POINT('',(-0.00200540327159144,0.000592222222139354,2.45591069755408E-19));
#4426=CARTESIAN_POINT('',(-0.00200540327159144,0.000525555555472688,-0.00115782011868707));
#4427=CARTESIAN_POINT('',(-0.00100270163579572,0.000458888888806021,-0.00173673017803061));
#4428=CARTESIAN_POINT('',(-4.25376210701559E-19,0.000392222222139355,-0.00231564023737415));
#4429=CARTESIAN_POINT('',(0.00100270163579572,0.000325555555472688,-0.00173673017803061));
#4430=CARTESIAN_POINT('',(0.00200540327159144,0.000258888888806022,-0.00115782011868707));
#4431=CARTESIAN_POINT('',(0.00200540327159144,0.000192222222139355,0.));
#4432=CARTESIAN_POINT('',(0.00200540327159144,0.000125555555472688,0.00115782011868707));
#4433=CARTESIAN_POINT('',(0.00100270163579572,5.88888888060218E-5,0.00173673017803061));
#4434=CARTESIAN_POINT('',(1.41792070233853E-19,-7.7777778606453E-6,0.00231564023737415));
#4435=CARTESIAN_POINT('',(-0.00100270163579572,-7.44444445273116E-5,0.00173673017803061));
#4436=CARTESIAN_POINT('',(-0.00106814074379563,-7.8795297307692E-5,0.00169894889141133));
#4437=CARTESIAN_POINT('',(-0.0011305511789247,-8.33228442325824E-5,0.00165635029916428));
#4438=CARTESIAN_POINT('',(-0.00162668340978625,0.00458789901032897,0.0011728356091268));
#4439=CARTESIAN_POINT('',(-0.00200540327159144,0.00454506416522118,0.000647563941587892));
#4440=CARTESIAN_POINT('',(-0.00200540327159144,0.00450777777786064,2.45591069755408E-19));
#4441=CARTESIAN_POINT('',(-0.00200540327159144,0.00444111111119397,-0.00115782011868707));
#4442=CARTESIAN_POINT('',(-0.00100270163579572,0.00437444444452731,-0.00173673017803061));
#4443=CARTESIAN_POINT('',(-4.2537621070156E-19,0.00430777777786064,-0.00231564023737415));
#4444=CARTESIAN_POINT('',(0.00100270163579572,0.00424111111119397,-0.00173673017803061));
#4445=CARTESIAN_POINT('',(0.00200540327159144,0.00417444444452731,-0.00115782011868707));
#4446=CARTESIAN_POINT('',(0.00200540327159144,0.00410777777786065,0.));
#4447=CARTESIAN_POINT('',(0.00200540327159144,0.00404111111119398,0.00115782011868707));
#4448=CARTESIAN_POINT('',(0.00100270163579572,0.00397444444452731,0.00173673017803061));
#4449=CARTESIAN_POINT('',(1.41792070233853E-19,0.00390777777786064,0.00231564023737415));
#4450=CARTESIAN_POINT('',(-0.00100270163579572,0.00384111111119397,0.00173673017803061));
#4451=CARTESIAN_POINT('',(-0.00200540327159144,0.00377444444452731,0.00115782011868707));
#4452=CARTESIAN_POINT('',(-0.00200540327159144,0.00370777777786064,2.45591069755408E-19));
#4453=CARTESIAN_POINT('',(-0.00200540327159144,0.00364111111119398,-0.00115782011868707));
#4454=CARTESIAN_POINT('',(-0.00100270163579572,0.00357444444452731,-0.00173673017803061));
#4455=CARTESIAN_POINT('',(-4.2537621070156E-19,0.00350777777786064,-0.00231564023737415));
#4456=CARTESIAN_POINT('',(0.00100270163579572,0.00344111111119397,-0.00173673017803061));
#4457=CARTESIAN_POINT('',(0.00200540327159144,0.00337444444452731,-0.00115782011868707));
#4458=CARTESIAN_POINT('',(0.00200540327159144,0.00330777777786064,0.));
#4459=CARTESIAN_POINT('',(0.00200540327159144,0.00324111111119398,0.00115782011868707));
#4460=CARTESIAN_POINT('',(0.00100270163579572,0.00317444444452731,0.00173673017803061));
#4461=CARTESIAN_POINT('',(1.41792070233853E-19,0.00310777777786064,0.00231564023737415));
#4462=CARTESIAN_POINT('',(-0.00100270163579572,0.00304111111119397,0.00173673017803061));
#4463=CARTESIAN_POINT('',(-0.00200540327159144,0.00297444444452731,0.00115782011868707));
#4464=CARTESIAN_POINT('',(-0.00200540327159144,0.00290777777786064,2.45591069755408E-19));
#4465=CARTESIAN_POINT('',(-0.00200540327159144,0.00284111111119398,-0.00115782011868707));
#4466=CARTESIAN_POINT('',(-0.00100270163579572,0.00277444444452731,-0.00173673017803061));
#4467=CARTESIAN_POINT('',(-4.2537621070156E-19,0.00270777777786065,-0.00231564023737415));
#4468=CARTESIAN_POINT('',(0.00100270163579572,0.00264111111119397,-0.00173673017803061));
#4469=CARTESIAN_POINT('',(0.00200540327159144,0.00257444444452731,-0.00115782011868707));
#4470=CARTESIAN_POINT('',(0.00200540327159144,0.00250777777786064,0.));
#4471=CARTESIAN_POINT('',(0.00200540327159144,0.00244111111119397,0.00115782011868707));
#4472=CARTESIAN_POINT('',(0.00100270163579572,0.00237444444452731,0.00173673017803061));
#4473=CARTESIAN_POINT('',(1.41792070233853E-19,0.00230777777786064,0.00231564023737415));
#4474=CARTESIAN_POINT('',(-0.00100270163579572,0.00224111111119397,0.00173673017803061));
#4475=CARTESIAN_POINT('',(-0.00200540327159144,0.00217444444452731,0.00115782011868707));
#4476=CARTESIAN_POINT('',(-0.00200540327159144,0.00210777777786064,2.45591069755408E-19));
#4477=CARTESIAN_POINT('',(-0.00200540327159144,0.00204111111119398,-0.00115782011868707));
#4478=CARTESIAN_POINT('',(-0.00100270163579572,0.00197444444452731,-0.00173673017803061));
#4479=CARTESIAN_POINT('',(-4.2537621070156E-19,0.00190777777786064,-0.00231564023737415));
#4480=CARTESIAN_POINT('',(0.00100270163579572,0.00184111111119397,-0.00173673017803061));
#4481=CARTESIAN_POINT('',(0.00200540327159144,0.00177444444452731,-0.00115782011868707));
#4482=CARTESIAN_POINT('',(0.00200540327159144,0.00170777777786064,0.));
#4483=CARTESIAN_POINT('',(0.00200540327159144,0.00164111111119398,0.00115782011868707));
#4484=CARTESIAN_POINT('',(0.00100270163579572,0.00157444444452731,0.00173673017803061));
#4485=CARTESIAN_POINT('',(1.41792070233853E-19,0.00150777777786064,0.00231564023737415));
#4486=CARTESIAN_POINT('',(-0.00100270163579572,0.00144111111119398,0.00173673017803061));
#4487=CARTESIAN_POINT('',(-0.00200540327159144,0.00137444444452731,0.00115782011868707));
#4488=CARTESIAN_POINT('',(-0.00200540327159144,0.00130777777786064,2.45591069755408E-19));
#4489=CARTESIAN_POINT('',(-0.00200540327159144,0.00124111111119398,-0.00115782011868707));
#4490=CARTESIAN_POINT('',(-0.00100270163579572,0.00117444444452731,-0.00173673017803061));
#4491=CARTESIAN_POINT('',(-4.2537621070156E-19,0.00110777777786064,-0.00231564023737415));
#4492=CARTESIAN_POINT('',(0.00100270163579572,0.00104111111119398,-0.00173673017803061));
#4493=CARTESIAN_POINT('',(0.00200540327159144,0.00097444444452731,-0.00115782011868707));
#4494=CARTESIAN_POINT('',(0.00200540327159144,0.000907777777860642,0.));
#4495=CARTESIAN_POINT('',(0.00200540327159144,0.000841111111193976,0.00115782011868707));
#4496=CARTESIAN_POINT('',(0.00100270163579572,0.000774444444527309,0.00173673017803061));
#4497=CARTESIAN_POINT('',(1.41792070233853E-19,0.000707777777860643,0.00231564023737415));
#4498=CARTESIAN_POINT('',(-0.00100270163579572,0.000641111111193976,0.00173673017803061));
#4499=CARTESIAN_POINT('',(-0.00200540327159144,0.00057444444452731,0.00115782011868707));
#4500=CARTESIAN_POINT('',(-0.00200540327159144,0.000507777777860642,2.45591069755408E-19));
#4501=CARTESIAN_POINT('',(-0.00200540327159144,0.000441111111193976,-0.00115782011868707));
#4502=CARTESIAN_POINT('',(-0.00100270163579572,0.000374444444527309,-0.00173673017803061));
#4503=CARTESIAN_POINT('',(-4.2537621070156E-19,0.000307777777860643,-0.00231564023737415));
#4504=CARTESIAN_POINT('',(0.00100270163579572,0.000241111111193976,-0.00173673017803061));
#4505=CARTESIAN_POINT('',(0.00200540327159144,0.000174444444527309,-0.00115782011868707));
#4506=CARTESIAN_POINT('',(0.00200540327159144,0.000107777777860643,0.));
#4507=CARTESIAN_POINT('',(0.00200540327159144,4.11111111939758E-5,0.00115782011868707));
#4508=CARTESIAN_POINT('',(0.00100270163579572,-2.55555554726905E-5,0.00173673017803061));
#4509=CARTESIAN_POINT('',(1.41792070233853E-19,-9.22222221393576E-5,0.00231564023737415));
#4510=CARTESIAN_POINT('',(-0.00100270163579572,-0.000158888888806024,0.00173673017803061));
#4511=CARTESIAN_POINT('',(-0.00106814074379563,-0.000163239741586404,0.00169894889141133));
#4512=CARTESIAN_POINT('',(-0.0011305511789247,-0.000167767288511295,0.00165635029916428));
#4513=CARTESIAN_POINT('',(-0.00167663731119806,0.00453012123246832,0.001208852275946));
#4514=CARTESIAN_POINT('',(-0.0020669873,0.00448728638736054,0.00066745001474836));
#4515=CARTESIAN_POINT('',(-0.0020669873,0.00445,2.53132938082323E-19));
#4516=CARTESIAN_POINT('',(-0.0020669873,0.00438333333333333,-0.00119337567406654));
#4517=CARTESIAN_POINT('',(-0.00103349365,0.00431666666666666,-0.0017900635110998));
#4518=CARTESIAN_POINT('',(-4.3843910982777E-19,0.00425,-0.00238675134813307));
#4519=CARTESIAN_POINT('',(0.00103349365,0.00418333333333334,-0.00179006351109981));
#4520=CARTESIAN_POINT('',(0.0020669873,0.00411666666666667,-0.00119337567406654));
#4521=CARTESIAN_POINT('',(0.0020669873,0.00405,0.));
#4522=CARTESIAN_POINT('',(0.0020669873,0.00398333333333333,0.00119337567406654));
#4523=CARTESIAN_POINT('',(0.00103349365,0.00391666666666666,0.0017900635110998));
#4524=CARTESIAN_POINT('',(1.4614636994259E-19,0.00385,0.00238675134813307));
#4525=CARTESIAN_POINT('',(-0.00103349365,0.00378333333333333,0.0017900635110998));
#4526=CARTESIAN_POINT('',(-0.0020669873,0.00371666666666667,0.00119337567406654));
#4527=CARTESIAN_POINT('',(-0.0020669873,0.00365,2.53132938082323E-19));
#4528=CARTESIAN_POINT('',(-0.0020669873,0.00358333333333333,-0.00119337567406654));
#4529=CARTESIAN_POINT('',(-0.00103349365,0.00351666666666666,-0.0017900635110998));
#4530=CARTESIAN_POINT('',(-4.3843910982777E-19,0.00345,-0.00238675134813307));
#4531=CARTESIAN_POINT('',(0.00103349365,0.00338333333333333,-0.00179006351109981));
#4532=CARTESIAN_POINT('',(0.0020669873,0.00331666666666667,-0.00119337567406654));
#4533=CARTESIAN_POINT('',(0.0020669873,0.00325,0.));
#4534=CARTESIAN_POINT('',(0.0020669873,0.00318333333333333,0.00119337567406654));
#4535=CARTESIAN_POINT('',(0.00103349365,0.00311666666666667,0.0017900635110998));
#4536=CARTESIAN_POINT('',(1.4614636994259E-19,0.00305,0.00238675134813307));
#4537=CARTESIAN_POINT('',(-0.00103349365,0.00298333333333333,0.0017900635110998));
#4538=CARTESIAN_POINT('',(-0.0020669873,0.00291666666666667,0.00119337567406654));
#4539=CARTESIAN_POINT('',(-0.0020669873,0.00285,2.53132938082323E-19));
#4540=CARTESIAN_POINT('',(-0.0020669873,0.00278333333333334,-0.00119337567406654));
#4541=CARTESIAN_POINT('',(-0.00103349365,0.00271666666666666,-0.0017900635110998));
#4542=CARTESIAN_POINT('',(-4.3843910982777E-19,0.00265,-0.00238675134813307));
#4543=CARTESIAN_POINT('',(0.00103349365,0.00258333333333334,-0.00179006351109981));
#4544=CARTESIAN_POINT('',(0.0020669873,0.00251666666666666,-0.00119337567406654));
#4545=CARTESIAN_POINT('',(0.0020669873,0.00245,0.));
#4546=CARTESIAN_POINT('',(0.0020669873,0.00238333333333333,0.00119337567406654));
#4547=CARTESIAN_POINT('',(0.00103349365,0.00231666666666667,0.0017900635110998));
#4548=CARTESIAN_POINT('',(1.4614636994259E-19,0.00225,0.00238675134813307));
#4549=CARTESIAN_POINT('',(-0.00103349365,0.00218333333333333,0.0017900635110998));
#4550=CARTESIAN_POINT('',(-0.0020669873,0.00211666666666666,0.00119337567406654));
#4551=CARTESIAN_POINT('',(-0.0020669873,0.00205,2.53132938082323E-19));
#4552=CARTESIAN_POINT('',(-0.0020669873,0.00198333333333333,-0.00119337567406654));
#4553=CARTESIAN_POINT('',(-0.00103349365,0.00191666666666667,-0.0017900635110998));
#4554=CARTESIAN_POINT('',(-4.3843910982777E-19,0.00185,-0.00238675134813307));
#4555=CARTESIAN_POINT('',(0.00103349365,0.00178333333333333,-0.00179006351109981));
#4556=CARTESIAN_POINT('',(0.0020669873,0.00171666666666667,-0.00119337567406654));
#4557=CARTESIAN_POINT('',(0.0020669873,0.00165,0.));
#4558=CARTESIAN_POINT('',(0.0020669873,0.00158333333333333,0.00119337567406654));
#4559=CARTESIAN_POINT('',(0.00103349365,0.00151666666666667,0.0017900635110998));
#4560=CARTESIAN_POINT('',(1.4614636994259E-19,0.00145,0.00238675134813307));
#4561=CARTESIAN_POINT('',(-0.00103349365,0.00138333333333333,0.0017900635110998));
#4562=CARTESIAN_POINT('',(-0.0020669873,0.00131666666666666,0.00119337567406654));
#4563=CARTESIAN_POINT('',(-0.0020669873,0.00125,2.53132938082323E-19));
#4564=CARTESIAN_POINT('',(-0.0020669873,0.00118333333333333,-0.00119337567406654));
#4565=CARTESIAN_POINT('',(-0.00103349365,0.00111666666666667,-0.0017900635110998));
#4566=CARTESIAN_POINT('',(-4.3843910982777E-19,0.00105,-0.00238675134813307));
#4567=CARTESIAN_POINT('',(0.00103349365,0.000983333333333333,-0.00179006351109981));
#4568=CARTESIAN_POINT('',(0.0020669873,0.000916666666666666,-0.00119337567406654));
#4569=CARTESIAN_POINT('',(0.0020669873,0.00085,0.));
#4570=CARTESIAN_POINT('',(0.0020669873,0.000783333333333333,0.00119337567406654));
#4571=CARTESIAN_POINT('',(0.00103349365,0.000716666666666666,0.0017900635110998));
#4572=CARTESIAN_POINT('',(1.4614636994259E-19,0.00065,0.00238675134813307));
#4573=CARTESIAN_POINT('',(-0.00103349365,0.000583333333333332,0.0017900635110998));
#4574=CARTESIAN_POINT('',(-0.0020669873,0.000516666666666666,0.00119337567406654));
#4575=CARTESIAN_POINT('',(-0.0020669873,0.00045,2.53132938082323E-19));
#4576=CARTESIAN_POINT('',(-0.0020669873,0.000383333333333333,-0.00119337567406654));
#4577=CARTESIAN_POINT('',(-0.00103349365,0.000316666666666666,-0.0017900635110998));
#4578=CARTESIAN_POINT('',(-4.3843910982777E-19,0.000249999999999999,-0.00238675134813307));
#4579=CARTESIAN_POINT('',(0.00103349365,0.000183333333333333,-0.00179006351109981));
#4580=CARTESIAN_POINT('',(0.0020669873,0.000116666666666666,-0.00119337567406654));
#4581=CARTESIAN_POINT('',(0.0020669873,5.E-5,0.));
#4582=CARTESIAN_POINT('',(0.0020669873,-1.66666666666674E-5,0.00119337567406654));
#4583=CARTESIAN_POINT('',(0.00103349365,-8.33333333333337E-5,0.0017900635110998));
#4584=CARTESIAN_POINT('',(1.4614636994259E-19,-0.000150000000000001,0.00238675134813307));
#4585=CARTESIAN_POINT('',(-0.00103349365,-0.000216666666666667,0.0017900635110998));
#4586=CARTESIAN_POINT('',(-0.00110094233080912,-0.000221017519447047,0.00175112199707817));
#4587=CARTESIAN_POINT('',(-0.00116526933108219,-0.000225545066371938,0.00170721524255161));
#4588=CARTESIAN_POINT('',(0.0020669873,0.00585,0.));
#4589=CARTESIAN_POINT('',(0.0020669873,0.00578333333333333,0.00119337567406654));
#4590=CARTESIAN_POINT('',(0.00103349365,0.00571666666666667,0.0017900635110998));
#4591=CARTESIAN_POINT('',(1.4614636994259E-19,0.00565,0.00238675134813307));
#4592=CARTESIAN_POINT('',(-0.00103349365,0.00558333333333333,0.0017900635110998));
#4593=CARTESIAN_POINT('',(-0.0020669873,0.00551666666666666,0.00119337567406654));
#4594=CARTESIAN_POINT('',(-0.0020669873,0.00545,2.53132938082323E-19));
#4595=CARTESIAN_POINT('',(-0.0020669873,0.00538333333333333,-0.00119337567406654));
#4596=CARTESIAN_POINT('',(-0.00103349365,0.00531666666666667,-0.0017900635110998));
#4597=CARTESIAN_POINT('',(-4.3843910982777E-19,0.00524999999999999,-0.00238675134813307));
#4598=CARTESIAN_POINT('',(0.00103349365,0.00518333333333333,-0.00179006351109981));
#4599=CARTESIAN_POINT('',(0.0020669873,0.00511666666666667,-0.00119337567406654));
#4600=CARTESIAN_POINT('',(0.0020669873,0.00505,-5.06265876164646E-19));
#4601=CARTESIAN_POINT('',(0.0020669873,0.00498333333333333,0.00119337567406654));
#4602=CARTESIAN_POINT('',(0.00103349365,0.00491666666666667,0.0017900635110998));
#4603=CARTESIAN_POINT('',(2.85059289031493E-18,0.00485,0.00238675134813307));
#4604=CARTESIAN_POINT('',(-0.00103349365,0.00478333333333333,0.00179006351109981));
#4605=CARTESIAN_POINT('',(-0.0020669873,0.00471666666666666,0.00119337567406654));
#4606=CARTESIAN_POINT('',(-0.0020669873,0.00465,7.59398814246969E-19));
#4607=CARTESIAN_POINT('',(-0.0020669873,0.00458333333333333,-0.00119337567406654));
#4608=CARTESIAN_POINT('',(-0.00103349365,0.00451666666666667,-0.0017900635110998));
#4609=CARTESIAN_POINT('',(-1.02302458959813E-18,0.00445,-0.00238675134813307));
#4610=CARTESIAN_POINT('',(0.00103349365,0.00438333333333334,-0.00179006351109981));
#4611=CARTESIAN_POINT('',(0.0020669873,0.00431666666666666,-0.00119337567406654));
#4612=CARTESIAN_POINT('',(0.0020669873,0.00425,-1.01253175232929E-18));
#4613=CARTESIAN_POINT('',(0.0020669873,0.00418333333333333,0.00119337567406654));
#4614=CARTESIAN_POINT('',(0.00103349365,0.00411666666666666,0.0017900635110998));
#4615=CARTESIAN_POINT('',(5.55503941068726E-18,0.00405,0.00238675134813307));
#4616=CARTESIAN_POINT('',(-0.00103349365,0.00398333333333334,0.00179006351109981));
#4617=CARTESIAN_POINT('',(-0.0020669873,0.00391666666666666,0.00119337567406654));
#4618=CARTESIAN_POINT('',(-0.0020669873,0.00385,4.93737171772007E-18));
#4619=CARTESIAN_POINT('',(-0.0020669873,0.00378333333333333,-0.00119337567406654));
#4620=CARTESIAN_POINT('',(-0.00103349365,0.00371666666666666,-0.0017900635110998));
#4621=CARTESIAN_POINT('',(-5.84733215057244E-18,0.00365,-0.00238675134813307));
#4622=CARTESIAN_POINT('',(0.00103349364999999,0.00358333333333334,-0.00179006351109981));
#4623=CARTESIAN_POINT('',(0.0020669873,0.00351666666666666,-0.00119337567406654));
#4624=CARTESIAN_POINT('',(0.0020669873,0.00345,-1.51879762849394E-18));
#4625=CARTESIAN_POINT('',(0.0020669873,0.00338333333333333,0.00119337567406654));
#4626=CARTESIAN_POINT('',(0.00103349365,0.00331666666666667,0.0017900635110998));
#4627=CARTESIAN_POINT('',(6.13962489045763E-18,0.00325,0.00238675134813307));
#4628=CARTESIAN_POINT('',(-0.00103349364999999,0.00318333333333333,0.00179006351109981));
#4629=CARTESIAN_POINT('',(-0.0020669873,0.00311666666666667,0.00119337567406654));
#4630=CARTESIAN_POINT('',(-0.0020669873,0.00305,1.77193056657626E-18));
#4631=CARTESIAN_POINT('',(-0.0020669873,0.00298333333333333,-0.00119337567406654));
#4632=CARTESIAN_POINT('',(-0.00103349365,0.00291666666666667,-0.0017900635110998));
#4633=CARTESIAN_POINT('',(-6.43191763034281E-18,0.00285,-0.00238675134813307));
#4634=CARTESIAN_POINT('',(0.00103349364999999,0.00278333333333333,-0.00179006351109981));
#4635=CARTESIAN_POINT('',(0.0020669873,0.00271666666666667,-0.00119337567406654));
#4636=CARTESIAN_POINT('',(0.0020669873,0.00265,-2.02506350465858E-18));
#4637=CARTESIAN_POINT('',(0.0020669873,0.00258333333333333,0.00119337567406653));
#4638=CARTESIAN_POINT('',(0.00103349365,0.00251666666666666,0.0017900635110998));
#4639=CARTESIAN_POINT('',(6.72421037022798E-18,0.00245,0.00238675134813307));
#4640=CARTESIAN_POINT('',(-0.00103349364999999,0.00238333333333333,0.00179006351109981));
#4641=CARTESIAN_POINT('',(-0.0020669873,0.00231666666666667,0.00119337567406655));
#4642=CARTESIAN_POINT('',(-0.0020669873,0.00225,9.62161049735782E-18));
#4643=CARTESIAN_POINT('',(-0.0020669873,0.00218333333333333,-0.00119337567406653));
#4644=CARTESIAN_POINT('',(-0.00103349365,0.00211666666666667,-0.0017900635110998));
#4645=CARTESIAN_POINT('',(-7.01650311011317E-18,0.00205,-0.00238675134813307));
#4646=CARTESIAN_POINT('',(0.00103349364999999,0.00198333333333333,-0.00179006351109981));
#4647=CARTESIAN_POINT('',(0.0020669873,0.00191666666666667,-0.00119337567406655));
#4648=CARTESIAN_POINT('',(0.0020669873,0.00185,-9.87474343544015E-18));
#4649=CARTESIAN_POINT('',(0.0020669873,0.00178333333333333,0.00119337567406653));
#4650=CARTESIAN_POINT('',(0.00103349365,0.00171666666666667,0.0017900635110998));
#4651=CARTESIAN_POINT('',(1.57882400124063E-17,0.00165,0.00238675134813307));
#4652=CARTESIAN_POINT('',(-0.00103349364999999,0.00158333333333334,0.00179006351109981));
#4653=CARTESIAN_POINT('',(-0.0020669873,0.00151666666666667,0.00119337567406654));
#4654=CARTESIAN_POINT('',(-0.0020669873,0.00145,1.01278763735225E-17));
#4655=CARTESIAN_POINT('',(-0.0020669873,0.00138333333333333,-0.00119337567406653));
#4656=CARTESIAN_POINT('',(-0.00103349365000001,0.00131666666666667,-0.0017900635110998));
#4657=CARTESIAN_POINT('',(-7.60108858988352E-18,0.00125,-0.00238675134813307));
#4658=CARTESIAN_POINT('',(0.00103349364999999,0.00118333333333333,-0.00179006351109981));
#4659=CARTESIAN_POINT('',(0.0020669873,0.00111666666666667,-0.00119337567406655));
#4660=CARTESIAN_POINT('',(0.0020669873,0.00105,-3.03759525698788E-18));
#4661=CARTESIAN_POINT('',(0.00206698730000001,0.000983333333333332,0.00119337567406653));
#4662=CARTESIAN_POINT('',(0.00103349365,0.000916666666666665,0.0017900635110998));
#4663=CARTESIAN_POINT('',(1.63728254921766E-17,0.000849999999999999,0.00238675134813307));
#4664=CARTESIAN_POINT('',(-0.00103349364999999,0.000783333333333332,0.00179006351109981));
#4665=CARTESIAN_POINT('',(-0.0020669873,0.000716666666666666,0.00119337567406654));
#4666=CARTESIAN_POINT('',(-0.0020669873,0.00065,1.06341422496871E-17));
#4667=CARTESIAN_POINT('',(-0.0020669873,0.000583333333333333,-0.00119337567406653));
#4668=CARTESIAN_POINT('',(-0.00103349365000001,0.000516666666666665,-0.0017900635110998));
#4669=CARTESIAN_POINT('',(-8.18567406965389E-18,0.000449999999999999,-0.00238675134813307));
#4670=CARTESIAN_POINT('',(0.00103349364999999,0.000383333333333333,-0.00179006351109981));
#4671=CARTESIAN_POINT('',(0.00206698729999999,0.000316666666666666,-0.00119337567406655));
#4672=CARTESIAN_POINT('',(0.0020669873,0.00025,-3.54386113315252E-18));
#4673=CARTESIAN_POINT('',(0.00206698730000001,0.000183333333333332,0.00119337567406653));
#4674=CARTESIAN_POINT('',(0.00103349365,0.000116666666666666,0.0017900635110998));
#4675=CARTESIAN_POINT('',(1.6957410971947E-17,4.99999999999988E-5,0.00238675134813307));
#4676=CARTESIAN_POINT('',(-0.00103349364999999,-1.66666666666675E-5,0.00179006351109981));
#4677=CARTESIAN_POINT('',(-0.00206698729999999,-8.33333333333346E-5,0.00119337567406655));
#4678=CARTESIAN_POINT('',(-0.0020669873,-0.00015,1.11404081258518E-17));
#4679=CARTESIAN_POINT('',(-0.0020669873,-0.000216666666666668,-0.00119337567406653));
#4680=CARTESIAN_POINT('',(-0.00103349365000001,-0.000283333333333334,-0.0017900635110998));
#4681=CARTESIAN_POINT('',(-8.77025954942425E-18,-0.000350000000000001,-0.00238675134813307));
#4682=CARTESIAN_POINT('',(0.00103349364999999,-0.000416666666666668,-0.00179006351109981));
#4683=CARTESIAN_POINT('',(0.00206698729999999,-0.000483333333333335,-0.00119337567406655));
#4684=CARTESIAN_POINT('',(0.0020669873,-0.00055,-4.05012700931717E-18));
#4685=CARTESIAN_POINT('',(0.00206698730000001,-0.000616666666666667,0.00119337567406653));
#4686=CARTESIAN_POINT('',(0.00103349365000001,-0.000683333333333334,0.0017900635110998));
#4687=CARTESIAN_POINT('',(1.75419964517173E-17,-0.000750000000000001,0.00238675134813307));
#4688=CARTESIAN_POINT('',(-0.00103349364999999,-0.000816666666666668,0.00179006351109981));
#4689=CARTESIAN_POINT('',(-0.00206698729999999,-0.000883333333333334,0.00119337567406656));
#4690=CARTESIAN_POINT('',(-0.0020669873,-0.00095,1.16466740020164E-17));
#4691=CARTESIAN_POINT('',(-0.0020669873,-0.00101666666666667,-0.00119337567406653));
#4692=CARTESIAN_POINT('',(-0.00103349365000001,-0.00108333333333333,-0.0017900635110998));
#4693=CARTESIAN_POINT('',(-9.35484502919461E-18,-0.00115,-0.00238675134813307));
#4694=CARTESIAN_POINT('',(0.00103349364999999,-0.00121666666666667,-0.00179006351109981));
#4695=CARTESIAN_POINT('',(0.00206698729999999,-0.00128333333333333,-0.00119337567406655));
#4696=CARTESIAN_POINT('',(0.0020669873,-0.00135,-1.92432209947156E-17));
#4697=CARTESIAN_POINT('',(0.0020669873,0.00565,0.));
#4698=CARTESIAN_POINT('',(0.0020669873,0.00558333333333334,0.00119337567406654));
#4699=CARTESIAN_POINT('',(0.00103349365,0.00551666666666667,0.0017900635110998));
#4700=CARTESIAN_POINT('',(1.4614636994259E-19,0.00545,0.00238675134813307));
#4701=CARTESIAN_POINT('',(-0.00103349365,0.00538333333333333,0.0017900635110998));
#4702=CARTESIAN_POINT('',(-0.0020669873,0.00531666666666667,0.00119337567406654));
#4703=CARTESIAN_POINT('',(-0.0020669873,0.00525,2.53132938082323E-19));
#4704=CARTESIAN_POINT('',(-0.0020669873,0.00518333333333333,-0.00119337567406654));
#4705=CARTESIAN_POINT('',(-0.00103349365,0.00511666666666667,-0.0017900635110998));
#4706=CARTESIAN_POINT('',(-4.3843910982777E-19,0.00505,-0.00238675134813307));
#4707=CARTESIAN_POINT('',(0.00103349365,0.00498333333333333,-0.00179006351109981));
#4708=CARTESIAN_POINT('',(0.0020669873,0.00491666666666666,-0.00119337567406654));
#4709=CARTESIAN_POINT('',(0.0020669873,0.00485,-5.06265876164646E-19));
#4710=CARTESIAN_POINT('',(0.0020669873,0.00478333333333333,0.00119337567406654));
#4711=CARTESIAN_POINT('',(0.00103349365,0.00471666666666667,0.0017900635110998));
#4712=CARTESIAN_POINT('',(2.85059289031493E-18,0.00465,0.00238675134813307));
#4713=CARTESIAN_POINT('',(-0.00103349365,0.00458333333333333,0.00179006351109981));
#4714=CARTESIAN_POINT('',(-0.0020669873,0.00451666666666667,0.00119337567406654));
#4715=CARTESIAN_POINT('',(-0.0020669873,0.00445,7.59398814246969E-19));
#4716=CARTESIAN_POINT('',(-0.0020669873,0.00438333333333333,-0.00119337567406654));
#4717=CARTESIAN_POINT('',(-0.00103349365,0.00431666666666666,-0.0017900635110998));
#4718=CARTESIAN_POINT('',(-1.02302458959813E-18,0.00425,-0.00238675134813307));
#4719=CARTESIAN_POINT('',(0.00103349365,0.00418333333333334,-0.00179006351109981));
#4720=CARTESIAN_POINT('',(0.0020669873,0.00411666666666667,-0.00119337567406654));
#4721=CARTESIAN_POINT('',(0.0020669873,0.00405,-1.01253175232929E-18));
#4722=CARTESIAN_POINT('',(0.0020669873,0.00398333333333333,0.00119337567406654));
#4723=CARTESIAN_POINT('',(0.00103349365,0.00391666666666666,0.0017900635110998));
#4724=CARTESIAN_POINT('',(5.55503941068726E-18,0.00385,0.00238675134813307));
#4725=CARTESIAN_POINT('',(-0.00103349365,0.00378333333333333,0.00179006351109981));
#4726=CARTESIAN_POINT('',(-0.0020669873,0.00371666666666667,0.00119337567406654));
#4727=CARTESIAN_POINT('',(-0.0020669873,0.00365,4.93737171772007E-18));
#4728=CARTESIAN_POINT('',(-0.0020669873,0.00358333333333333,-0.00119337567406654));
#4729=CARTESIAN_POINT('',(-0.00103349365,0.00351666666666666,-0.0017900635110998));
#4730=CARTESIAN_POINT('',(-5.84733215057244E-18,0.00345,-0.00238675134813307));
#4731=CARTESIAN_POINT('',(0.00103349364999999,0.00338333333333333,-0.00179006351109981));
#4732=CARTESIAN_POINT('',(0.0020669873,0.00331666666666667,-0.00119337567406654));
#4733=CARTESIAN_POINT('',(0.0020669873,0.00325,-1.51879762849394E-18));
#4734=CARTESIAN_POINT('',(0.0020669873,0.00318333333333333,0.00119337567406654));
#4735=CARTESIAN_POINT('',(0.00103349365,0.00311666666666667,0.0017900635110998));
#4736=CARTESIAN_POINT('',(6.13962489045763E-18,0.00305,0.00238675134813307));
#4737=CARTESIAN_POINT('',(-0.00103349364999999,0.00298333333333333,0.00179006351109981));
#4738=CARTESIAN_POINT('',(-0.0020669873,0.00291666666666667,0.00119337567406654));
#4739=CARTESIAN_POINT('',(-0.0020669873,0.00285,1.77193056657626E-18));
#4740=CARTESIAN_POINT('',(-0.0020669873,0.00278333333333334,-0.00119337567406654));
#4741=CARTESIAN_POINT('',(-0.00103349365,0.00271666666666666,-0.0017900635110998));
#4742=CARTESIAN_POINT('',(-6.43191763034281E-18,0.00265,-0.00238675134813307));
#4743=CARTESIAN_POINT('',(0.00103349364999999,0.00258333333333334,-0.00179006351109981));
#4744=CARTESIAN_POINT('',(0.0020669873,0.00251666666666666,-0.00119337567406654));
#4745=CARTESIAN_POINT('',(0.0020669873,0.00245,-2.02506350465858E-18));
#4746=CARTESIAN_POINT('',(0.0020669873,0.00238333333333333,0.00119337567406653));
#4747=CARTESIAN_POINT('',(0.00103349365,0.00231666666666667,0.0017900635110998));
#4748=CARTESIAN_POINT('',(6.72421037022798E-18,0.00225,0.00238675134813307));
#4749=CARTESIAN_POINT('',(-0.00103349364999999,0.00218333333333333,0.00179006351109981));
#4750=CARTESIAN_POINT('',(-0.0020669873,0.00211666666666666,0.00119337567406655));
#4751=CARTESIAN_POINT('',(-0.0020669873,0.00205,9.62161049735782E-18));
#4752=CARTESIAN_POINT('',(-0.0020669873,0.00198333333333333,-0.00119337567406653));
#4753=CARTESIAN_POINT('',(-0.00103349365,0.00191666666666667,-0.0017900635110998));
#4754=CARTESIAN_POINT('',(-7.01650311011317E-18,0.00185,-0.00238675134813307));
#4755=CARTESIAN_POINT('',(0.00103349364999999,0.00178333333333333,-0.00179006351109981));
#4756=CARTESIAN_POINT('',(0.0020669873,0.00171666666666667,-0.00119337567406655));
#4757=CARTESIAN_POINT('',(0.0020669873,0.00165,-9.87474343544015E-18));
#4758=CARTESIAN_POINT('',(0.0020669873,0.00158333333333333,0.00119337567406653));
#4759=CARTESIAN_POINT('',(0.00103349365,0.00151666666666667,0.0017900635110998));
#4760=CARTESIAN_POINT('',(1.57882400124063E-17,0.00145,0.00238675134813307));
#4761=CARTESIAN_POINT('',(-0.00103349364999999,0.00138333333333333,0.00179006351109981));
#4762=CARTESIAN_POINT('',(-0.0020669873,0.00131666666666666,0.00119337567406654));
#4763=CARTESIAN_POINT('',(-0.0020669873,0.00125,1.01278763735225E-17));
#4764=CARTESIAN_POINT('',(-0.0020669873,0.00118333333333333,-0.00119337567406653));
#4765=CARTESIAN_POINT('',(-0.00103349365000001,0.00111666666666667,-0.0017900635110998));
#4766=CARTESIAN_POINT('',(-7.60108858988352E-18,0.00105,-0.00238675134813307));
#4767=CARTESIAN_POINT('',(0.00103349364999999,0.000983333333333333,-0.00179006351109981));
#4768=CARTESIAN_POINT('',(0.0020669873,0.000916666666666666,-0.00119337567406655));
#4769=CARTESIAN_POINT('',(0.0020669873,0.00085,-3.03759525698788E-18));
#4770=CARTESIAN_POINT('',(0.00206698730000001,0.000783333333333333,0.00119337567406653));
#4771=CARTESIAN_POINT('',(0.00103349365,0.000716666666666666,0.0017900635110998));
#4772=CARTESIAN_POINT('',(1.63728254921766E-17,0.00065,0.00238675134813307));
#4773=CARTESIAN_POINT('',(-0.00103349364999999,0.000583333333333332,0.00179006351109981));
#4774=CARTESIAN_POINT('',(-0.0020669873,0.000516666666666666,0.00119337567406654));
#4775=CARTESIAN_POINT('',(-0.0020669873,0.00045,1.06341422496871E-17));
#4776=CARTESIAN_POINT('',(-0.0020669873,0.000383333333333333,-0.00119337567406653));
#4777=CARTESIAN_POINT('',(-0.00103349365000001,0.000316666666666666,-0.0017900635110998));
#4778=CARTESIAN_POINT('',(-8.18567406965389E-18,0.000249999999999999,-0.00238675134813307));
#4779=CARTESIAN_POINT('',(0.00103349364999999,0.000183333333333333,-0.00179006351109981));
#4780=CARTESIAN_POINT('',(0.00206698729999999,0.000116666666666666,-0.00119337567406655));
#4781=CARTESIAN_POINT('',(0.0020669873,5.E-5,-3.54386113315252E-18));
#4782=CARTESIAN_POINT('',(0.00206698730000001,-1.66666666666674E-5,0.00119337567406653));
#4783=CARTESIAN_POINT('',(0.00103349365,-8.33333333333337E-5,0.0017900635110998));
#4784=CARTESIAN_POINT('',(1.6957410971947E-17,-0.000150000000000001,0.00238675134813307));
#4785=CARTESIAN_POINT('',(-0.00103349364999999,-0.000216666666666667,0.00179006351109981));
#4786=CARTESIAN_POINT('',(-0.00206698729999999,-0.000283333333333334,0.00119337567406655));
#4787=CARTESIAN_POINT('',(-0.0020669873,-0.00035,1.11404081258518E-17));
#4788=CARTESIAN_POINT('',(-0.0020669873,-0.000416666666666668,-0.00119337567406653));
#4789=CARTESIAN_POINT('',(-0.00103349365000001,-0.000483333333333334,-0.0017900635110998));
#4790=CARTESIAN_POINT('',(-8.77025954942425E-18,-0.000550000000000001,-0.00238675134813307));
#4791=CARTESIAN_POINT('',(0.00103349364999999,-0.000616666666666667,-0.00179006351109981));
#4792=CARTESIAN_POINT('',(0.00206698729999999,-0.000683333333333334,-0.00119337567406655));
#4793=CARTESIAN_POINT('',(0.0020669873,-0.00075,-4.05012700931717E-18));
#4794=CARTESIAN_POINT('',(0.00206698730000001,-0.000816666666666667,0.00119337567406653));
#4795=CARTESIAN_POINT('',(0.00103349365000001,-0.000883333333333334,0.0017900635110998));
#4796=CARTESIAN_POINT('',(1.75419964517173E-17,-0.00095,0.00238675134813307));
#4797=CARTESIAN_POINT('',(-0.00103349364999999,-0.00101666666666667,0.00179006351109981));
#4798=CARTESIAN_POINT('',(-0.00206698729999999,-0.00108333333333333,0.00119337567406656));
#4799=CARTESIAN_POINT('',(-0.0020669873,-0.00115,1.16466740020164E-17));
#4800=CARTESIAN_POINT('',(-0.0020669873,-0.00121666666666667,-0.00119337567406653));
#4801=CARTESIAN_POINT('',(-0.00103349365000001,-0.00128333333333333,-0.0017900635110998));
#4802=CARTESIAN_POINT('',(-9.35484502919461E-18,-0.00135,-0.00238675134813307));
#4803=CARTESIAN_POINT('',(0.00103349364999999,-0.00141666666666667,-0.00179006351109981));
#4804=CARTESIAN_POINT('',(0.00206698729999999,-0.00148333333333333,-0.00119337567406655));
#4805=CARTESIAN_POINT('',(0.0020669873,-0.00155,-1.92432209947156E-17));
#4806=CARTESIAN_POINT('',(0.00176388387276289,0.00478002686077033,0.00107756678761378));
#4807=CARTESIAN_POINT('',(0.00148942581364691,0.00474607708208283,0.00152683095368606));
#4808=CARTESIAN_POINT('',(0.00103349365,0.00471666666666667,0.0017900635110998));
#4809=CARTESIAN_POINT('',(1.4614636994259E-19,0.00465,0.00238675134813307));
#4810=CARTESIAN_POINT('',(-0.00103349365,0.00458333333333333,0.0017900635110998));
#4811=CARTESIAN_POINT('',(-0.0020669873,0.00451666666666667,0.00119337567406654));
#4812=CARTESIAN_POINT('',(-0.0020669873,0.00445,2.53132938082323E-19));
#4813=CARTESIAN_POINT('',(-0.0020669873,0.00438333333333333,-0.00119337567406654));
#4814=CARTESIAN_POINT('',(-0.00103349365,0.00431666666666666,-0.0017900635110998));
#4815=CARTESIAN_POINT('',(-4.3843910982777E-19,0.00425,-0.00238675134813307));
#4816=CARTESIAN_POINT('',(0.00103349365,0.00418333333333334,-0.00179006351109981));
#4817=CARTESIAN_POINT('',(0.0020669873,0.00411666666666667,-0.00119337567406654));
#4818=CARTESIAN_POINT('',(0.0020669873,0.00405,0.));
#4819=CARTESIAN_POINT('',(0.0020669873,0.00398333333333333,0.00119337567406654));
#4820=CARTESIAN_POINT('',(0.00103349365,0.00391666666666666,0.0017900635110998));
#4821=CARTESIAN_POINT('',(1.4614636994259E-19,0.00385,0.00238675134813307));
#4822=CARTESIAN_POINT('',(-0.00103349365,0.00378333333333333,0.0017900635110998));
#4823=CARTESIAN_POINT('',(-0.0020669873,0.00371666666666667,0.00119337567406654));
#4824=CARTESIAN_POINT('',(-0.0020669873,0.00365,2.53132938082323E-19));
#4825=CARTESIAN_POINT('',(-0.0020669873,0.00358333333333333,-0.00119337567406654));
#4826=CARTESIAN_POINT('',(-0.00103349365,0.00351666666666666,-0.0017900635110998));
#4827=CARTESIAN_POINT('',(-4.3843910982777E-19,0.00345,-0.00238675134813307));
#4828=CARTESIAN_POINT('',(0.00103349365,0.00338333333333333,-0.00179006351109981));
#4829=CARTESIAN_POINT('',(0.0020669873,0.00331666666666667,-0.00119337567406654));
#4830=CARTESIAN_POINT('',(0.0020669873,0.00325,0.));
#4831=CARTESIAN_POINT('',(0.0020669873,0.00318333333333333,0.00119337567406654));
#4832=CARTESIAN_POINT('',(0.00103349365,0.00311666666666667,0.0017900635110998));
#4833=CARTESIAN_POINT('',(1.4614636994259E-19,0.00305,0.00238675134813307));
#4834=CARTESIAN_POINT('',(-0.00103349365,0.00298333333333333,0.0017900635110998));
#4835=CARTESIAN_POINT('',(-0.0020669873,0.00291666666666667,0.00119337567406654));
#4836=CARTESIAN_POINT('',(-0.0020669873,0.00285,2.53132938082323E-19));
#4837=CARTESIAN_POINT('',(-0.0020669873,0.00278333333333334,-0.00119337567406654));
#4838=CARTESIAN_POINT('',(-0.00103349365,0.00271666666666666,-0.0017900635110998));
#4839=CARTESIAN_POINT('',(-4.3843910982777E-19,0.00265,-0.00238675134813307));
#4840=CARTESIAN_POINT('',(0.00103349365,0.00258333333333334,-0.00179006351109981));
#4841=CARTESIAN_POINT('',(0.0020669873,0.00251666666666666,-0.00119337567406654));
#4842=CARTESIAN_POINT('',(0.0020669873,0.00245,0.));
#4843=CARTESIAN_POINT('',(0.0020669873,0.00238333333333333,0.00119337567406654));
#4844=CARTESIAN_POINT('',(0.00103349365,0.00231666666666667,0.0017900635110998));
#4845=CARTESIAN_POINT('',(1.4614636994259E-19,0.00225,0.00238675134813307));
#4846=CARTESIAN_POINT('',(-0.00103349365,0.00218333333333333,0.0017900635110998));
#4847=CARTESIAN_POINT('',(-0.0020669873,0.00211666666666666,0.00119337567406654));
#4848=CARTESIAN_POINT('',(-0.0020669873,0.00205,2.53132938082323E-19));
#4849=CARTESIAN_POINT('',(-0.0020669873,0.00198333333333333,-0.00119337567406654));
#4850=CARTESIAN_POINT('',(-0.00103349365,0.00191666666666667,-0.0017900635110998));
#4851=CARTESIAN_POINT('',(-4.3843910982777E-19,0.00185,-0.00238675134813307));
#4852=CARTESIAN_POINT('',(0.00103349365,0.00178333333333333,-0.00179006351109981));
#4853=CARTESIAN_POINT('',(0.0020669873,0.00171666666666667,-0.00119337567406654));
#4854=CARTESIAN_POINT('',(0.0020669873,0.00165,0.));
#4855=CARTESIAN_POINT('',(0.0020669873,0.00158333333333333,0.00119337567406654));
#4856=CARTESIAN_POINT('',(0.00103349365,0.00151666666666667,0.0017900635110998));
#4857=CARTESIAN_POINT('',(1.4614636994259E-19,0.00145,0.00238675134813307));
#4858=CARTESIAN_POINT('',(-0.00103349365,0.00138333333333333,0.0017900635110998));
#4859=CARTESIAN_POINT('',(-0.0020669873,0.00131666666666666,0.00119337567406654));
#4860=CARTESIAN_POINT('',(-0.0020669873,0.00125,2.53132938082323E-19));
#4861=CARTESIAN_POINT('',(-0.0020669873,0.00118333333333333,-0.00119337567406654));
#4862=CARTESIAN_POINT('',(-0.00103349365,0.00111666666666667,-0.0017900635110998));
#4863=CARTESIAN_POINT('',(-4.3843910982777E-19,0.00105,-0.00238675134813307));
#4864=CARTESIAN_POINT('',(0.00103349365,0.000983333333333333,-0.00179006351109981));
#4865=CARTESIAN_POINT('',(0.0020669873,0.000916666666666666,-0.00119337567406654));
#4866=CARTESIAN_POINT('',(0.0020669873,0.00085,0.));
#4867=CARTESIAN_POINT('',(0.0020669873,0.000783333333333333,0.00119337567406654));
#4868=CARTESIAN_POINT('',(0.00103349365,0.000716666666666666,0.0017900635110998));
#4869=CARTESIAN_POINT('',(1.4614636994259E-19,0.00065,0.00238675134813307));
#4870=CARTESIAN_POINT('',(-0.00103349365,0.000583333333333332,0.0017900635110998));
#4871=CARTESIAN_POINT('',(-0.0020669873,0.000516666666666666,0.00119337567406654));
#4872=CARTESIAN_POINT('',(-0.0020669873,0.00045,2.53132938082323E-19));
#4873=CARTESIAN_POINT('',(-0.0020669873,0.000383333333333333,-0.00119337567406654));
#4874=CARTESIAN_POINT('',(-0.00103349365,0.000316666666666666,-0.0017900635110998));
#4875=CARTESIAN_POINT('',(-4.3843910982777E-19,0.000249999999999999,-0.00238675134813307));
#4876=CARTESIAN_POINT('',(0.00103349365,0.000183333333333333,-0.00179006351109981));
#4877=CARTESIAN_POINT('',(0.0020669873,0.000116666666666666,-0.00119337567406654));
#4878=CARTESIAN_POINT('',(0.0020669873,5.E-5,0.));
#4879=CARTESIAN_POINT('',(0.0020669873,1.25500356791929E-5,0.000670378146226657));
#4880=CARTESIAN_POINT('',(0.00167353152450406,-3.04613949742442E-5,0.00121314827405903));
#4881=CARTESIAN_POINT('',(0.00213339950463519,0.00453002686077033,0.00130330600920211));
#4882=CARTESIAN_POINT('',(0.00180144528905294,0.00449607708208282,0.00184668642338303));
#4883=CARTESIAN_POINT('',(0.00125,0.00446666666666666,0.00216506350946109));
#4884=CARTESIAN_POINT('',(1.76762539787484E-19,0.0044,0.00288675134594813));
#4885=CARTESIAN_POINT('',(-0.00125,0.00433333333333334,0.00216506350946109));
#4886=CARTESIAN_POINT('',(-0.0025,0.00426666666666667,0.00144337567297406));
#4887=CARTESIAN_POINT('',(-0.0025,0.0042,3.06161699786838E-19));
#4888=CARTESIAN_POINT('',(-0.0025,0.00413333333333333,-0.00144337567297406));
#4889=CARTESIAN_POINT('',(-0.00125,0.00406666666666666,-0.00216506350946109));
#4890=CARTESIAN_POINT('',(-5.30287619362454E-19,0.004,-0.00288675134594813));
#4891=CARTESIAN_POINT('',(0.00125,0.00393333333333334,-0.0021650635094611));
#4892=CARTESIAN_POINT('',(0.0025,0.00386666666666667,-0.00144337567297406));
#4893=CARTESIAN_POINT('',(0.0025,0.0038,0.));
#4894=CARTESIAN_POINT('',(0.0025,0.00373333333333333,0.00144337567297406));
#4895=CARTESIAN_POINT('',(0.00125,0.00366666666666666,0.00216506350946109));
#4896=CARTESIAN_POINT('',(1.76762539787484E-19,0.0036,0.00288675134594813));
#4897=CARTESIAN_POINT('',(-0.00125,0.00353333333333333,0.00216506350946109));
#4898=CARTESIAN_POINT('',(-0.0025,0.00346666666666667,0.00144337567297406));
#4899=CARTESIAN_POINT('',(-0.0025,0.0034,3.06161699786838E-19));
#4900=CARTESIAN_POINT('',(-0.0025,0.00333333333333333,-0.00144337567297406));
#4901=CARTESIAN_POINT('',(-0.00125,0.00326666666666667,-0.00216506350946109));
#4902=CARTESIAN_POINT('',(-5.30287619362454E-19,0.0032,-0.00288675134594813));
#4903=CARTESIAN_POINT('',(0.00125,0.00313333333333333,-0.0021650635094611));
#4904=CARTESIAN_POINT('',(0.0025,0.00306666666666667,-0.00144337567297406));
#4905=CARTESIAN_POINT('',(0.0025,0.003,0.));
#4906=CARTESIAN_POINT('',(0.0025,0.00293333333333333,0.00144337567297406));
#4907=CARTESIAN_POINT('',(0.00125,0.00286666666666666,0.00216506350946109));
#4908=CARTESIAN_POINT('',(1.76762539787484E-19,0.0028,0.00288675134594813));
#4909=CARTESIAN_POINT('',(-0.00125,0.00273333333333334,0.00216506350946109));
#4910=CARTESIAN_POINT('',(-0.0025,0.00266666666666667,0.00144337567297406));
#4911=CARTESIAN_POINT('',(-0.0025,0.0026,3.06161699786838E-19));
#4912=CARTESIAN_POINT('',(-0.0025,0.00253333333333333,-0.00144337567297406));
#4913=CARTESIAN_POINT('',(-0.00125,0.00246666666666667,-0.00216506350946109));
#4914=CARTESIAN_POINT('',(-5.30287619362454E-19,0.0024,-0.00288675134594813));
#4915=CARTESIAN_POINT('',(0.00125,0.00233333333333333,-0.0021650635094611));
#4916=CARTESIAN_POINT('',(0.0025,0.00226666666666666,-0.00144337567297406));
#4917=CARTESIAN_POINT('',(0.0025,0.0022,0.));
#4918=CARTESIAN_POINT('',(0.0025,0.00213333333333333,0.00144337567297406));
#4919=CARTESIAN_POINT('',(0.00125,0.00206666666666667,0.00216506350946109));
#4920=CARTESIAN_POINT('',(1.76762539787484E-19,0.002,0.00288675134594813));
#4921=CARTESIAN_POINT('',(-0.00125,0.00193333333333333,0.00216506350946109));
#4922=CARTESIAN_POINT('',(-0.0025,0.00186666666666666,0.00144337567297406));
#4923=CARTESIAN_POINT('',(-0.0025,0.0018,3.06161699786838E-19));
#4924=CARTESIAN_POINT('',(-0.0025,0.00173333333333333,-0.00144337567297406));
#4925=CARTESIAN_POINT('',(-0.00125,0.00166666666666667,-0.00216506350946109));
#4926=CARTESIAN_POINT('',(-5.30287619362454E-19,0.0016,-0.00288675134594813));
#4927=CARTESIAN_POINT('',(0.00125,0.00153333333333333,-0.0021650635094611));
#4928=CARTESIAN_POINT('',(0.0025,0.00146666666666667,-0.00144337567297406));
#4929=CARTESIAN_POINT('',(0.0025,0.0014,0.));
#4930=CARTESIAN_POINT('',(0.0025,0.00133333333333333,0.00144337567297406));
#4931=CARTESIAN_POINT('',(0.00125,0.00126666666666667,0.00216506350946109));
#4932=CARTESIAN_POINT('',(1.76762539787484E-19,0.0012,0.00288675134594813));
#4933=CARTESIAN_POINT('',(-0.00125,0.00113333333333333,0.00216506350946109));
#4934=CARTESIAN_POINT('',(-0.0025,0.00106666666666667,0.00144337567297406));
#4935=CARTESIAN_POINT('',(-0.0025,0.001,3.06161699786838E-19));
#4936=CARTESIAN_POINT('',(-0.0025,0.000933333333333333,-0.00144337567297406));
#4937=CARTESIAN_POINT('',(-0.00125,0.000866666666666666,-0.00216506350946109));
#4938=CARTESIAN_POINT('',(-5.30287619362454E-19,0.0008,-0.00288675134594813));
#4939=CARTESIAN_POINT('',(0.00125,0.000733333333333332,-0.0021650635094611));
#4940=CARTESIAN_POINT('',(0.0025,0.000666666666666666,-0.00144337567297406));
#4941=CARTESIAN_POINT('',(0.0025,0.0006,0.));
#4942=CARTESIAN_POINT('',(0.0025,0.000533333333333332,0.00144337567297406));
#4943=CARTESIAN_POINT('',(0.00125,0.000466666666666666,0.00216506350946109));
#4944=CARTESIAN_POINT('',(1.76762539787484E-19,0.000399999999999999,0.00288675134594813));
#4945=CARTESIAN_POINT('',(-0.00125,0.000333333333333332,0.00216506350946109));
#4946=CARTESIAN_POINT('',(-0.0025,0.000266666666666666,0.00144337567297406));
#4947=CARTESIAN_POINT('',(-0.0025,0.0002,3.06161699786838E-19));
#4948=CARTESIAN_POINT('',(-0.0025,0.000133333333333332,-0.00144337567297406));
#4949=CARTESIAN_POINT('',(-0.00125,6.66666666666654E-5,-0.00216506350946109));
#4950=CARTESIAN_POINT('',(-5.30287619362454E-19,-8.67361737988404E-19,-0.00288675134594813));
#4951=CARTESIAN_POINT('',(0.00125,-6.66666666666671E-5,-0.0021650635094611));
#4952=CARTESIAN_POINT('',(0.0025,-0.000133333333333334,-0.00144337567297406));
#4953=CARTESIAN_POINT('',(0.0025,-0.0002,0.));
#4954=CARTESIAN_POINT('',(0.0025,-0.000237449964320807,0.000810815511815986));
#4955=CARTESIAN_POINT('',(0.00202411926346144,-0.000280461394974244,0.00146729043044802));
#4956=CARTESIAN_POINT('',(-0.00141384884436913,0.00477580536967201,-0.00206180295985724));
#4957=CARTESIAN_POINT('',(-0.00133392580096532,0.00477114270938482,-0.00211660892568181));
#4958=CARTESIAN_POINT('',(-0.00125,0.00476666666666667,-0.00216506350946109));
#4959=CARTESIAN_POINT('',(-5.30287619362454E-19,0.0047,-0.00288675134594813));
#4960=CARTESIAN_POINT('',(0.00125,0.00463333333333333,-0.0021650635094611));
#4961=CARTESIAN_POINT('',(0.0025,0.00456666666666666,-0.00144337567297406));
#4962=CARTESIAN_POINT('',(0.0025,0.0045,0.));
#4963=CARTESIAN_POINT('',(0.0025,0.00443333333333333,0.00144337567297406));
#4964=CARTESIAN_POINT('',(0.00125,0.00436666666666666,0.00216506350946109));
#4965=CARTESIAN_POINT('',(1.76762539787484E-19,0.0043,0.00288675134594813));
#4966=CARTESIAN_POINT('',(-0.00125,0.00423333333333334,0.00216506350946109));
#4967=CARTESIAN_POINT('',(-0.0025,0.00416666666666666,0.00144337567297406));
#4968=CARTESIAN_POINT('',(-0.0025,0.0041,3.06161699786838E-19));
#4969=CARTESIAN_POINT('',(-0.0025,0.00403333333333333,-0.00144337567297406));
#4970=CARTESIAN_POINT('',(-0.00125,0.00396666666666666,-0.00216506350946109));
#4971=CARTESIAN_POINT('',(-5.30287619362454E-19,0.0039,-0.00288675134594813));
#4972=CARTESIAN_POINT('',(0.00125,0.00383333333333333,-0.0021650635094611));
#4973=CARTESIAN_POINT('',(0.0025,0.00376666666666666,-0.00144337567297406));
#4974=CARTESIAN_POINT('',(0.0025,0.0037,0.));
#4975=CARTESIAN_POINT('',(0.0025,0.00363333333333333,0.00144337567297406));
#4976=CARTESIAN_POINT('',(0.00125,0.00356666666666667,0.00216506350946109));
#4977=CARTESIAN_POINT('',(1.76762539787484E-19,0.0035,0.00288675134594813));
#4978=CARTESIAN_POINT('',(-0.00125,0.00343333333333334,0.00216506350946109));
#4979=CARTESIAN_POINT('',(-0.0025,0.00336666666666667,0.00144337567297406));
#4980=CARTESIAN_POINT('',(-0.0025,0.0033,3.06161699786838E-19));
#4981=CARTESIAN_POINT('',(-0.0025,0.00323333333333333,-0.00144337567297406));
#4982=CARTESIAN_POINT('',(-0.00125,0.00316666666666666,-0.00216506350946109));
#4983=CARTESIAN_POINT('',(-5.30287619362454E-19,0.0031,-0.00288675134594813));
#4984=CARTESIAN_POINT('',(0.00125,0.00303333333333333,-0.0021650635094611));
#4985=CARTESIAN_POINT('',(0.0025,0.00296666666666667,-0.00144337567297406));
#4986=CARTESIAN_POINT('',(0.0025,0.0029,0.));
#4987=CARTESIAN_POINT('',(0.0025,0.00283333333333333,0.00144337567297406));
#4988=CARTESIAN_POINT('',(0.00125,0.00276666666666667,0.00216506350946109));
#4989=CARTESIAN_POINT('',(1.76762539787484E-19,0.0027,0.00288675134594813));
#4990=CARTESIAN_POINT('',(-0.00125,0.00263333333333333,0.00216506350946109));
#4991=CARTESIAN_POINT('',(-0.0025,0.00256666666666667,0.00144337567297406));
#4992=CARTESIAN_POINT('',(-0.0025,0.0025,3.06161699786838E-19));
#4993=CARTESIAN_POINT('',(-0.0025,0.00243333333333333,-0.00144337567297406));
#4994=CARTESIAN_POINT('',(-0.00125,0.00236666666666666,-0.00216506350946109));
#4995=CARTESIAN_POINT('',(-5.30287619362454E-19,0.0023,-0.00288675134594813));
#4996=CARTESIAN_POINT('',(0.00125,0.00223333333333333,-0.0021650635094611));
#4997=CARTESIAN_POINT('',(0.0025,0.00216666666666667,-0.00144337567297406));
#4998=CARTESIAN_POINT('',(0.0025,0.0021,0.));
#4999=CARTESIAN_POINT('',(0.0025,0.00203333333333333,0.00144337567297406));
#5000=CARTESIAN_POINT('',(0.00125,0.00196666666666667,0.00216506350946109));
#5001=CARTESIAN_POINT('',(1.76762539787484E-19,0.0019,0.00288675134594813));
#5002=CARTESIAN_POINT('',(-0.00125,0.00183333333333333,0.00216506350946109));
#5003=CARTESIAN_POINT('',(-0.0025,0.00176666666666667,0.00144337567297406));
#5004=CARTESIAN_POINT('',(-0.0025,0.0017,3.06161699786838E-19));
#5005=CARTESIAN_POINT('',(-0.0025,0.00163333333333333,-0.00144337567297406));
#5006=CARTESIAN_POINT('',(-0.00125,0.00156666666666666,-0.00216506350946109));
#5007=CARTESIAN_POINT('',(-5.30287619362454E-19,0.0015,-0.00288675134594813));
#5008=CARTESIAN_POINT('',(0.00125,0.00143333333333333,-0.0021650635094611));
#5009=CARTESIAN_POINT('',(0.0025,0.00136666666666667,-0.00144337567297406));
#5010=CARTESIAN_POINT('',(0.0025,0.0013,0.));
#5011=CARTESIAN_POINT('',(0.0025,0.00123333333333333,0.00144337567297406));
#5012=CARTESIAN_POINT('',(0.00125,0.00116666666666667,0.00216506350946109));
#5013=CARTESIAN_POINT('',(1.76762539787484E-19,0.0011,0.00288675134594813));
#5014=CARTESIAN_POINT('',(-0.00125,0.00103333333333333,0.00216506350946109));
#5015=CARTESIAN_POINT('',(-0.0025,0.000966666666666666,0.00144337567297406));
#5016=CARTESIAN_POINT('',(-0.0025,0.0009,3.06161699786838E-19));
#5017=CARTESIAN_POINT('',(-0.0025,0.000833333333333333,-0.00144337567297406));
#5018=CARTESIAN_POINT('',(-0.00125,0.000766666666666666,-0.00216506350946109));
#5019=CARTESIAN_POINT('',(-5.30287619362454E-19,0.0007,-0.00288675134594813));
#5020=CARTESIAN_POINT('',(0.00125,0.000633333333333333,-0.0021650635094611));
#5021=CARTESIAN_POINT('',(0.0025,0.000566666666666665,-0.00144337567297406));
#5022=CARTESIAN_POINT('',(0.0025,0.0005,0.));
#5023=CARTESIAN_POINT('',(0.0025,0.000433333333333332,0.00144337567297406));
#5024=CARTESIAN_POINT('',(0.00125,0.000366666666666666,0.00216506350946109));
#5025=CARTESIAN_POINT('',(1.76762539787484E-19,0.000299999999999999,0.00288675134594813));
#5026=CARTESIAN_POINT('',(-0.00125,0.000233333333333333,0.00216506350946109));
#5027=CARTESIAN_POINT('',(-0.0025,0.000166666666666666,0.00144337567297406));
#5028=CARTESIAN_POINT('',(-0.0025,0.0001,3.06161699786838E-19));
#5029=CARTESIAN_POINT('',(-0.0025,3.71060032912671E-5,-0.00136169497238242));
#5030=CARTESIAN_POINT('',(-0.00135601899126231,-2.75143385311095E-5,-0.0021002886695252));
#5031=CARTESIAN_POINT('',(-0.00116896304217227,0.00452580536967201,-0.00170468821325093));
#5032=CARTESIAN_POINT('',(-0.00110288307589505,0.00452114270938482,-0.00175000150738038));
#5033=CARTESIAN_POINT('',(-0.00103349365,0.00451666666666667,-0.0017900635110998));
#5034=CARTESIAN_POINT('',(-4.3843910982777E-19,0.00445,-0.00238675134813307));
#5035=CARTESIAN_POINT('',(0.00103349365,0.00438333333333334,-0.00179006351109981));
#5036=CARTESIAN_POINT('',(0.0020669873,0.00431666666666666,-0.00119337567406654));
#5037=CARTESIAN_POINT('',(0.0020669873,0.00425,0.));
#5038=CARTESIAN_POINT('',(0.0020669873,0.00418333333333333,0.00119337567406654));
#5039=CARTESIAN_POINT('',(0.00103349365,0.00411666666666666,0.0017900635110998));
#5040=CARTESIAN_POINT('',(1.4614636994259E-19,0.00405,0.00238675134813307));
#5041=CARTESIAN_POINT('',(-0.00103349365,0.00398333333333334,0.0017900635110998));
#5042=CARTESIAN_POINT('',(-0.0020669873,0.00391666666666666,0.00119337567406654));
#5043=CARTESIAN_POINT('',(-0.0020669873,0.00385,2.53132938082323E-19));
#5044=CARTESIAN_POINT('',(-0.0020669873,0.00378333333333333,-0.00119337567406654));
#5045=CARTESIAN_POINT('',(-0.00103349365,0.00371666666666666,-0.0017900635110998));
#5046=CARTESIAN_POINT('',(-4.3843910982777E-19,0.00365,-0.00238675134813307));
#5047=CARTESIAN_POINT('',(0.00103349365,0.00358333333333334,-0.00179006351109981));
#5048=CARTESIAN_POINT('',(0.0020669873,0.00351666666666666,-0.00119337567406654));
#5049=CARTESIAN_POINT('',(0.0020669873,0.00345,0.));
#5050=CARTESIAN_POINT('',(0.0020669873,0.00338333333333333,0.00119337567406654));
#5051=CARTESIAN_POINT('',(0.00103349365,0.00331666666666667,0.0017900635110998));
#5052=CARTESIAN_POINT('',(1.4614636994259E-19,0.00325,0.00238675134813307));
#5053=CARTESIAN_POINT('',(-0.00103349365,0.00318333333333333,0.0017900635110998));
#5054=CARTESIAN_POINT('',(-0.0020669873,0.00311666666666667,0.00119337567406654));
#5055=CARTESIAN_POINT('',(-0.0020669873,0.00305,2.53132938082323E-19));
#5056=CARTESIAN_POINT('',(-0.0020669873,0.00298333333333333,-0.00119337567406654));
#5057=CARTESIAN_POINT('',(-0.00103349365,0.00291666666666667,-0.0017900635110998));
#5058=CARTESIAN_POINT('',(-4.3843910982777E-19,0.00285,-0.00238675134813307));
#5059=CARTESIAN_POINT('',(0.00103349365,0.00278333333333333,-0.00179006351109981));
#5060=CARTESIAN_POINT('',(0.0020669873,0.00271666666666667,-0.00119337567406654));
#5061=CARTESIAN_POINT('',(0.0020669873,0.00265,0.));
#5062=CARTESIAN_POINT('',(0.0020669873,0.00258333333333333,0.00119337567406654));
#5063=CARTESIAN_POINT('',(0.00103349365,0.00251666666666666,0.0017900635110998));
#5064=CARTESIAN_POINT('',(1.4614636994259E-19,0.00245,0.00238675134813307));
#5065=CARTESIAN_POINT('',(-0.00103349365,0.00238333333333333,0.0017900635110998));
#5066=CARTESIAN_POINT('',(-0.0020669873,0.00231666666666667,0.00119337567406654));
#5067=CARTESIAN_POINT('',(-0.0020669873,0.00225,2.53132938082323E-19));
#5068=CARTESIAN_POINT('',(-0.0020669873,0.00218333333333333,-0.00119337567406654));
#5069=CARTESIAN_POINT('',(-0.00103349365,0.00211666666666667,-0.0017900635110998));
#5070=CARTESIAN_POINT('',(-4.3843910982777E-19,0.00205,-0.00238675134813307));
#5071=CARTESIAN_POINT('',(0.00103349365,0.00198333333333333,-0.00179006351109981));
#5072=CARTESIAN_POINT('',(0.0020669873,0.00191666666666667,-0.00119337567406654));
#5073=CARTESIAN_POINT('',(0.0020669873,0.00185,0.));
#5074=CARTESIAN_POINT('',(0.0020669873,0.00178333333333333,0.00119337567406654));
#5075=CARTESIAN_POINT('',(0.00103349365,0.00171666666666667,0.0017900635110998));
#5076=CARTESIAN_POINT('',(1.4614636994259E-19,0.00165,0.00238675134813307));
#5077=CARTESIAN_POINT('',(-0.00103349365,0.00158333333333334,0.0017900635110998));
#5078=CARTESIAN_POINT('',(-0.0020669873,0.00151666666666667,0.00119337567406654));
#5079=CARTESIAN_POINT('',(-0.0020669873,0.00145,2.53132938082323E-19));
#5080=CARTESIAN_POINT('',(-0.0020669873,0.00138333333333333,-0.00119337567406654));
#5081=CARTESIAN_POINT('',(-0.00103349365,0.00131666666666667,-0.0017900635110998));
#5082=CARTESIAN_POINT('',(-4.3843910982777E-19,0.00125,-0.00238675134813307));
#5083=CARTESIAN_POINT('',(0.00103349365,0.00118333333333333,-0.00179006351109981));
#5084=CARTESIAN_POINT('',(0.0020669873,0.00111666666666667,-0.00119337567406654));
#5085=CARTESIAN_POINT('',(0.0020669873,0.00105,0.));
#5086=CARTESIAN_POINT('',(0.0020669873,0.000983333333333332,0.00119337567406654));
#5087=CARTESIAN_POINT('',(0.00103349365,0.000916666666666665,0.0017900635110998));
#5088=CARTESIAN_POINT('',(1.4614636994259E-19,0.000849999999999999,0.00238675134813307));
#5089=CARTESIAN_POINT('',(-0.00103349365,0.000783333333333332,0.0017900635110998));
#5090=CARTESIAN_POINT('',(-0.0020669873,0.000716666666666666,0.00119337567406654));
#5091=CARTESIAN_POINT('',(-0.0020669873,0.00065,2.53132938082323E-19));
#5092=CARTESIAN_POINT('',(-0.0020669873,0.000583333333333333,-0.00119337567406654));
#5093=CARTESIAN_POINT('',(-0.00103349365,0.000516666666666665,-0.0017900635110998));
#5094=CARTESIAN_POINT('',(-4.3843910982777E-19,0.000449999999999999,-0.00238675134813307));
#5095=CARTESIAN_POINT('',(0.00103349365,0.000383333333333333,-0.00179006351109981));
#5096=CARTESIAN_POINT('',(0.0020669873,0.000316666666666666,-0.00119337567406654));
#5097=CARTESIAN_POINT('',(0.0020669873,0.00025,0.));
#5098=CARTESIAN_POINT('',(0.0020669873,0.000183333333333332,0.00119337567406654));
#5099=CARTESIAN_POINT('',(0.00103349365,0.000116666666666666,0.0017900635110998));
#5100=CARTESIAN_POINT('',(1.4614636994259E-19,4.99999999999988E-5,0.00238675134813307));
#5101=CARTESIAN_POINT('',(-0.00103349365,-1.66666666666675E-5,0.0017900635110998));
#5102=CARTESIAN_POINT('',(-0.0020669873,-8.33333333333346E-5,0.00119337567406654));
#5103=CARTESIAN_POINT('',(-0.0020669873,-0.00015,2.53132938082323E-19));
#5104=CARTESIAN_POINT('',(-0.0020669873,-0.000212893996708733,-0.00112584248575532));
#5105=CARTESIAN_POINT('',(-0.0011211496133992,-0.00027751433853111,-0.001736508002497));
#5106=MECHANICAL_DESIGN_GEOMETRIC_PRESENTATION_REPRESENTATION('',(#998),
#5107);
#5107=(
GEOMETRIC_REPRESENTATION_CONTEXT(3)
GLOBAL_UNCERTAINTY_ASSIGNED_CONTEXT((#5108))
GLOBAL_UNIT_ASSIGNED_CONTEXT((#5111,#5110,#5109))
REPRESENTATION_CONTEXT('10_01_05_00406','TOP_LEVEL_ASSEMBLY_PART')
);
#5108=UNCERTAINTY_MEASURE_WITH_UNIT(LENGTH_MEASURE(2.E-5),#5111,
'DISTANCE_ACCURACY_VALUE','Maximum Tolerance applied to model');
#5109=(
NAMED_UNIT(*)
SI_UNIT($,.STERADIAN.)
SOLID_ANGLE_UNIT()
);
#5110=(
NAMED_UNIT(*)
PLANE_ANGLE_UNIT()
SI_UNIT($,.RADIAN.)
);
#5111=(
LENGTH_UNIT()
NAMED_UNIT(*)
SI_UNIT($,.METRE.)
);
#5112=PRODUCT_DEFINITION_SHAPE('','',#5113);
#5113=PRODUCT_DEFINITION('','',#5115,#5114);
#5114=PRODUCT_DEFINITION_CONTEXT('',#5121,'design');
#5115=PRODUCT_DEFINITION_FORMATION_WITH_SPECIFIED_SOURCE('','',#5117,
 .NOT_KNOWN.);
#5116=PRODUCT_RELATED_PRODUCT_CATEGORY('','',(#5117));
#5117=PRODUCT('10_01_05_00406','10_01_05_00406','10_01_05_00406',(#5119));
#5118=PRODUCT_CATEGORY('','');
#5119=PRODUCT_CONTEXT('',#5121,'mechanical');
#5120=APPLICATION_PROTOCOL_DEFINITION('international standard',
'ap242_managed_model_based_3d_engineering',2020,#5121);
#5121=APPLICATION_CONTEXT('managed model based 3d engineering');
ENDSEC;
END-ISO-10303-21;
